environment_rank,environment_key,parent_key,depth,observations,winners,hit_rate_percent,parent_observations,parent_adjusted_hit_rate_percent,adjusted_hit_rate_percent,lift_vs_root_pp,lift_vs_parent_pp,can_grow,environment,conditions_json,historical_row_count,ranking_score_percent,evidence_factor
1,red_warning=false AND spike_gap_bucket=40+ AND spike_score_bucket=325–350,spike_gap_bucket=40+ AND spike_score_bucket=325–350,3,21,16,76.1905,24,59.7019,68.1473,28.8616,8.4454,True,Röd varning = Nej -> SpikeGap = 40+ -> SpikeScore = 325–350,"[{""variable"":""Röd varning"",""column"":""red_warning"",""value"":false},{""variable"":""SpikeGap"",""column"":""spike_gap_bucket"",""value"":""40+""},{""variable"":""SpikeScore"",""column"":""spike_score_bucket"",""value"":""325–350""}]",21,58.8371,0.6774
2,race_type=3-hästarslopp AND red_warning=false AND spike_gap_bucket=40+ AND spike_score_bucket=325–350,race_type=3-hästarslopp AND red_warning=false AND spike_score_bucket=325–350,4,9,8,88.8889,10,72.718,80.3779,41.0922,7.6599,True,Lopptyp = 3-hästarslopp -> Röd varning = Nej -> SpikeGap = 40+ -> SpikeScore = 325–350,"[{""variable"":""Lopptyp"",""column"":""race_type"",""value"":""3-hästarslopp""},{""variable"":""Röd varning"",""column"":""red_warning"",""value"":false},{""variable"":""SpikeGap"",""column"":""spike_gap_bucket"",""value"":""40+""},{""variable"":""SpikeScore"",""column"":""spike_score_bucket"",""value"":""325–350""}]",9,58.7504,0.4737
3,race_type=Öppet lopp AND spike_gap_bucket=40+ AND spike_score_bucket=325–350 AND yellow_warning=false,spike_gap_bucket=40+ AND spike_score_bucket=325–350 AND yellow_warning=false,4,9,8,88.8889,13,69.5163,77.4415,38.1557,7.9252,True,Lopptyp = Öppet lopp -> SpikeGap = 40+ -> SpikeScore = 325–350 -> Gul varning = Nej,"[{""variable"":""Lopptyp"",""column"":""race_type"",""value"":""Öppet lopp""},{""variable"":""SpikeGap"",""column"":""spike_gap_bucket"",""value"":""40+""},{""variable"":""SpikeScore"",""column"":""spike_score_bucket"",""value"":""325–350""},{""variable"":""Gul varning"",""column"":""yellow_warning"",""value"":false}]",9,57.3595,0.4737
4,race_type=3-hästarslopp AND score_gap_bucket=20+ AND spike_gap_bucket=40+ AND spike_score_bucket=325–350,race_type=3-hästarslopp AND score_gap_bucket=20+ AND spike_score_bucket=325–350,4,8,7,87.5,9,71.4189,78.9865,39.7008,7.5676,True,Lopptyp = 3-hästarslopp -> ScoreGap = 20+ -> SpikeGap = 40+ -> SpikeScore = 325–350,"[{""variable"":""Lopptyp"",""column"":""race_type"",""value"":""3-hästarslopp""},{""variable"":""ScoreGap"",""column"":""score_gap_bucket"",""value"":""20+""},{""variable"":""SpikeGap"",""column"":""spike_gap_bucket"",""value"":""40+""},{""variable"":""SpikeScore"",""column"":""spike_score_bucket"",""value"":""325–350""}]",8,56.9305,0.4444
5,spike_gap_bucket=40+ AND spike_score_bucket=325–350 AND yellow_warning=false,spike_gap_bucket=40+ AND spike_score_bucket=325–350,3,13,11,84.6154,24,59.7019,69.5163,30.2306,9.8144,True,SpikeGap = 40+ -> SpikeScore = 325–350 -> Gul varning = Nej,"[{""variable"":""SpikeGap"",""column"":""spike_gap_bucket"",""value"":""40+""},{""variable"":""SpikeScore"",""column"":""spike_score_bucket"",""value"":""325–350""},{""variable"":""Gul varning"",""column"":""yellow_warning"",""value"":false}]",13,56.3726,0.5652
6,race_type=3-hästarslopp AND red_warning=false AND spike_score_bucket=325–350,race_type=3-hästarslopp AND spike_score_bucket=325–350,3,10,9,90.0,12,58.3164,72.718,33.4323,14.4016,True,Lopptyp = 3-hästarslopp -> Röd varning = Nej -> SpikeScore = 325–350,"[{""variable"":""Lopptyp"",""column"":""race_type"",""value"":""3-hästarslopp""},{""variable"":""Röd varning"",""column"":""red_warning"",""value"":false},{""variable"":""SpikeScore"",""column"":""spike_score_bucket"",""value"":""325–350""}]",10,56.0019,0.5
7,race_type=3-hästarslopp AND red_warning=false AND spike_gap_bucket=40+,race_type=3-hästarslopp AND spike_gap_bucket=40+,3,35,22,62.8571,39,55.3581,60.1302,20.8445,4.7721,True,Lopptyp = 3-hästarslopp -> Röd varning = Nej -> SpikeGap = 40+,"[{""variable"":""Lopptyp"",""column"":""race_type"",""value"":""3-hästarslopp""},{""variable"":""Röd varning"",""column"":""red_warning"",""value"":false},{""variable"":""SpikeGap"",""column"":""spike_gap_bucket"",""value"":""40+""}]",35,55.4981,0.7778
8,race_type=3-hästarslopp AND red_warning=false AND spike_gap_bucket=40+ AND spread_bucket=80+,race_type=3-hästarslopp AND red_warning=false AND spike_gap_bucket=40+,4,24,15,62.5,35,60.1302,61.4228,22.1371,1.2926,True,Lopptyp = 3-hästarslopp -> Röd varning = Nej -> SpikeGap = 40+ -> Spread = 80+,"[{""variable"":""Lopptyp"",""column"":""race_type"",""value"":""3-hästarslopp""},{""variable"":""Röd varning"",""column"":""red_warning"",""value"":false},{""variable"":""SpikeGap"",""column"":""spike_gap_bucket"",""value"":""40+""},{""variable"":""Spread"",""column"":""spread_bucket"",""value"":""80+""}]",24,54.9119,0.7059
9,race_type=Öppet lopp AND red_warning=false AND spike_gap_bucket=40+ AND spike_score_bucket=325–350,red_warning=false AND spike_gap_bucket=40+ AND spike_score_bucket=325–350,4,12,8,66.6667,21,68.1473,67.5921,28.3063,-0.5552,True,Lopptyp = Öppet lopp -> Röd varning = Nej -> SpikeGap = 40+ -> SpikeScore = 325–350,"[{""variable"":""Lopptyp"",""column"":""race_type"",""value"":""Öppet lopp""},{""variable"":""Röd varning"",""column"":""red_warning"",""value"":false},{""variable"":""SpikeGap"",""column"":""spike_gap_bucket"",""value"":""40+""},{""variable"":""SpikeScore"",""column"":""spike_score_bucket"",""value"":""325–350""}]",12,54.7256,0.5455
10,race_type=3-hästarslopp AND score_gap_bucket=20+ AND spike_gap_bucket=40+ AND spread_bucket=80+,race_type=3-hästarslopp AND score_gap_bucket=20+ AND spike_gap_bucket=40+,4,20,13,65.0,27,59.7269,62.3635,23.0777,2.6365,True,Lopptyp = 3-hästarslopp -> ScoreGap = 20+ -> SpikeGap = 40+ -> Spread = 80+,"[{""variable"":""Lopptyp"",""column"":""race_type"",""value"":""3-hästarslopp""},{""variable"":""ScoreGap"",""column"":""score_gap_bucket"",""value"":""20+""},{""variable"":""SpikeGap"",""column"":""spike_gap_bucket"",""value"":""40+""},{""variable"":""Spread"",""column"":""spread_bucket"",""value"":""80+""}]",20,54.6709,0.6667
11,score_gap_bucket=20+ AND spike_gap_bucket=40+ AND spike_score_bucket=325–350,spike_gap_bucket=40+ AND spike_score_bucket=325–350,3,13,10,76.9231,24,59.7019,66.486,27.2003,6.7841,True,ScoreGap = 20+ -> SpikeGap = 40+ -> SpikeScore = 325–350,"[{""variable"":""ScoreGap"",""column"":""score_gap_bucket"",""value"":""20+""},{""variable"":""SpikeGap"",""column"":""spike_gap_bucket"",""value"":""40+""},{""variable"":""SpikeScore"",""column"":""spike_score_bucket"",""value"":""325–350""}]",13,54.6598,0.5652
12,race_type=3-hästarslopp AND score_gap_bucket=20+ AND spike_score_bucket=325–350,race_type=3-hästarslopp AND spike_score_bucket=325–350,3,9,8,88.8889,12,58.3164,71.4189,32.1332,13.1025,True,Lopptyp = 3-hästarslopp -> ScoreGap = 20+ -> SpikeScore = 325–350,"[{""variable"":""Lopptyp"",""column"":""race_type"",""value"":""3-hästarslopp""},{""variable"":""ScoreGap"",""column"":""score_gap_bucket"",""value"":""20+""},{""variable"":""SpikeScore"",""column"":""spike_score_bucket"",""value"":""325–350""}]",9,54.5067,0.4737
13,race_type=3-hästarslopp AND score_gap_bucket=20+ AND spike_gap_bucket=40+,race_type=3-hästarslopp AND spike_gap_bucket=40+,3,27,17,62.963,39,55.3581,59.7269,20.4411,4.3688,True,Lopptyp = 3-hästarslopp -> ScoreGap = 20+ -> SpikeGap = 40+,"[{""variable"":""Lopptyp"",""column"":""race_type"",""value"":""3-hästarslopp""},{""variable"":""ScoreGap"",""column"":""score_gap_bucket"",""value"":""20+""},{""variable"":""SpikeGap"",""column"":""spike_gap_bucket"",""value"":""40+""}]",27,54.2023,0.7297
14,spike_gap_bucket=40+ AND spike_score_bucket=325–350,spike_gap_bucket=40+,2,24,17,70.8333,107,46.3442,59.7019,20.4162,13.3577,True,SpikeGap = 40+ -> SpikeScore = 325–350,"[{""variable"":""SpikeGap"",""column"":""spike_gap_bucket"",""value"":""40+""},{""variable"":""SpikeScore"",""column"":""spike_score_bucket"",""value"":""325–350""}]",24,53.6971,0.7059
15,score_gap_bucket=20+ AND spike_gap_bucket=40+ AND spread_bucket=80+ AND yellow_warning=false,score_gap_bucket=20+ AND spike_gap_bucket=40+ AND spread_bucket=80+,4,16,11,68.75,33,57.698,62.61,23.3243,4.912,True,ScoreGap = 20+ -> SpikeGap = 40+ -> Spread = 80+ -> Gul varning = Nej,"[{""variable"":""ScoreGap"",""column"":""score_gap_bucket"",""value"":""20+""},{""variable"":""SpikeGap"",""column"":""spike_gap_bucket"",""value"":""40+""},{""variable"":""Spread"",""column"":""spread_bucket"",""value"":""80+""},{""variable"":""Gul varning"",""column"":""yellow_warning"",""value"":false}]",16,53.6391,0.6154
16,race_type=3-hästarslopp AND red_warning=false AND spike_score_bucket=325–350 AND yellow_warning=true,race_type=3-hästarslopp AND red_warning=false AND spike_score_bucket=325–350,4,5,5,100.0,10,72.718,81.812,42.5263,9.094,True,Lopptyp = 3-hästarslopp -> Röd varning = Nej -> SpikeScore = 325–350 -> Gul varning = Ja,"[{""variable"":""Lopptyp"",""column"":""race_type"",""value"":""3-hästarslopp""},{""variable"":""Röd varning"",""column"":""red_warning"",""value"":false},{""variable"":""SpikeScore"",""column"":""spike_score_bucket"",""value"":""325–350""},{""variable"":""Gul varning"",""column"":""yellow_warning"",""value"":true}]",5,53.4611,0.3333
17,score_gap_bucket=20+ AND spike_gap_bucket=40+ AND spread_bucket=80+,spike_gap_bucket=40+ AND spread_bucket=80+,3,33,20,60.6061,41,52.8997,57.698,18.4123,4.7983,True,ScoreGap = 20+ -> SpikeGap = 40+ -> Spread = 80+,"[{""variable"":""ScoreGap"",""column"":""score_gap_bucket"",""value"":""20+""},{""variable"":""SpikeGap"",""column"":""spike_gap_bucket"",""value"":""40+""},{""variable"":""Spread"",""column"":""spread_bucket"",""value"":""80+""}]",33,53.4161,0.7674
18,race_type=3-hästarslopp AND score_gap_bucket=20+ AND spike_gap_bucket=40+ AND yellow_warning=true,race_type=3-hästarslopp AND score_gap_bucket=20+ AND spike_gap_bucket=40+,4,15,10,66.6667,27,59.7269,62.7011,23.4154,2.9742,True,Lopptyp = 3-hästarslopp -> ScoreGap = 20+ -> SpikeGap = 40+ -> Gul varning = Ja,"[{""variable"":""Lopptyp"",""column"":""race_type"",""value"":""3-hästarslopp""},{""variable"":""ScoreGap"",""column"":""score_gap_bucket"",""value"":""20+""},{""variable"":""SpikeGap"",""column"":""spike_gap_bucket"",""value"":""40+""},{""variable"":""Gul varning"",""column"":""yellow_warning"",""value"":true}]",15,53.3349,0.6
19,race_type=3-hästarslopp AND red_warning=false AND spike_score_bucket=325–350 AND spread_bucket=80+,race_type=3-hästarslopp AND red_warning=false AND spike_score_bucket=325–350,4,6,5,83.3333,10,72.718,76.6988,37.413,3.9808,True,Lopptyp = 3-hästarslopp -> Röd varning = Nej -> SpikeScore = 325–350 -> Spread = 80+,"[{""variable"":""Lopptyp"",""column"":""race_type"",""value"":""3-hästarslopp""},{""variable"":""Röd varning"",""column"":""red_warning"",""value"":false},{""variable"":""SpikeScore"",""column"":""spike_score_bucket"",""value"":""325–350""},{""variable"":""Spread"",""column"":""spread_bucket"",""value"":""80+""}]",6,53.3156,0.375
20,race_type=3-hästarslopp AND red_warning=false AND spike_gap_bucket=40+ AND yellow_warning=true,race_type=3-hästarslopp AND red_warning=false AND spike_gap_bucket=40+,4,18,11,61.1111,35,60.1302,60.5948,21.3091,0.4646,True,Lopptyp = 3-hästarslopp -> Röd varning = Nej -> SpikeGap = 40+ -> Gul varning = Ja,"[{""variable"":""Lopptyp"",""column"":""race_type"",""value"":""3-hästarslopp""},{""variable"":""Röd varning"",""column"":""red_warning"",""value"":false},{""variable"":""SpikeGap"",""column"":""spike_gap_bucket"",""value"":""40+""},{""variable"":""Gul varning"",""column"":""yellow_warning"",""value"":true}]",18,52.9844,0.6429
21,race_type=3-hästarslopp AND spike_gap_bucket=40+ AND spike_score_bucket=325–350,spike_gap_bucket=40+ AND spike_score_bucket=325–350,3,10,8,80.0,24,59.7019,66.4679,27.1822,6.766,True,Lopptyp = 3-hästarslopp -> SpikeGap = 40+ -> SpikeScore = 325–350,"[{""variable"":""Lopptyp"",""column"":""race_type"",""value"":""3-hästarslopp""},{""variable"":""SpikeGap"",""column"":""spike_gap_bucket"",""value"":""40+""},{""variable"":""SpikeScore"",""column"":""spike_score_bucket"",""value"":""325–350""}]",10,52.8768,0.5
22,race_type=3-hästarslopp AND score_gap_bucket=20+ AND spread_bucket=80+ AND yellow_warning=false,race_type=3-hästarslopp AND score_gap_bucket=20+ AND yellow_warning=false,4,19,12,63.1579,24,56.399,59.6918,20.4061,3.2928,True,Lopptyp = 3-hästarslopp -> ScoreGap = 20+ -> Spread = 80+ -> Gul varning = Nej,"[{""variable"":""Lopptyp"",""column"":""race_type"",""value"":""3-hästarslopp""},{""variable"":""ScoreGap"",""column"":""score_gap_bucket"",""value"":""20+""},{""variable"":""Spread"",""column"":""spread_bucket"",""value"":""80+""},{""variable"":""Gul varning"",""column"":""yellow_warning"",""value"":false}]",19,52.6552,0.6552
23,red_warning=false AND spike_gap_bucket=40+ AND spread_bucket=80+,spike_gap_bucket=40+ AND spread_bucket=80+,3,40,23,57.5,41,52.8997,55.9666,16.6809,3.0669,True,Röd varning = Nej -> SpikeGap = 40+ -> Spread = 80+,"[{""variable"":""Röd varning"",""column"":""red_warning"",""value"":false},{""variable"":""SpikeGap"",""column"":""spike_gap_bucket"",""value"":""40+""},{""variable"":""Spread"",""column"":""spread_bucket"",""value"":""80+""}]",40,52.6304,0.8
24,race_type=3-hästarslopp AND spike_gap_bucket=40+ AND spread_bucket=80+,race_type=3-hästarslopp AND spike_gap_bucket=40+,3,25,15,60.0,39,55.3581,57.9369,18.6512,2.5788,True,Lopptyp = 3-hästarslopp -> SpikeGap = 40+ -> Spread = 80+,"[{""variable"":""Lopptyp"",""column"":""race_type"",""value"":""3-hästarslopp""},{""variable"":""SpikeGap"",""column"":""spike_gap_bucket"",""value"":""40+""},{""variable"":""Spread"",""column"":""spread_bucket"",""value"":""80+""}]",25,52.608,0.7143
25,score_gap_bucket=20+ AND spike_gap_bucket=40+ AND yellow_warning=false,spike_gap_bucket=40+ AND yellow_warning=false,3,28,17,60.7143,53,52.4231,57.2596,17.9739,4.8365,True,ScoreGap = 20+ -> SpikeGap = 40+ -> Gul varning = Nej,"[{""variable"":""ScoreGap"",""column"":""score_gap_bucket"",""value"":""20+""},{""variable"":""SpikeGap"",""column"":""spike_gap_bucket"",""value"":""40+""},{""variable"":""Gul varning"",""column"":""yellow_warning"",""value"":false}]",28,52.5296,0.7368
26,race_type=3-hästarslopp AND score_gap_bucket=20+ AND spike_gap_bucket=40+ AND spread_bucket=80+ AND yellow_warning=false,race_type=3-hästarslopp AND spike_gap_bucket=40+ AND spread_bucket=80+ AND yellow_warning=false,5,8,6,75.0,10,63.4852,68.6029,29.3172,5.1177,False,Lopptyp = 3-hästarslopp -> ScoreGap = 20+ -> SpikeGap = 40+ -> Spread = 80+ -> Gul varning = Nej,"[{""variable"":""Lopptyp"",""column"":""race_type"",""value"":""3-hästarslopp""},{""variable"":""ScoreGap"",""column"":""score_gap_bucket"",""value"":""20+""},{""variable"":""SpikeGap"",""column"":""spike_gap_bucket"",""value"":""40+""},{""variable"":""Spread"",""column"":""spread_bucket"",""value"":""80+""},{""variable"":""Gul varning"",""column"":""yellow_warning"",""value"":false}]",8,52.3156,0.4444
27,race_type=Öppet lopp AND spike_gap_bucket=40+ AND spike_score_bucket=325–350,spike_gap_bucket=40+ AND spike_score_bucket=325–350,3,14,9,64.2857,24,59.7019,61.5894,22.3036,1.8875,True,Lopptyp = Öppet lopp -> SpikeGap = 40+ -> SpikeScore = 325–350,"[{""variable"":""Lopptyp"",""column"":""race_type"",""value"":""Öppet lopp""},{""variable"":""SpikeGap"",""column"":""spike_gap_bucket"",""value"":""40+""},{""variable"":""SpikeScore"",""column"":""spike_score_bucket"",""value"":""325–350""}]",14,52.2962,0.5833
28,score_gap_bucket=20+ AND spike_gap_bucket=40+ AND spike_score_bucket=325–350 AND yellow_warning=false,spike_gap_bucket=40+ AND spike_score_bucket=325–350 AND yellow_warning=false,4,6,5,83.3333,13,69.5163,73.8796,34.5939,4.3633,True,ScoreGap = 20+ -> SpikeGap = 40+ -> SpikeScore = 325–350 -> Gul varning = Nej,"[{""variable"":""ScoreGap"",""column"":""score_gap_bucket"",""value"":""20+""},{""variable"":""SpikeGap"",""column"":""spike_gap_bucket"",""value"":""40+""},{""variable"":""SpikeScore"",""column"":""spike_score_bucket"",""value"":""325–350""},{""variable"":""Gul varning"",""column"":""yellow_warning"",""value"":false}]",6,52.2584,0.375
29,spike_gap_bucket=40+ AND spike_score_bucket=325–350 AND spread_bucket=<60 AND yellow_warning=false,spike_gap_bucket=40+ AND spike_score_bucket=325–350 AND yellow_warning=false,4,5,5,100.0,13,69.5163,77.984,38.6983,8.4677,True,SpikeGap = 40+ -> SpikeScore = 325–350 -> Spread = <60 -> Gul varning = Nej,"[{""variable"":""SpikeGap"",""column"":""spike_gap_bucket"",""value"":""40+""},{""variable"":""SpikeScore"",""column"":""spike_score_bucket"",""value"":""325–350""},{""variable"":""Spread"",""column"":""spread_bucket"",""value"":""<60""},{""variable"":""Gul varning"",""column"":""yellow_warning"",""value"":false}]",5,52.1851,0.3333
30,race_type=3-hästarslopp AND spike_gap_bucket=40+ AND yellow_warning=false,race_type=3-hästarslopp AND spike_gap_bucket=40+,3,17,11,64.7059,39,55.3581,59.653,20.3673,4.2949,True,Lopptyp = 3-hästarslopp -> SpikeGap = 40+ -> Gul varning = Nej,"[{""variable"":""Lopptyp"",""column"":""race_type"",""value"":""3-hästarslopp""},{""variable"":""SpikeGap"",""column"":""spike_gap_bucket"",""value"":""40+""},{""variable"":""Gul varning"",""column"":""yellow_warning"",""value"":false}]",17,52.1096,0.6296
31,race_type=3-hästarslopp AND spike_gap_bucket=40+,race_type=3-hästarslopp,2,39,23,58.9744,77,48.3063,55.3581,16.0724,7.0518,True,Lopptyp = 3-hästarslopp -> SpikeGap = 40+,"[{""variable"":""Lopptyp"",""column"":""race_type"",""value"":""3-hästarslopp""},{""variable"":""SpikeGap"",""column"":""spike_gap_bucket"",""value"":""40+""}]",39,52.078,0.7959
32,race_type=3-hästarslopp AND spike_gap_bucket=40+ AND spike_score_bucket=325–350 AND yellow_warning=true,race_type=3-hästarslopp AND spike_gap_bucket=40+ AND spike_score_bucket=325–350,4,6,5,83.3333,10,66.4679,72.7924,33.5067,6.3245,True,Lopptyp = 3-hästarslopp -> SpikeGap = 40+ -> SpikeScore = 325–350 -> Gul varning = Ja,"[{""variable"":""Lopptyp"",""column"":""race_type"",""value"":""3-hästarslopp""},{""variable"":""SpikeGap"",""column"":""spike_gap_bucket"",""value"":""40+""},{""variable"":""SpikeScore"",""column"":""spike_score_bucket"",""value"":""325–350""},{""variable"":""Gul varning"",""column"":""yellow_warning"",""value"":true}]",6,51.8507,0.375
33,race_type=Öppet lopp AND score_gap_bucket=20+ AND spike_gap_bucket=40+ AND yellow_warning=false,score_gap_bucket=20+ AND spike_gap_bucket=40+ AND yellow_warning=false,4,16,10,62.5,28,57.2596,59.5887,20.303,2.3291,True,Lopptyp = Öppet lopp -> ScoreGap = 20+ -> SpikeGap = 40+ -> Gul varning = Nej,"[{""variable"":""Lopptyp"",""column"":""race_type"",""value"":""Öppet lopp""},{""variable"":""ScoreGap"",""column"":""score_gap_bucket"",""value"":""20+""},{""variable"":""SpikeGap"",""column"":""spike_gap_bucket"",""value"":""40+""},{""variable"":""Gul varning"",""column"":""yellow_warning"",""value"":false}]",16,51.7799,0.6154
34,spike_gap_bucket=40+ AND spread_bucket=80+ AND yellow_warning=false,spike_gap_bucket=40+ AND spread_bucket=80+,3,21,13,61.9048,41,52.8997,57.512,18.2263,4.6123,True,SpikeGap = 40+ -> Spread = 80+ -> Gul varning = Nej,"[{""variable"":""SpikeGap"",""column"":""spike_gap_bucket"",""value"":""40+""},{""variable"":""Spread"",""column"":""spread_bucket"",""value"":""80+""},{""variable"":""Gul varning"",""column"":""yellow_warning"",""value"":false}]",21,51.6326,0.6774
35,red_warning=false AND spike_gap_bucket=40+ AND spike_score_bucket=325–350 AND spread_bucket=<60,red_warning=false AND spike_gap_bucket=40+ AND spike_score_bucket=325–350,4,7,5,71.4286,21,68.1473,68.998,29.7123,0.8507,True,Röd varning = Nej -> SpikeGap = 40+ -> SpikeScore = 325–350 -> Spread = <60,"[{""variable"":""Röd varning"",""column"":""red_warning"",""value"":false},{""variable"":""SpikeGap"",""column"":""spike_gap_bucket"",""value"":""40+""},{""variable"":""SpikeScore"",""column"":""spike_score_bucket"",""value"":""325–350""},{""variable"":""Spread"",""column"":""spread_bucket"",""value"":""<60""}]",7,51.5202,0.4118
36,score_gap_bucket=20+ AND spike_gap_bucket=40+ AND spike_score_bucket=325–350 AND spread_bucket=80+,score_gap_bucket=20+ AND spike_gap_bucket=40+ AND spike_score_bucket=325–350,4,6,5,83.3333,13,66.486,71.8062,32.5205,5.3202,True,ScoreGap = 20+ -> SpikeGap = 40+ -> SpikeScore = 325–350 -> Spread = 80+,"[{""variable"":""ScoreGap"",""column"":""score_gap_bucket"",""value"":""20+""},{""variable"":""SpikeGap"",""column"":""spike_gap_bucket"",""value"":""40+""},{""variable"":""SpikeScore"",""column"":""spike_score_bucket"",""value"":""325–350""},{""variable"":""Spread"",""column"":""spread_bucket"",""value"":""80+""}]",6,51.4809,0.375
37,red_warning=false AND spike_gap_bucket=40+ AND spike_score_bucket=325–350 AND yellow_warning=true,red_warning=false AND spike_gap_bucket=40+ AND spike_score_bucket=325–350,4,8,5,62.5,21,68.1473,66.5338,27.2481,-1.6135,True,Röd varning = Nej -> SpikeGap = 40+ -> SpikeScore = 325–350 -> Gul varning = Ja,"[{""variable"":""Röd varning"",""column"":""red_warning"",""value"":false},{""variable"":""SpikeGap"",""column"":""spike_gap_bucket"",""value"":""40+""},{""variable"":""SpikeScore"",""column"":""spike_score_bucket"",""value"":""325–350""},{""variable"":""Gul varning"",""column"":""yellow_warning"",""value"":true}]",8,51.396,0.4444
38,race_type=3-hästarslopp AND spike_gap_bucket=40+ AND spread_bucket=80+ AND yellow_warning=false,race_type=3-hästarslopp AND spike_gap_bucket=40+ AND yellow_warning=false,4,10,7,70.0,17,59.653,63.4852,24.1995,3.8322,True,Lopptyp = 3-hästarslopp -> SpikeGap = 40+ -> Spread = 80+ -> Gul varning = Nej,"[{""variable"":""Lopptyp"",""column"":""race_type"",""value"":""3-hästarslopp""},{""variable"":""SpikeGap"",""column"":""spike_gap_bucket"",""value"":""40+""},{""variable"":""Spread"",""column"":""spread_bucket"",""value"":""80+""},{""variable"":""Gul varning"",""column"":""yellow_warning"",""value"":false}]",10,51.3855,0.5
39,race_type=3-hästarslopp AND score_gap_bucket=20+ AND yellow_warning=false,race_type=3-hästarslopp AND yellow_warning=false,3,24,14,58.3333,33,54.0778,56.399,17.1133,2.3212,True,Lopptyp = 3-hästarslopp -> ScoreGap = 20+ -> Gul varning = Nej,"[{""variable"":""Lopptyp"",""column"":""race_type"",""value"":""3-hästarslopp""},{""variable"":""ScoreGap"",""column"":""score_gap_bucket"",""value"":""20+""},{""variable"":""Gul varning"",""column"":""yellow_warning"",""value"":false}]",24,51.3657,0.7059
40,red_warning=false AND spike_gap_bucket=40+ AND spread_bucket=70–80,spike_gap_bucket=40+ AND spread_bucket=70–80,3,15,10,66.6667,18,53.3391,59.3971,20.1114,6.058,True,Röd varning = Nej -> SpikeGap = 40+ -> Spread = 70–80,"[{""variable"":""Röd varning"",""column"":""red_warning"",""value"":false},{""variable"":""SpikeGap"",""column"":""spike_gap_bucket"",""value"":""40+""},{""variable"":""Spread"",""column"":""spread_bucket"",""value"":""70–80""}]",15,51.3525,0.6
41,score_gap_bucket=20+ AND spike_gap_bucket=40+ AND spike_score_bucket=325–350 AND yellow_warning=true,score_gap_bucket=20+ AND spike_gap_bucket=40+ AND spike_score_bucket=325–350,4,7,5,71.4286,13,66.486,68.2159,28.9302,1.7299,True,ScoreGap = 20+ -> SpikeGap = 40+ -> SpikeScore = 325–350 -> Gul varning = Ja,"[{""variable"":""ScoreGap"",""column"":""score_gap_bucket"",""value"":""20+""},{""variable"":""SpikeGap"",""column"":""spike_gap_bucket"",""value"":""40+""},{""variable"":""SpikeScore"",""column"":""spike_score_bucket"",""value"":""325–350""},{""variable"":""Gul varning"",""column"":""yellow_warning"",""value"":true}]",7,51.1981,0.4118
42,race_type=3-hästarslopp AND red_warning=false AND spike_gap_bucket=40+ AND spread_bucket=80+ AND yellow_warning=true,race_type=3-hästarslopp AND red_warning=false AND spike_gap_bucket=40+ AND spread_bucket=80+,5,14,8,57.1429,24,61.4228,59.6605,20.3748,-1.7623,False,Lopptyp = 3-hästarslopp -> Röd varning = Nej -> SpikeGap = 40+ -> Spread = 80+ -> Gul varning = Ja,"[{""variable"":""Lopptyp"",""column"":""race_type"",""value"":""3-hästarslopp""},{""variable"":""Röd varning"",""column"":""red_warning"",""value"":false},{""variable"":""SpikeGap"",""column"":""spike_gap_bucket"",""value"":""40+""},{""variable"":""Spread"",""column"":""spread_bucket"",""value"":""80+""},{""variable"":""Gul varning"",""column"":""yellow_warning"",""value"":true}]",14,51.171,0.5833
43,race_type=3-hästarslopp AND red_warning=false AND spike_score_bucket=325–350 AND spread_bucket=70–80,race_type=3-hästarslopp AND red_warning=false AND spike_score_bucket=325–350,4,4,4,100.0,10,72.718,80.5129,41.2271,7.7949,False,Lopptyp = 3-hästarslopp -> Röd varning = Nej -> SpikeScore = 325–350 -> Spread = 70–80,"[{""variable"":""Lopptyp"",""column"":""race_type"",""value"":""3-hästarslopp""},{""variable"":""Röd varning"",""column"":""red_warning"",""value"":false},{""variable"":""SpikeScore"",""column"":""spike_score_bucket"",""value"":""325–350""},{""variable"":""Spread"",""column"":""spread_bucket"",""value"":""70–80""}]",4,51.0649,0.2857
44,race_type=3-hästarslopp AND score_gap_bucket=20+ AND spike_gap_bucket=40+ AND spread_bucket=80+ AND yellow_warning=true,race_type=3-hästarslopp AND score_gap_bucket=20+ AND spike_gap_bucket=40+ AND yellow_warning=true,5,12,7,58.3333,15,62.7011,60.7599,21.4742,-1.9412,False,Lopptyp = 3-hästarslopp -> ScoreGap = 20+ -> SpikeGap = 40+ -> Spread = 80+ -> Gul varning = Ja,"[{""variable"":""Lopptyp"",""column"":""race_type"",""value"":""3-hästarslopp""},{""variable"":""ScoreGap"",""column"":""score_gap_bucket"",""value"":""20+""},{""variable"":""SpikeGap"",""column"":""spike_gap_bucket"",""value"":""40+""},{""variable"":""Spread"",""column"":""spread_bucket"",""value"":""80+""},{""variable"":""Gul varning"",""column"":""yellow_warning"",""value"":true}]",12,50.9989,0.5455
45,race_type=3-hästarslopp AND red_warning=false AND spike_gap_bucket=40+ AND spread_bucket=70–80,race_type=3-hästarslopp AND red_warning=false AND spike_gap_bucket=40+,4,11,7,63.6364,35,60.1302,61.3743,22.0886,1.2441,True,Lopptyp = 3-hästarslopp -> Röd varning = Nej -> SpikeGap = 40+ -> Spread = 70–80,"[{""variable"":""Lopptyp"",""column"":""race_type"",""value"":""3-hästarslopp""},{""variable"":""Röd varning"",""column"":""red_warning"",""value"":false},{""variable"":""SpikeGap"",""column"":""spike_gap_bucket"",""value"":""40+""},{""variable"":""Spread"",""column"":""spread_bucket"",""value"":""70–80""}]",11,50.8559,0.5238
46,red_warning=false AND spike_gap_bucket=0–10 AND spike_score_bucket=350–375,spike_gap_bucket=0–10 AND spike_score_bucket=350–375,3,11,8,72.7273,13,51.0198,60.9691,21.6833,9.9493,True,Röd varning = Nej -> SpikeGap = 0–10 -> SpikeScore = 350–375,"[{""variable"":""Röd varning"",""column"":""red_warning"",""value"":false},{""variable"":""SpikeGap"",""column"":""spike_gap_bucket"",""value"":""0–10""},{""variable"":""SpikeScore"",""column"":""spike_score_bucket"",""value"":""350–375""}]",11,50.6437,0.5238
47,race_type=3-hästarslopp AND yellow_warning=false,race_type=3-hästarslopp,2,33,19,57.5758,77,48.3063,54.0778,14.7921,5.7715,True,Lopptyp = 3-hästarslopp -> Gul varning = Nej,"[{""variable"":""Lopptyp"",""column"":""race_type"",""value"":""3-hästarslopp""},{""variable"":""Gul varning"",""column"":""yellow_warning"",""value"":false}]",33,50.6378,0.7674
48,red_warning=false AND spike_gap_bucket=0–10 AND spread_bucket=80+ AND yellow_warning=true,spike_gap_bucket=0–10 AND spread_bucket=80+ AND yellow_warning=true,4,8,6,75.0,11,57.2664,64.7332,25.4475,7.4668,True,Röd varning = Nej -> SpikeGap = 0–10 -> Spread = 80+ -> Gul varning = Ja,"[{""variable"":""Röd varning"",""column"":""red_warning"",""value"":false},{""variable"":""SpikeGap"",""column"":""spike_gap_bucket"",""value"":""0–10""},{""variable"":""Spread"",""column"":""spread_bucket"",""value"":""80+""},{""variable"":""Gul varning"",""column"":""yellow_warning"",""value"":true}]",8,50.5957,0.4444
49,race_type=3-hästarslopp AND spread_bucket=80+ AND yellow_warning=false,race_type=3-hästarslopp AND yellow_warning=false,3,23,13,56.5217,33,54.0778,55.385,16.0993,1.3072,True,Lopptyp = 3-hästarslopp -> Spread = 80+ -> Gul varning = Nej,"[{""variable"":""Lopptyp"",""column"":""race_type"",""value"":""3-hästarslopp""},{""variable"":""Spread"",""column"":""spread_bucket"",""value"":""80+""},{""variable"":""Gul varning"",""column"":""yellow_warning"",""value"":false}]",23,50.5064,0.697
50,race_type=3-hästarslopp AND score_gap_bucket=20+ AND spread_bucket=80+,race_type=3-hästarslopp AND score_gap_bucket=20+,3,45,24,53.3333,56,52.1859,52.9803,13.6946,0.7944,True,Lopptyp = 3-hästarslopp -> ScoreGap = 20+ -> Spread = 80+,"[{""variable"":""Lopptyp"",""column"":""race_type"",""value"":""3-hästarslopp""},{""variable"":""ScoreGap"",""column"":""score_gap_bucket"",""value"":""20+""},{""variable"":""Spread"",""column"":""spread_bucket"",""value"":""80+""}]",45,50.4904,0.8182
51,score_gap_bucket=20+ AND spike_gap_bucket=40+ AND spike_score_bucket=350–375 AND yellow_warning=false,score_gap_bucket=20+ AND spike_gap_bucket=40+ AND yellow_warning=false,4,13,8,61.5385,28,57.2596,58.9452,19.6595,1.6856,True,ScoreGap = 20+ -> SpikeGap = 40+ -> SpikeScore = 350–375 -> Gul varning = Nej,"[{""variable"":""ScoreGap"",""column"":""score_gap_bucket"",""value"":""20+""},{""variable"":""SpikeGap"",""column"":""spike_gap_bucket"",""value"":""40+""},{""variable"":""SpikeScore"",""column"":""spike_score_bucket"",""value"":""350–375""},{""variable"":""Gul varning"",""column"":""yellow_warning"",""value"":false}]",13,50.3976,0.5652
52,spike_score_bucket=400+ AND spread_bucket=80+ AND yellow_warning=true,spike_score_bucket=400+ AND yellow_warning=true,3,7,6,85.7143,10,52.4567,66.151,26.8653,13.6943,True,SpikeScore = 400+ -> Spread = 80+ -> Gul varning = Ja,"[{""variable"":""SpikeScore"",""column"":""spike_score_bucket"",""value"":""400+""},{""variable"":""Spread"",""column"":""spread_bucket"",""value"":""80+""},{""variable"":""Gul varning"",""column"":""yellow_warning"",""value"":true}]",7,50.3479,0.4118
53,spike_gap_bucket=40+ AND yellow_warning=false,spike_gap_bucket=40+,2,53,29,54.717,107,46.3442,52.4231,13.1374,6.0789,True,SpikeGap = 40+ -> Gul varning = Nej,"[{""variable"":""SpikeGap"",""column"":""spike_gap_bucket"",""value"":""40+""},{""variable"":""Gul varning"",""column"":""yellow_warning"",""value"":false}]",53,50.3378,0.8413
54,spike_gap_bucket=40+ AND spike_score_bucket=325–350 AND spread_bucket=80+,spike_gap_bucket=40+ AND spike_score_bucket=325–350,3,8,6,75.0,24,59.7019,64.0728,24.7871,4.3709,True,SpikeGap = 40+ -> SpikeScore = 325–350 -> Spread = 80+,"[{""variable"":""SpikeGap"",""column"":""spike_gap_bucket"",""value"":""40+""},{""variable"":""SpikeScore"",""column"":""spike_score_bucket"",""value"":""325–350""},{""variable"":""Spread"",""column"":""spread_bucket"",""value"":""80+""}]",8,50.3022,0.4444
55,race_type=3-hästarslopp AND red_warning=false,race_type=3-hästarslopp,2,70,37,52.8571,77,48.3063,51.8458,12.5601,3.5395,True,Lopptyp = 3-hästarslopp -> Röd varning = Nej,"[{""variable"":""Lopptyp"",""column"":""race_type"",""value"":""3-hästarslopp""},{""variable"":""Röd varning"",""column"":""red_warning"",""value"":false}]",70,50.2758,0.875
56,race_type=3-hästarslopp AND score_gap_bucket=20+,race_type=3-hästarslopp,2,56,30,53.5714,77,48.3063,52.1859,12.9002,3.8796,True,Lopptyp = 3-hästarslopp -> ScoreGap = 20+,"[{""variable"":""Lopptyp"",""column"":""race_type"",""value"":""3-hästarslopp""},{""variable"":""ScoreGap"",""column"":""score_gap_bucket"",""value"":""20+""}]",56,50.2313,0.8485
57,spike_gap_bucket=40+ AND spread_bucket=80+,spike_gap_bucket=40+,2,41,23,56.0976,107,46.3442,52.8997,13.614,6.5555,True,SpikeGap = 40+ -> Spread = 80+,"[{""variable"":""SpikeGap"",""column"":""spike_gap_bucket"",""value"":""40+""},{""variable"":""Spread"",""column"":""spread_bucket"",""value"":""80+""}]",41,50.2303,0.8039
58,score_gap_bucket=20+ AND spike_score_bucket=400+ AND spread_bucket=80+ AND yellow_warning=true,spike_score_bucket=400+ AND spread_bucket=80+ AND yellow_warning=true,4,5,4,80.0,7,66.151,71.9214,32.6357,5.7704,True,ScoreGap = 20+ -> SpikeScore = 400+ -> Spread = 80+ -> Gul varning = Ja,"[{""variable"":""ScoreGap"",""column"":""score_gap_bucket"",""value"":""20+""},{""variable"":""SpikeScore"",""column"":""spike_score_bucket"",""value"":""400+""},{""variable"":""Spread"",""column"":""spread_bucket"",""value"":""80+""},{""variable"":""Gul varning"",""column"":""yellow_warning"",""value"":true}]",5,50.1643,0.3333
59,race_type=3-hästarslopp AND score_gap_bucket=20+ AND spike_gap_bucket=40+ AND yellow_warning=false,race_type=3-hästarslopp AND score_gap_bucket=20+ AND spike_gap_bucket=40+,4,12,7,58.3333,27,59.7269,59.2043,19.9186,-0.5226,True,Lopptyp = 3-hästarslopp -> ScoreGap = 20+ -> SpikeGap = 40+ -> Gul varning = Nej,"[{""variable"":""Lopptyp"",""column"":""race_type"",""value"":""3-hästarslopp""},{""variable"":""ScoreGap"",""column"":""score_gap_bucket"",""value"":""20+""},{""variable"":""SpikeGap"",""column"":""spike_gap_bucket"",""value"":""40+""},{""variable"":""Gul varning"",""column"":""yellow_warning"",""value"":false}]",12,50.1504,0.5455
60,race_type=3-hästarslopp AND spike_gap_bucket=40+ AND yellow_warning=true,race_type=3-hästarslopp AND spike_gap_bucket=40+,3,22,12,54.5455,39,55.3581,54.9324,15.6467,-0.4257,True,Lopptyp = 3-hästarslopp -> SpikeGap = 40+ -> Gul varning = Ja,"[{""variable"":""Lopptyp"",""column"":""race_type"",""value"":""3-hästarslopp""},{""variable"":""SpikeGap"",""column"":""spike_gap_bucket"",""value"":""40+""},{""variable"":""Gul varning"",""column"":""yellow_warning"",""value"":true}]",22,50.0428,0.6875
61,race_type=3-hästarslopp AND red_warning=false AND spike_score_bucket=350–375 AND spread_bucket=80+,red_warning=false AND spike_score_bucket=350–375 AND spread_bucket=80+,4,21,12,57.1429,27,53.0466,55.1447,15.859,2.0981,True,Lopptyp = 3-hästarslopp -> Röd varning = Nej -> SpikeScore = 350–375 -> Spread = 80+,"[{""variable"":""Lopptyp"",""column"":""race_type"",""value"":""3-hästarslopp""},{""variable"":""Röd varning"",""column"":""red_warning"",""value"":false},{""variable"":""SpikeScore"",""column"":""spike_score_bucket"",""value"":""350–375""},{""variable"":""Spread"",""column"":""spread_bucket"",""value"":""80+""}]",21,50.0289,0.6774
62,spike_gap_bucket=40+ AND spike_score_bucket=325–350 AND spread_bucket=<60,spike_gap_bucket=40+ AND spike_score_bucket=325–350,3,9,6,66.6667,24,59.7019,61.8634,22.5777,2.1615,True,SpikeGap = 40+ -> SpikeScore = 325–350 -> Spread = <60,"[{""variable"":""SpikeGap"",""column"":""spike_gap_bucket"",""value"":""40+""},{""variable"":""SpikeScore"",""column"":""spike_score_bucket"",""value"":""325–350""},{""variable"":""Spread"",""column"":""spread_bucket"",""value"":""<60""}]",9,49.9804,0.4737
63,race_type=3-hästarslopp AND red_warning=false AND spread_bucket=80+,race_type=3-hästarslopp AND red_warning=false,3,52,27,51.9231,70,51.8458,51.9016,12.6159,0.0558,True,Lopptyp = 3-hästarslopp -> Röd varning = Nej -> Spread = 80+,"[{""variable"":""Lopptyp"",""column"":""race_type"",""value"":""3-hästarslopp""},{""variable"":""Röd varning"",""column"":""red_warning"",""value"":false},{""variable"":""Spread"",""column"":""spread_bucket"",""value"":""80+""}]",52,49.8668,0.8387
64,race_type=3-hästarslopp AND spike_gap_bucket=40+ AND spike_score_bucket=325–350 AND spread_bucket=80+,race_type=3-hästarslopp AND spike_gap_bucket=40+ AND spike_score_bucket=325–350,4,5,4,80.0,10,66.4679,70.9786,31.6929,4.5107,True,Lopptyp = 3-hästarslopp -> SpikeGap = 40+ -> SpikeScore = 325–350 -> Spread = 80+,"[{""variable"":""Lopptyp"",""column"":""race_type"",""value"":""3-hästarslopp""},{""variable"":""SpikeGap"",""column"":""spike_gap_bucket"",""value"":""40+""},{""variable"":""SpikeScore"",""column"":""spike_score_bucket"",""value"":""325–350""},{""variable"":""Spread"",""column"":""spread_bucket"",""value"":""80+""}]",5,49.85,0.3333
65,spike_gap_bucket=40+ AND spike_score_bucket=350–375 AND yellow_warning=false,spike_gap_bucket=40+ AND yellow_warning=false,3,21,12,57.1429,53,52.4231,54.8405,15.5548,2.4174,True,SpikeGap = 40+ -> SpikeScore = 350–375 -> Gul varning = Nej,"[{""variable"":""SpikeGap"",""column"":""spike_gap_bucket"",""value"":""40+""},{""variable"":""SpikeScore"",""column"":""spike_score_bucket"",""value"":""350–375""},{""variable"":""Gul varning"",""column"":""yellow_warning"",""value"":false}]",21,49.8228,0.6774
66,score_gap_bucket=20+ AND spike_gap_bucket=40+,spike_gap_bucket=40+,2,56,30,53.5714,107,46.3442,51.6695,12.3838,5.3253,True,ScoreGap = 20+ -> SpikeGap = 40+,"[{""variable"":""ScoreGap"",""column"":""score_gap_bucket"",""value"":""20+""},{""variable"":""SpikeGap"",""column"":""spike_gap_bucket"",""value"":""40+""}]",56,49.7932,0.8485
67,race_type=3-hästarslopp AND red_warning=false AND spike_gap_bucket=40+ AND value_count_bucket=1,race_type=3-hästarslopp AND red_warning=false AND spike_gap_bucket=40+,4,10,6,60.0,35,60.1302,60.0868,20.8011,-0.0434,True,Lopptyp = 3-hästarslopp -> Röd varning = Nej -> SpikeGap = 40+ -> Antal value = 1,"[{""variable"":""Lopptyp"",""column"":""race_type"",""value"":""3-hästarslopp""},{""variable"":""Röd varning"",""column"":""red_warning"",""value"":false},{""variable"":""SpikeGap"",""column"":""spike_gap_bucket"",""value"":""40+""},{""variable"":""Antal value"",""column"":""value_count_bucket"",""value"":""1""}]",10,49.6863,0.5
68,score_gap_bucket=20+ AND spread_bucket=70–80 AND yellow_warning=true,spread_bucket=70–80 AND yellow_warning=true,3,13,9,69.2308,20,50.1817,57.6859,18.4002,7.5042,True,ScoreGap = 20+ -> Spread = 70–80 -> Gul varning = Ja,"[{""variable"":""ScoreGap"",""column"":""score_gap_bucket"",""value"":""20+""},{""variable"":""Spread"",""column"":""spread_bucket"",""value"":""70–80""},{""variable"":""Gul varning"",""column"":""yellow_warning"",""value"":true}]",13,49.6858,0.5652
69,score_gap_bucket=20+ AND spike_score_bucket=325–350,score_gap_bucket=20+,2,20,13,65.0,116,44.7479,54.874,15.5882,10.126,True,ScoreGap = 20+ -> SpikeScore = 325–350,"[{""variable"":""ScoreGap"",""column"":""score_gap_bucket"",""value"":""20+""},{""variable"":""SpikeScore"",""column"":""spike_score_bucket"",""value"":""325–350""}]",20,49.6779,0.6667
70,race_type=3-hästarslopp AND spike_score_bucket=325–350,race_type=3-hästarslopp,2,12,9,75.0,77,48.3063,58.3164,19.0307,10.0101,True,Lopptyp = 3-hästarslopp -> SpikeScore = 325–350,"[{""variable"":""Lopptyp"",""column"":""race_type"",""value"":""3-hästarslopp""},{""variable"":""SpikeScore"",""column"":""spike_score_bucket"",""value"":""325–350""}]",12,49.6661,0.5455
71,race_type=Öppet lopp AND score_gap_bucket=20+ AND spike_gap_bucket=40+ AND spread_bucket=80+ AND yellow_warning=false,score_gap_bucket=20+ AND spike_gap_bucket=40+ AND spread_bucket=80+ AND yellow_warning=false,5,8,5,62.5,16,62.61,62.5733,23.2876,-0.0367,False,Lopptyp = Öppet lopp -> ScoreGap = 20+ -> SpikeGap = 40+ -> Spread = 80+ -> Gul varning = Nej,"[{""variable"":""Lopptyp"",""column"":""race_type"",""value"":""Öppet lopp""},{""variable"":""ScoreGap"",""column"":""score_gap_bucket"",""value"":""20+""},{""variable"":""SpikeGap"",""column"":""spike_gap_bucket"",""value"":""40+""},{""variable"":""Spread"",""column"":""spread_bucket"",""value"":""80+""},{""variable"":""Gul varning"",""column"":""yellow_warning"",""value"":false}]",8,49.6358,0.4444
72,score_gap_bucket=20+ AND spike_gap_bucket=40+ AND spread_bucket=80+ AND yellow_warning=true,score_gap_bucket=20+ AND spike_gap_bucket=40+ AND spread_bucket=80+,4,17,9,52.9412,33,57.698,55.5124,16.2267,-2.1856,True,ScoreGap = 20+ -> SpikeGap = 40+ -> Spread = 80+ -> Gul varning = Ja,"[{""variable"":""ScoreGap"",""column"":""score_gap_bucket"",""value"":""20+""},{""variable"":""SpikeGap"",""column"":""spike_gap_bucket"",""value"":""40+""},{""variable"":""Spread"",""column"":""spread_bucket"",""value"":""80+""},{""variable"":""Gul varning"",""column"":""yellow_warning"",""value"":true}]",17,49.5025,0.6296
73,race_type=Öppet lopp AND score_gap_bucket=20+ AND spike_gap_bucket=40+ AND spike_score_bucket=325–350 AND yellow_warning=false,race_type=Öppet lopp AND spike_gap_bucket=40+ AND spike_score_bucket=325–350 AND yellow_warning=false,5,3,3,100.0,9,77.4415,83.0811,43.7954,5.6396,False,Lopptyp = Öppet lopp -> ScoreGap = 20+ -> SpikeGap = 40+ -> SpikeScore = 325–350 -> Gul varning = Nej,"[{""variable"":""Lopptyp"",""column"":""race_type"",""value"":""Öppet lopp""},{""variable"":""ScoreGap"",""column"":""score_gap_bucket"",""value"":""20+""},{""variable"":""SpikeGap"",""column"":""spike_gap_bucket"",""value"":""40+""},{""variable"":""SpikeScore"",""column"":""spike_score_bucket"",""value"":""325–350""},{""variable"":""Gul varning"",""column"":""yellow_warning"",""value"":false}]",3,49.3923,0.2308
74,red_warning=false AND spike_gap_bucket=40+ AND spread_bucket=70–80 AND yellow_warning=true,red_warning=false AND spike_gap_bucket=40+ AND spread_bucket=70–80,4,6,5,83.3333,15,59.3971,66.236,26.9503,6.8389,True,Röd varning = Nej -> SpikeGap = 40+ -> Spread = 70–80 -> Gul varning = Ja,"[{""variable"":""Röd varning"",""column"":""red_warning"",""value"":false},{""variable"":""SpikeGap"",""column"":""spike_gap_bucket"",""value"":""40+""},{""variable"":""Spread"",""column"":""spread_bucket"",""value"":""70–80""},{""variable"":""Gul varning"",""column"":""yellow_warning"",""value"":true}]",6,49.3921,0.375
75,score_gap_bucket=20+ AND spike_score_bucket=350–375 AND yellow_warning=false,spike_score_bucket=350–375 AND yellow_warning=false,3,19,11,57.8947,34,51.5491,54.6406,15.3548,3.0915,True,ScoreGap = 20+ -> SpikeScore = 350–375 -> Gul varning = Nej,"[{""variable"":""ScoreGap"",""column"":""score_gap_bucket"",""value"":""20+""},{""variable"":""SpikeScore"",""column"":""spike_score_bucket"",""value"":""350–375""},{""variable"":""Gul varning"",""column"":""yellow_warning"",""value"":false}]",19,49.3458,0.6552
76,red_warning=false AND spike_score_bucket=350–375 AND spread_bucket=80+,spike_score_bucket=350–375 AND spread_bucket=80+,3,27,15,55.5556,28,49.6594,53.0466,13.7608,3.3872,True,Röd varning = Nej -> SpikeScore = 350–375 -> Spread = 80+,"[{""variable"":""Röd varning"",""column"":""red_warning"",""value"":false},{""variable"":""SpikeScore"",""column"":""spike_score_bucket"",""value"":""350–375""},{""variable"":""Spread"",""column"":""spread_bucket"",""value"":""80+""}]",27,49.3274,0.7297
77,race_type=3-hästarslopp AND spike_gap_bucket=40+ AND spread_bucket=80+ AND yellow_warning=true,race_type=3-hästarslopp AND spike_gap_bucket=40+ AND spread_bucket=80+,4,15,8,53.3333,25,57.9369,55.9639,16.6782,-1.973,True,Lopptyp = 3-hästarslopp -> SpikeGap = 40+ -> Spread = 80+ -> Gul varning = Ja,"[{""variable"":""Lopptyp"",""column"":""race_type"",""value"":""3-hästarslopp""},{""variable"":""SpikeGap"",""column"":""spike_gap_bucket"",""value"":""40+""},{""variable"":""Spread"",""column"":""spread_bucket"",""value"":""80+""},{""variable"":""Gul varning"",""column"":""yellow_warning"",""value"":true}]",15,49.2926,0.6
78,red_warning=false AND spike_gap_bucket=0–10 AND spike_score_bucket=350–375 AND yellow_warning=true,red_warning=false AND spike_gap_bucket=0–10 AND spike_score_bucket=350–375,4,8,5,62.5,11,60.9691,61.6137,22.328,0.6446,True,Röd varning = Nej -> SpikeGap = 0–10 -> SpikeScore = 350–375 -> Gul varning = Ja,"[{""variable"":""Röd varning"",""column"":""red_warning"",""value"":false},{""variable"":""SpikeGap"",""column"":""spike_gap_bucket"",""value"":""0–10""},{""variable"":""SpikeScore"",""column"":""spike_score_bucket"",""value"":""350–375""},{""variable"":""Gul varning"",""column"":""yellow_warning"",""value"":true}]",8,49.2093,0.4444
79,red_warning=false AND spike_gap_bucket=40+ AND spread_bucket=80+ AND yellow_warning=true,red_warning=false AND spike_gap_bucket=40+ AND spread_bucket=80+,4,19,10,52.6316,40,55.9666,54.3418,15.0561,-1.6248,True,Röd varning = Nej -> SpikeGap = 40+ -> Spread = 80+ -> Gul varning = Ja,"[{""variable"":""Röd varning"",""column"":""red_warning"",""value"":false},{""variable"":""SpikeGap"",""column"":""spike_gap_bucket"",""value"":""40+""},{""variable"":""Spread"",""column"":""spread_bucket"",""value"":""80+""},{""variable"":""Gul varning"",""column"":""yellow_warning"",""value"":true}]",19,49.15,0.6552
80,race_type=Öppet lopp AND score_gap_bucket=20+ AND spike_gap_bucket=40+ AND spike_score_bucket=350–375 AND yellow_warning=false,race_type=Öppet lopp AND score_gap_bucket=20+ AND spike_gap_bucket=40+ AND yellow_warning=false,5,7,5,71.4286,16,59.5887,63.1921,23.9064,3.6034,False,Lopptyp = Öppet lopp -> ScoreGap = 20+ -> SpikeGap = 40+ -> SpikeScore = 350–375 -> Gul varning = Nej,"[{""variable"":""Lopptyp"",""column"":""race_type"",""value"":""Öppet lopp""},{""variable"":""ScoreGap"",""column"":""score_gap_bucket"",""value"":""20+""},{""variable"":""SpikeGap"",""column"":""spike_gap_bucket"",""value"":""40+""},{""variable"":""SpikeScore"",""column"":""spike_score_bucket"",""value"":""350–375""},{""variable"":""Gul varning"",""column"":""yellow_warning"",""value"":false}]",7,49.1295,0.4118
81,race_type=3-hästarslopp AND spike_score_bucket=350–375 AND spread_bucket=80+ AND yellow_warning=false,spike_score_bucket=350–375 AND spread_bucket=80+ AND yellow_warning=false,4,9,6,66.6667,13,55.4843,60.0589,20.7732,4.5746,True,Lopptyp = 3-hästarslopp -> SpikeScore = 350–375 -> Spread = 80+ -> Gul varning = Nej,"[{""variable"":""Lopptyp"",""column"":""race_type"",""value"":""3-hästarslopp""},{""variable"":""SpikeScore"",""column"":""spike_score_bucket"",""value"":""350–375""},{""variable"":""Spread"",""column"":""spread_bucket"",""value"":""80+""},{""variable"":""Gul varning"",""column"":""yellow_warning"",""value"":false}]",9,49.1256,0.4737
82,race_type=3-hästarslopp AND spike_score_bucket=325–350 AND spread_bucket=80+,race_type=3-hästarslopp AND spike_score_bucket=325–350,3,7,5,71.4286,12,58.3164,63.1472,23.8615,4.8308,True,Lopptyp = 3-hästarslopp -> SpikeScore = 325–350 -> Spread = 80+,"[{""variable"":""Lopptyp"",""column"":""race_type"",""value"":""3-hästarslopp""},{""variable"":""SpikeScore"",""column"":""spike_score_bucket"",""value"":""325–350""},{""variable"":""Spread"",""column"":""spread_bucket"",""value"":""80+""}]",7,49.111,0.4118
83,race_type=3-hästarslopp AND spike_score_bucket=325–350 AND yellow_warning=true,race_type=3-hästarslopp AND spike_score_bucket=325–350,3,7,5,71.4286,12,58.3164,63.1472,23.8615,4.8308,True,Lopptyp = 3-hästarslopp -> SpikeScore = 325–350 -> Gul varning = Ja,"[{""variable"":""Lopptyp"",""column"":""race_type"",""value"":""3-hästarslopp""},{""variable"":""SpikeScore"",""column"":""spike_score_bucket"",""value"":""325–350""},{""variable"":""Gul varning"",""column"":""yellow_warning"",""value"":true}]",7,49.111,0.4118
84,race_type=3-hästarslopp AND spike_gap_bucket=40+ AND spread_bucket=70–80,race_type=3-hästarslopp AND spike_gap_bucket=40+,3,14,8,57.1429,39,55.3581,56.093,16.8073,0.7349,True,Lopptyp = 3-hästarslopp -> SpikeGap = 40+ -> Spread = 70–80,"[{""variable"":""Lopptyp"",""column"":""race_type"",""value"":""3-hästarslopp""},{""variable"":""SpikeGap"",""column"":""spike_gap_bucket"",""value"":""40+""},{""variable"":""Spread"",""column"":""spread_bucket"",""value"":""70–80""}]",14,49.09,0.5833
85,score_gap_bucket=20+ AND spike_score_bucket=325–350 AND yellow_warning=false,score_gap_bucket=20+ AND spike_score_bucket=325–350,3,11,7,63.6364,20,54.874,57.9832,18.6975,3.1092,True,ScoreGap = 20+ -> SpikeScore = 325–350 -> Gul varning = Nej,"[{""variable"":""ScoreGap"",""column"":""score_gap_bucket"",""value"":""20+""},{""variable"":""SpikeScore"",""column"":""spike_score_bucket"",""value"":""325–350""},{""variable"":""Gul varning"",""column"":""yellow_warning"",""value"":false}]",11,49.0796,0.5238
86,spike_score_bucket=325–350 AND spread_bucket=<60 AND yellow_warning=false,spike_score_bucket=325–350 AND yellow_warning=false,3,12,8,66.6667,26,51.4811,57.1757,17.89,5.6946,True,SpikeScore = 325–350 -> Spread = <60 -> Gul varning = Nej,"[{""variable"":""SpikeScore"",""column"":""spike_score_bucket"",""value"":""325–350""},{""variable"":""Spread"",""column"":""spread_bucket"",""value"":""<60""},{""variable"":""Gul varning"",""column"":""yellow_warning"",""value"":false}]",12,49.0439,0.5455
87,spike_gap_bucket=40+ AND spike_score_bucket=325–350 AND yellow_warning=true,spike_gap_bucket=40+ AND spike_score_bucket=325–350,3,11,6,54.5455,24,59.7019,57.8722,18.5865,-1.8297,True,SpikeGap = 40+ -> SpikeScore = 325–350 -> Gul varning = Ja,"[{""variable"":""SpikeGap"",""column"":""spike_gap_bucket"",""value"":""40+""},{""variable"":""SpikeScore"",""column"":""spike_score_bucket"",""value"":""325–350""},{""variable"":""Gul varning"",""column"":""yellow_warning"",""value"":true}]",11,49.0215,0.5238
88,score_gap_bucket=20+ AND spike_score_bucket=325–350 AND spread_bucket=80+,score_gap_bucket=20+ AND spike_score_bucket=325–350,3,7,6,85.7143,20,54.874,62.8696,23.5839,7.9956,True,ScoreGap = 20+ -> SpikeScore = 325–350 -> Spread = 80+,"[{""variable"":""ScoreGap"",""column"":""score_gap_bucket"",""value"":""20+""},{""variable"":""SpikeScore"",""column"":""spike_score_bucket"",""value"":""325–350""},{""variable"":""Spread"",""column"":""spread_bucket"",""value"":""80+""}]",7,48.9967,0.4118
89,race_type=Öppet lopp AND spike_gap_bucket=40+ AND spike_score_bucket=350–375 AND yellow_warning=false,spike_gap_bucket=40+ AND spike_score_bucket=350–375 AND yellow_warning=false,4,14,8,57.1429,21,54.8405,55.7885,16.5028,0.948,True,Lopptyp = Öppet lopp -> SpikeGap = 40+ -> SpikeScore = 350–375 -> Gul varning = Nej,"[{""variable"":""Lopptyp"",""column"":""race_type"",""value"":""Öppet lopp""},{""variable"":""SpikeGap"",""column"":""spike_gap_bucket"",""value"":""40+""},{""variable"":""SpikeScore"",""column"":""spike_score_bucket"",""value"":""350–375""},{""variable"":""Gul varning"",""column"":""yellow_warning"",""value"":false}]",14,48.9123,0.5833
90,race_type=Öppet lopp AND score_gap_bucket=20+ AND spread_bucket=70–80 AND yellow_warning=true,score_gap_bucket=20+ AND spread_bucket=70–80 AND yellow_warning=true,4,7,5,71.4286,13,57.6859,62.4958,23.2101,4.8099,True,Lopptyp = Öppet lopp -> ScoreGap = 20+ -> Spread = 70–80 -> Gul varning = Ja,"[{""variable"":""Lopptyp"",""column"":""race_type"",""value"":""Öppet lopp""},{""variable"":""ScoreGap"",""column"":""score_gap_bucket"",""value"":""20+""},{""variable"":""Spread"",""column"":""spread_bucket"",""value"":""70–80""},{""variable"":""Gul varning"",""column"":""yellow_warning"",""value"":true}]",7,48.8428,0.4118
91,race_type=Öppet lopp AND score_gap_bucket=20+ AND spike_gap_bucket=40+ AND spread_bucket=80+,score_gap_bucket=20+ AND spike_gap_bucket=40+ AND spread_bucket=80+,4,13,7,53.8462,33,57.698,56.1806,16.8949,-1.5174,True,Lopptyp = Öppet lopp -> ScoreGap = 20+ -> SpikeGap = 40+ -> Spread = 80+,"[{""variable"":""Lopptyp"",""column"":""race_type"",""value"":""Öppet lopp""},{""variable"":""ScoreGap"",""column"":""score_gap_bucket"",""value"":""20+""},{""variable"":""SpikeGap"",""column"":""spike_gap_bucket"",""value"":""40+""},{""variable"":""Spread"",""column"":""spread_bucket"",""value"":""80+""}]",13,48.835,0.5652
92,race_type=3-hästarslopp AND score_gap_bucket=20+ AND spike_score_bucket=325–350 AND yellow_warning=false,race_type=3-hästarslopp AND score_gap_bucket=20+ AND spike_score_bucket=325–350,4,4,3,75.0,9,71.4189,72.5208,33.2351,1.1019,False,Lopptyp = 3-hästarslopp -> ScoreGap = 20+ -> SpikeScore = 325–350 -> Gul varning = Nej,"[{""variable"":""Lopptyp"",""column"":""race_type"",""value"":""3-hästarslopp""},{""variable"":""ScoreGap"",""column"":""score_gap_bucket"",""value"":""20+""},{""variable"":""SpikeScore"",""column"":""spike_score_bucket"",""value"":""325–350""},{""variable"":""Gul varning"",""column"":""yellow_warning"",""value"":false}]",4,48.7815,0.2857
93,spike_score_bucket=350–375 AND yellow_warning=false,spike_score_bucket=350–375,2,34,19,55.8824,77,44.1826,51.5491,12.2634,7.3665,True,SpikeScore = 350–375 -> Gul varning = Nej,"[{""variable"":""SpikeScore"",""column"":""spike_score_bucket"",""value"":""350–375""},{""variable"":""Gul varning"",""column"":""yellow_warning"",""value"":false}]",34,48.762,0.7727
94,spike_gap_bucket=0–10 AND spread_bucket=80+ AND yellow_warning=true,spike_gap_bucket=0–10 AND spread_bucket=80+,3,11,8,72.7273,16,46.6371,57.2664,17.9807,10.6293,True,SpikeGap = 0–10 -> Spread = 80+ -> Gul varning = Ja,"[{""variable"":""SpikeGap"",""column"":""spike_gap_bucket"",""value"":""0–10""},{""variable"":""Spread"",""column"":""spread_bucket"",""value"":""80+""},{""variable"":""Gul varning"",""column"":""yellow_warning"",""value"":true}]",11,48.7042,0.5238
95,race_type=3-hästarslopp AND spike_score_bucket=350–375 AND yellow_warning=false,race_type=3-hästarslopp AND yellow_warning=false,3,14,8,57.1429,33,54.0778,55.3399,16.0542,1.2621,True,Lopptyp = 3-hästarslopp -> SpikeScore = 350–375 -> Gul varning = Nej,"[{""variable"":""Lopptyp"",""column"":""race_type"",""value"":""3-hästarslopp""},{""variable"":""SpikeScore"",""column"":""spike_score_bucket"",""value"":""350–375""},{""variable"":""Gul varning"",""column"":""yellow_warning"",""value"":false}]",14,48.6507,0.5833
96,red_warning=false AND spread_bucket=70–80 AND yellow_warning=true,spread_bucket=70–80 AND yellow_warning=true,3,17,10,58.8235,20,50.1817,54.1523,14.8666,3.9706,True,Röd varning = Nej -> Spread = 70–80 -> Gul varning = Ja,"[{""variable"":""Röd varning"",""column"":""red_warning"",""value"":false},{""variable"":""Spread"",""column"":""spread_bucket"",""value"":""70–80""},{""variable"":""Gul varning"",""column"":""yellow_warning"",""value"":true}]",17,48.6462,0.6296
97,race_type=Öppet lopp AND spike_score_bucket=325–350 AND yellow_warning=false,spike_score_bucket=325–350 AND yellow_warning=false,3,20,11,55.0,26,51.4811,53.2406,13.9548,1.7595,True,Lopptyp = Öppet lopp -> SpikeScore = 325–350 -> Gul varning = Nej,"[{""variable"":""Lopptyp"",""column"":""race_type"",""value"":""Öppet lopp""},{""variable"":""SpikeScore"",""column"":""spike_score_bucket"",""value"":""325–350""},{""variable"":""Gul varning"",""column"":""yellow_warning"",""value"":false}]",20,48.589,0.6667
98,score_gap_bucket=20+ AND spike_score_bucket=400+ AND yellow_warning=true,spike_score_bucket=400+ AND yellow_warning=true,3,6,5,83.3333,10,52.4567,64.0354,24.7497,11.5787,True,ScoreGap = 20+ -> SpikeScore = 400+ -> Gul varning = Ja,"[{""variable"":""ScoreGap"",""column"":""score_gap_bucket"",""value"":""20+""},{""variable"":""SpikeScore"",""column"":""spike_score_bucket"",""value"":""400+""},{""variable"":""Gul varning"",""column"":""yellow_warning"",""value"":true}]",6,48.5668,0.375
99,race_type=3-hästarslopp AND score_gap_bucket=20+ AND value_count_bucket=3+,race_type=3-hästarslopp AND value_count_bucket=3+,3,5,4,80.0,6,56.3895,67.1215,27.8358,10.732,True,Lopptyp = 3-hästarslopp -> ScoreGap = 20+ -> Antal value = 3+,"[{""variable"":""Lopptyp"",""column"":""race_type"",""value"":""3-hästarslopp""},{""variable"":""ScoreGap"",""column"":""score_gap_bucket"",""value"":""20+""},{""variable"":""Antal value"",""column"":""value_count_bucket"",""value"":""3+""}]",5,48.5643,0.3333
100,race_type=3-hästarslopp AND red_warning=false AND spread_bucket=70–80,race_type=3-hästarslopp AND red_warning=false,3,18,10,55.5556,70,51.8458,53.6031,14.3173,1.7573,True,Lopptyp = 3-hästarslopp -> Röd varning = Nej -> Spread = 70–80,"[{""variable"":""Lopptyp"",""column"":""race_type"",""value"":""3-hästarslopp""},{""variable"":""Röd varning"",""column"":""red_warning"",""value"":false},{""variable"":""Spread"",""column"":""spread_bucket"",""value"":""70–80""}]",18,48.4897,0.6429
101,race_type=3-hästarslopp AND spike_gap_bucket=0–10 AND yellow_warning=true,race_type=3-hästarslopp AND spike_gap_bucket=0–10,3,7,5,71.4286,9,54.0043,61.6274,22.3417,7.6231,True,Lopptyp = 3-hästarslopp -> SpikeGap = 0–10 -> Gul varning = Ja,"[{""variable"":""Lopptyp"",""column"":""race_type"",""value"":""3-hästarslopp""},{""variable"":""SpikeGap"",""column"":""spike_gap_bucket"",""value"":""0–10""},{""variable"":""Gul varning"",""column"":""yellow_warning"",""value"":true}]",7,48.4852,0.4118
102,spike_gap_bucket=40+ AND spike_score_bucket=325–350 AND spread_bucket=80+ AND yellow_warning=false,spike_gap_bucket=40+ AND spike_score_bucket=325–350 AND yellow_warning=false,4,5,3,60.0,13,69.5163,66.8729,27.5872,-2.6434,True,SpikeGap = 40+ -> SpikeScore = 325–350 -> Spread = 80+ -> Gul varning = Nej,"[{""variable"":""SpikeGap"",""column"":""spike_gap_bucket"",""value"":""40+""},{""variable"":""SpikeScore"",""column"":""spike_score_bucket"",""value"":""325–350""},{""variable"":""Spread"",""column"":""spread_bucket"",""value"":""80+""},{""variable"":""Gul varning"",""column"":""yellow_warning"",""value"":false}]",5,48.4814,0.3333
103,race_type=3-hästarslopp AND red_warning=false AND spike_score_bucket=325–350 AND value_count_bucket=1,race_type=3-hästarslopp AND red_warning=false AND spike_score_bucket=325–350,4,3,3,100.0,10,72.718,79.0138,39.7281,6.2958,False,Lopptyp = 3-hästarslopp -> Röd varning = Nej -> SpikeScore = 325–350 -> Antal value = 1,"[{""variable"":""Lopptyp"",""column"":""race_type"",""value"":""3-hästarslopp""},{""variable"":""Röd varning"",""column"":""red_warning"",""value"":false},{""variable"":""SpikeScore"",""column"":""spike_score_bucket"",""value"":""325–350""},{""variable"":""Antal value"",""column"":""value_count_bucket"",""value"":""1""}]",3,48.4537,0.2308
104,spike_score_bucket=350–375 AND spread_bucket=80+ AND yellow_warning=false,spike_score_bucket=350–375 AND yellow_warning=false,3,13,8,61.5385,34,51.5491,55.4843,16.1986,3.9352,True,SpikeScore = 350–375 -> Spread = 80+ -> Gul varning = Nej,"[{""variable"":""SpikeScore"",""column"":""spike_score_bucket"",""value"":""350–375""},{""variable"":""Spread"",""column"":""spread_bucket"",""value"":""80+""},{""variable"":""Gul varning"",""column"":""yellow_warning"",""value"":false}]",13,48.4414,0.5652
105,score_gap_bucket=20+ AND spike_score_bucket=325–350 AND yellow_warning=true,score_gap_bucket=20+ AND spike_score_bucket=325–350,3,9,6,66.6667,20,54.874,58.5338,19.2481,3.6598,True,ScoreGap = 20+ -> SpikeScore = 325–350 -> Gul varning = Ja,"[{""variable"":""ScoreGap"",""column"":""score_gap_bucket"",""value"":""20+""},{""variable"":""SpikeScore"",""column"":""spike_score_bucket"",""value"":""325–350""},{""variable"":""Gul varning"",""column"":""yellow_warning"",""value"":true}]",9,48.4032,0.4737
106,red_warning=false AND spike_gap_bucket=40+ AND spike_score_bucket=325–350 AND value_count_bucket=1,red_warning=false AND spike_gap_bucket=40+ AND spike_score_bucket=325–350,4,5,3,60.0,21,68.1473,66.5178,27.2321,-1.6295,True,Röd varning = Nej -> SpikeGap = 40+ -> SpikeScore = 325–350 -> Antal value = 1,"[{""variable"":""Röd varning"",""column"":""red_warning"",""value"":false},{""variable"":""SpikeGap"",""column"":""spike_gap_bucket"",""value"":""40+""},{""variable"":""SpikeScore"",""column"":""spike_score_bucket"",""value"":""325–350""},{""variable"":""Antal value"",""column"":""value_count_bucket"",""value"":""1""}]",5,48.3631,0.3333
107,race_type=3-hästarslopp AND score_gap_bucket=20+ AND spike_gap_bucket=40+ AND value_count_bucket=1,race_type=3-hästarslopp AND score_gap_bucket=20+ AND spike_gap_bucket=40+,4,9,5,55.5556,27,59.7269,58.4323,19.1466,-1.2946,True,Lopptyp = 3-hästarslopp -> ScoreGap = 20+ -> SpikeGap = 40+ -> Antal value = 1,"[{""variable"":""Lopptyp"",""column"":""race_type"",""value"":""3-hästarslopp""},{""variable"":""ScoreGap"",""column"":""score_gap_bucket"",""value"":""20+""},{""variable"":""SpikeGap"",""column"":""spike_gap_bucket"",""value"":""40+""},{""variable"":""Antal value"",""column"":""value_count_bucket"",""value"":""1""}]",9,48.3551,0.4737
108,race_type=3-hästarslopp AND score_gap_bucket=20+ AND spike_score_bucket=325–350 AND spread_bucket=70–80,race_type=3-hästarslopp AND score_gap_bucket=20+ AND spike_score_bucket=325–350,4,3,3,100.0,9,71.4189,78.5642,39.2785,7.1453,False,Lopptyp = 3-hästarslopp -> ScoreGap = 20+ -> SpikeScore = 325–350 -> Spread = 70–80,"[{""variable"":""Lopptyp"",""column"":""race_type"",""value"":""3-hästarslopp""},{""variable"":""ScoreGap"",""column"":""score_gap_bucket"",""value"":""20+""},{""variable"":""SpikeScore"",""column"":""spike_score_bucket"",""value"":""325–350""},{""variable"":""Spread"",""column"":""spread_bucket"",""value"":""70–80""}]",3,48.35,0.2308
109,race_type=Öppet lopp AND spike_gap_bucket=40+ AND yellow_warning=false,spike_gap_bucket=40+ AND yellow_warning=false,3,36,18,50.0,53,52.4231,50.8654,11.5797,-1.5577,True,Lopptyp = Öppet lopp -> SpikeGap = 40+ -> Gul varning = Nej,"[{""variable"":""Lopptyp"",""column"":""race_type"",""value"":""Öppet lopp""},{""variable"":""SpikeGap"",""column"":""spike_gap_bucket"",""value"":""40+""},{""variable"":""Gul varning"",""column"":""yellow_warning"",""value"":false}]",36,48.3481,0.7826
110,spike_gap_bucket=40+ AND spread_bucket=70–80,spike_gap_bucket=40+,2,18,11,61.1111,107,46.3442,53.3391,14.0533,6.9949,True,SpikeGap = 40+ -> Spread = 70–80,"[{""variable"":""SpikeGap"",""column"":""spike_gap_bucket"",""value"":""40+""},{""variable"":""Spread"",""column"":""spread_bucket"",""value"":""70–80""}]",18,48.32,0.6429
111,race_type=3-hästarslopp AND spike_gap_bucket=40+ AND spike_score_bucket=325–350 AND yellow_warning=false,spike_gap_bucket=40+ AND spike_score_bucket=325–350 AND yellow_warning=false,4,4,3,75.0,13,69.5163,70.8066,31.5209,1.2903,False,Lopptyp = 3-hästarslopp -> SpikeGap = 40+ -> SpikeScore = 325–350 -> Gul varning = Nej,"[{""variable"":""Lopptyp"",""column"":""race_type"",""value"":""3-hästarslopp""},{""variable"":""SpikeGap"",""column"":""spike_gap_bucket"",""value"":""40+""},{""variable"":""SpikeScore"",""column"":""spike_score_bucket"",""value"":""325–350""},{""variable"":""Gul varning"",""column"":""yellow_warning"",""value"":false}]",4,48.2917,0.2857
112,score_gap_bucket=20+ AND spike_gap_bucket=40+ AND spread_bucket=70–80 AND yellow_warning=true,spike_gap_bucket=40+ AND spread_bucket=70–80 AND yellow_warning=true,4,4,4,100.0,9,57.7816,70.7719,31.4862,12.9903,False,ScoreGap = 20+ -> SpikeGap = 40+ -> Spread = 70–80 -> Gul varning = Ja,"[{""variable"":""ScoreGap"",""column"":""score_gap_bucket"",""value"":""20+""},{""variable"":""SpikeGap"",""column"":""spike_gap_bucket"",""value"":""40+""},{""variable"":""Spread"",""column"":""spread_bucket"",""value"":""70–80""},{""variable"":""Gul varning"",""column"":""yellow_warning"",""value"":true}]",4,48.2818,0.2857
113,race_type=Öppet lopp AND spike_gap_bucket=40+ AND spread_bucket=80+ AND yellow_warning=false,spike_gap_bucket=40+ AND spread_bucket=80+ AND yellow_warning=false,4,11,6,54.5455,21,57.512,56.4594,17.1736,-1.0526,True,Lopptyp = Öppet lopp -> SpikeGap = 40+ -> Spread = 80+ -> Gul varning = Nej,"[{""variable"":""Lopptyp"",""column"":""race_type"",""value"":""Öppet lopp""},{""variable"":""SpikeGap"",""column"":""spike_gap_bucket"",""value"":""40+""},{""variable"":""Spread"",""column"":""spread_bucket"",""value"":""80+""},{""variable"":""Gul varning"",""column"":""yellow_warning"",""value"":false}]",11,48.2815,0.5238
114,spike_gap_bucket=40+ AND spike_score_bucket=350–375 AND spread_bucket=80+ AND yellow_warning=false,spike_gap_bucket=40+ AND spread_bucket=80+ AND yellow_warning=false,4,7,5,71.4286,21,57.512,61.12,21.8343,3.608,True,SpikeGap = 40+ -> SpikeScore = 350–375 -> Spread = 80+ -> Gul varning = Nej,"[{""variable"":""SpikeGap"",""column"":""spike_gap_bucket"",""value"":""40+""},{""variable"":""SpikeScore"",""column"":""spike_score_bucket"",""value"":""350–375""},{""variable"":""Spread"",""column"":""spread_bucket"",""value"":""80+""},{""variable"":""Gul varning"",""column"":""yellow_warning"",""value"":false}]",7,48.2763,0.4118
115,red_warning=false AND spike_gap_bucket=40+ AND spike_score_bucket=400+ AND yellow_warning=true,red_warning=false AND spike_score_bucket=400+ AND yellow_warning=true,4,6,4,66.6667,7,60.2686,63.2216,23.9358,2.953,True,Röd varning = Nej -> SpikeGap = 40+ -> SpikeScore = 400+ -> Gul varning = Ja,"[{""variable"":""Röd varning"",""column"":""red_warning"",""value"":false},{""variable"":""SpikeGap"",""column"":""spike_gap_bucket"",""value"":""40+""},{""variable"":""SpikeScore"",""column"":""spike_score_bucket"",""value"":""400+""},{""variable"":""Gul varning"",""column"":""yellow_warning"",""value"":true}]",6,48.2617,0.375
116,race_type=3-hästarslopp AND spike_score_bucket=350–375 AND spread_bucket=80+,spike_score_bucket=350–375 AND spread_bucket=80+,3,22,12,54.5455,28,49.6594,52.2188,12.933,2.5594,True,Lopptyp = 3-hästarslopp -> SpikeScore = 350–375 -> Spread = 80+,"[{""variable"":""Lopptyp"",""column"":""race_type"",""value"":""3-hästarslopp""},{""variable"":""SpikeScore"",""column"":""spike_score_bucket"",""value"":""350–375""},{""variable"":""Spread"",""column"":""spread_bucket"",""value"":""80+""}]",22,48.1772,0.6875
117,race_type=3-hästarslopp AND score_gap_bucket=20+ AND spike_score_bucket=350–375 AND spread_bucket=80+,race_type=3-hästarslopp AND score_gap_bucket=20+ AND spread_bucket=80+,4,19,10,52.6316,45,52.9803,52.8104,13.5247,-0.1699,True,Lopptyp = 3-hästarslopp -> ScoreGap = 20+ -> SpikeScore = 350–375 -> Spread = 80+,"[{""variable"":""Lopptyp"",""column"":""race_type"",""value"":""3-hästarslopp""},{""variable"":""ScoreGap"",""column"":""score_gap_bucket"",""value"":""20+""},{""variable"":""SpikeScore"",""column"":""spike_score_bucket"",""value"":""350–375""},{""variable"":""Spread"",""column"":""spread_bucket"",""value"":""80+""}]",19,48.1467,0.6552
118,spike_gap_bucket=40+ AND spike_score_bucket=400+ AND spread_bucket=80+,spike_gap_bucket=40+ AND spread_bucket=80+,3,8,6,75.0,41,52.8997,59.2141,19.9284,6.3144,True,SpikeGap = 40+ -> SpikeScore = 400+ -> Spread = 80+,"[{""variable"":""SpikeGap"",""column"":""spike_gap_bucket"",""value"":""40+""},{""variable"":""SpikeScore"",""column"":""spike_score_bucket"",""value"":""400+""},{""variable"":""Spread"",""column"":""spread_bucket"",""value"":""80+""}]",8,48.1428,0.4444
119,spike_score_bucket=325–350 AND yellow_warning=false,spike_score_bucket=325–350,2,26,15,57.6923,58,43.4066,51.4811,12.1954,8.0745,True,SpikeScore = 325–350 -> Gul varning = Nej,"[{""variable"":""SpikeScore"",""column"":""spike_score_bucket"",""value"":""325–350""},{""variable"":""Gul varning"",""column"":""yellow_warning"",""value"":false}]",26,48.0935,0.7222
120,race_type=3-hästarslopp AND score_gap_bucket=20+ AND yellow_warning=true,race_type=3-hästarslopp AND score_gap_bucket=20+,3,32,16,50.0,56,52.1859,50.8407,11.555,-1.3452,True,Lopptyp = 3-hästarslopp -> ScoreGap = 20+ -> Gul varning = Ja,"[{""variable"":""Lopptyp"",""column"":""race_type"",""value"":""3-hästarslopp""},{""variable"":""ScoreGap"",""column"":""score_gap_bucket"",""value"":""20+""},{""variable"":""Gul varning"",""column"":""yellow_warning"",""value"":true}]",32,48.0895,0.7619
121,spike_gap_bucket=40+ AND spread_bucket=70–80 AND yellow_warning=true,spike_gap_bucket=40+ AND spread_bucket=70–80,3,9,6,66.6667,18,53.3391,57.7816,18.4959,4.4425,True,SpikeGap = 40+ -> Spread = 70–80 -> Gul varning = Ja,"[{""variable"":""SpikeGap"",""column"":""spike_gap_bucket"",""value"":""40+""},{""variable"":""Spread"",""column"":""spread_bucket"",""value"":""70–80""},{""variable"":""Gul varning"",""column"":""yellow_warning"",""value"":true}]",9,48.0469,0.4737
122,race_type=3-hästarslopp AND spike_gap_bucket=40+ AND value_count_bucket=1,race_type=3-hästarslopp AND spike_gap_bucket=40+,3,13,7,53.8462,39,55.3581,54.7625,15.4768,-0.5956,True,Lopptyp = 3-hästarslopp -> SpikeGap = 40+ -> Antal value = 1,"[{""variable"":""Lopptyp"",""column"":""race_type"",""value"":""3-hästarslopp""},{""variable"":""SpikeGap"",""column"":""spike_gap_bucket"",""value"":""40+""},{""variable"":""Antal value"",""column"":""value_count_bucket"",""value"":""1""}]",13,48.0335,0.5652
123,race_type=3-hästarslopp AND red_warning=false AND spike_gap_bucket=40+ AND spike_score_bucket=375–400,race_type=3-hästarslopp AND red_warning=false AND spike_gap_bucket=40+,4,10,5,50.0,35,60.1302,56.7535,17.4678,-3.3767,True,Lopptyp = 3-hästarslopp -> Röd varning = Nej -> SpikeGap = 40+ -> SpikeScore = 375–400,"[{""variable"":""Lopptyp"",""column"":""race_type"",""value"":""3-hästarslopp""},{""variable"":""Röd varning"",""column"":""red_warning"",""value"":false},{""variable"":""SpikeGap"",""column"":""spike_gap_bucket"",""value"":""40+""},{""variable"":""SpikeScore"",""column"":""spike_score_bucket"",""value"":""375–400""}]",10,48.0196,0.5
124,race_type=3-hästarslopp AND spread_bucket=80+,race_type=3-hästarslopp,2,56,28,50.0,77,48.3063,49.5543,10.2686,1.248,True,Lopptyp = 3-hästarslopp -> Spread = 80+,"[{""variable"":""Lopptyp"",""column"":""race_type"",""value"":""3-hästarslopp""},{""variable"":""Spread"",""column"":""spread_bucket"",""value"":""80+""}]",56,47.9985,0.8485
125,race_type=3-hästarslopp AND red_warning=false AND spike_gap_bucket=40+ AND spread_bucket=70–80 AND yellow_warning=true,red_warning=false AND spike_gap_bucket=40+ AND spread_bucket=70–80 AND yellow_warning=true,5,4,3,75.0,6,66.236,69.7416,30.4559,3.5056,False,Lopptyp = 3-hästarslopp -> Röd varning = Nej -> SpikeGap = 40+ -> Spread = 70–80 -> Gul varning = Ja,"[{""variable"":""Lopptyp"",""column"":""race_type"",""value"":""3-hästarslopp""},{""variable"":""Röd varning"",""column"":""red_warning"",""value"":false},{""variable"":""SpikeGap"",""column"":""spike_gap_bucket"",""value"":""40+""},{""variable"":""Spread"",""column"":""spread_bucket"",""value"":""70–80""},{""variable"":""Gul varning"",""column"":""yellow_warning"",""value"":true}]",4,47.9874,0.2857
126,red_warning=false AND spike_gap_bucket=40+,spike_gap_bucket=40+,2,93,46,49.4624,107,46.3442,48.9105,9.6248,2.5663,True,Röd varning = Nej -> SpikeGap = 40+,"[{""variable"":""Röd varning"",""column"":""red_warning"",""value"":false},{""variable"":""SpikeGap"",""column"":""spike_gap_bucket"",""value"":""40+""}]",93,47.9761,0.9029
127,red_warning=false AND spike_score_bucket=400+ AND yellow_warning=true,spike_score_bucket=400+ AND yellow_warning=true,3,7,5,71.4286,10,52.4567,60.2686,20.9829,7.8119,True,Röd varning = Nej -> SpikeScore = 400+ -> Gul varning = Ja,"[{""variable"":""Röd varning"",""column"":""red_warning"",""value"":false},{""variable"":""SpikeScore"",""column"":""spike_score_bucket"",""value"":""400+""},{""variable"":""Gul varning"",""column"":""yellow_warning"",""value"":true}]",7,47.9257,0.4118
128,race_type=3-hästarslopp AND score_gap_bucket=20+ AND spike_score_bucket=350–375 AND yellow_warning=false,race_type=3-hästarslopp AND score_gap_bucket=20+ AND yellow_warning=false,4,11,6,54.5455,24,56.399,55.7413,16.4556,-0.6577,True,Lopptyp = 3-hästarslopp -> ScoreGap = 20+ -> SpikeScore = 350–375 -> Gul varning = Nej,"[{""variable"":""Lopptyp"",""column"":""race_type"",""value"":""3-hästarslopp""},{""variable"":""ScoreGap"",""column"":""score_gap_bucket"",""value"":""20+""},{""variable"":""SpikeScore"",""column"":""spike_score_bucket"",""value"":""350–375""},{""variable"":""Gul varning"",""column"":""yellow_warning"",""value"":false}]",11,47.9053,0.5238
129,race_type=3-hästarslopp AND red_warning=false AND spike_score_bucket=350–375,race_type=3-hästarslopp AND red_warning=false,3,30,15,50.0,70,51.8458,50.7383,11.4526,-1.1075,True,Lopptyp = 3-hästarslopp -> Röd varning = Nej -> SpikeScore = 350–375,"[{""variable"":""Lopptyp"",""column"":""race_type"",""value"":""3-hästarslopp""},{""variable"":""Röd varning"",""column"":""red_warning"",""value"":false},{""variable"":""SpikeScore"",""column"":""spike_score_bucket"",""value"":""350–375""}]",30,47.8752,0.75
130,red_warning=false AND spread_bucket=80+ AND value_count_bucket=2,spread_bucket=80+ AND value_count_bucket=2,3,11,7,63.6364,14,49.3804,55.653,16.3673,6.2726,True,Röd varning = Nej -> Spread = 80+ -> Antal value = 2,"[{""variable"":""Röd varning"",""column"":""red_warning"",""value"":false},{""variable"":""Spread"",""column"":""spread_bucket"",""value"":""80+""},{""variable"":""Antal value"",""column"":""value_count_bucket"",""value"":""2""}]",11,47.8591,0.5238
131,race_type=Öppet lopp AND spike_score_bucket=400+ AND spread_bucket=80+ AND yellow_warning=true,spike_score_bucket=400+ AND spread_bucket=80+ AND yellow_warning=true,4,3,3,100.0,7,66.151,76.3057,37.02,10.1547,False,Lopptyp = Öppet lopp -> SpikeScore = 400+ -> Spread = 80+ -> Gul varning = Ja,"[{""variable"":""Lopptyp"",""column"":""race_type"",""value"":""Öppet lopp""},{""variable"":""SpikeScore"",""column"":""spike_score_bucket"",""value"":""400+""},{""variable"":""Spread"",""column"":""spread_bucket"",""value"":""80+""},{""variable"":""Gul varning"",""column"":""yellow_warning"",""value"":true}]",3,47.8288,0.2308
132,red_warning=false AND spike_gap_bucket=40+ AND spread_bucket=80+ AND value_count_bucket=2,red_warning=false AND spike_gap_bucket=40+ AND spread_bucket=80+,4,7,5,71.4286,40,55.9666,59.9753,20.6895,4.0087,True,Röd varning = Nej -> SpikeGap = 40+ -> Spread = 80+ -> Antal value = 2,"[{""variable"":""Röd varning"",""column"":""red_warning"",""value"":false},{""variable"":""SpikeGap"",""column"":""spike_gap_bucket"",""value"":""40+""},{""variable"":""Spread"",""column"":""spread_bucket"",""value"":""80+""},{""variable"":""Antal value"",""column"":""value_count_bucket"",""value"":""2""}]",7,47.805,0.4118
133,race_type=Öppet lopp AND score_gap_bucket=20+ AND spike_score_bucket=400+ AND yellow_warning=true,score_gap_bucket=20+ AND spike_score_bucket=400+ AND yellow_warning=true,4,3,3,100.0,6,64.0354,76.0236,36.7379,11.9882,False,Lopptyp = Öppet lopp -> ScoreGap = 20+ -> SpikeScore = 400+ -> Gul varning = Ja,"[{""variable"":""Lopptyp"",""column"":""race_type"",""value"":""Öppet lopp""},{""variable"":""ScoreGap"",""column"":""score_gap_bucket"",""value"":""20+""},{""variable"":""SpikeScore"",""column"":""spike_score_bucket"",""value"":""400+""},{""variable"":""Gul varning"",""column"":""yellow_warning"",""value"":true}]",3,47.7637,0.2308
134,race_type=3-hästarslopp AND spike_score_bucket=325–350 AND yellow_warning=false,race_type=3-hästarslopp AND spike_score_bucket=325–350,3,5,4,80.0,12,58.3164,64.6939,25.4082,6.3775,True,Lopptyp = 3-hästarslopp -> SpikeScore = 325–350 -> Gul varning = Nej,"[{""variable"":""Lopptyp"",""column"":""race_type"",""value"":""3-hästarslopp""},{""variable"":""SpikeScore"",""column"":""spike_score_bucket"",""value"":""325–350""},{""variable"":""Gul varning"",""column"":""yellow_warning"",""value"":false}]",5,47.7551,0.3333
135,race_type=Öppet lopp AND score_gap_bucket=20+ AND spike_gap_bucket=40+ AND spike_score_bucket=325–350,score_gap_bucket=20+ AND spike_gap_bucket=40+ AND spike_score_bucket=325–350,4,5,3,60.0,13,66.486,64.6843,25.3986,-1.8017,True,Lopptyp = Öppet lopp -> ScoreGap = 20+ -> SpikeGap = 40+ -> SpikeScore = 325–350,"[{""variable"":""Lopptyp"",""column"":""race_type"",""value"":""Öppet lopp""},{""variable"":""ScoreGap"",""column"":""score_gap_bucket"",""value"":""20+""},{""variable"":""SpikeGap"",""column"":""spike_gap_bucket"",""value"":""40+""},{""variable"":""SpikeScore"",""column"":""spike_score_bucket"",""value"":""325–350""}]",5,47.7519,0.3333
136,race_type=3-hästarslopp AND spike_gap_bucket=40+ AND spike_score_bucket=325–350 AND value_count_bucket=1,race_type=3-hästarslopp AND spike_gap_bucket=40+ AND spike_score_bucket=325–350,4,4,3,75.0,10,66.4679,68.9056,29.6199,2.4377,False,Lopptyp = 3-hästarslopp -> SpikeGap = 40+ -> SpikeScore = 325–350 -> Antal value = 1,"[{""variable"":""Lopptyp"",""column"":""race_type"",""value"":""3-hästarslopp""},{""variable"":""SpikeGap"",""column"":""spike_gap_bucket"",""value"":""40+""},{""variable"":""SpikeScore"",""column"":""spike_score_bucket"",""value"":""325–350""},{""variable"":""Antal value"",""column"":""value_count_bucket"",""value"":""1""}]",4,47.7485,0.2857
137,score_gap_bucket=20+ AND spread_bucket=80+ AND value_count_bucket=2,score_gap_bucket=20+ AND value_count_bucket=2,3,9,6,66.6667,12,49.8424,57.0528,17.7671,7.2104,True,ScoreGap = 20+ -> Spread = 80+ -> Antal value = 2,"[{""variable"":""ScoreGap"",""column"":""score_gap_bucket"",""value"":""20+""},{""variable"":""Spread"",""column"":""spread_bucket"",""value"":""80+""},{""variable"":""Antal value"",""column"":""value_count_bucket"",""value"":""2""}]",9,47.7017,0.4737
138,race_type=3-hästarslopp AND score_gap_bucket=20+ AND spike_gap_bucket=40+ AND spike_score_bucket=325–350 AND yellow_warning=false,race_type=3-hästarslopp AND score_gap_bucket=20+ AND spike_gap_bucket=40+ AND spike_score_bucket=325–350,5,3,2,66.6667,8,78.9865,75.6265,36.3408,-3.36,False,Lopptyp = 3-hästarslopp -> ScoreGap = 20+ -> SpikeGap = 40+ -> SpikeScore = 325–350 -> Gul varning = Nej,"[{""variable"":""Lopptyp"",""column"":""race_type"",""value"":""3-hästarslopp""},{""variable"":""ScoreGap"",""column"":""score_gap_bucket"",""value"":""20+""},{""variable"":""SpikeGap"",""column"":""spike_gap_bucket"",""value"":""40+""},{""variable"":""SpikeScore"",""column"":""spike_score_bucket"",""value"":""325–350""},{""variable"":""Gul varning"",""column"":""yellow_warning"",""value"":false}]",3,47.672,0.2308
139,race_type=3-hästarslopp AND spread_bucket=70–80 AND yellow_warning=false,race_type=3-hästarslopp AND yellow_warning=false,3,10,6,60.0,33,54.0778,56.0519,16.7662,1.9741,True,Lopptyp = 3-hästarslopp -> Spread = 70–80 -> Gul varning = Nej,"[{""variable"":""Lopptyp"",""column"":""race_type"",""value"":""3-hästarslopp""},{""variable"":""Spread"",""column"":""spread_bucket"",""value"":""70–80""},{""variable"":""Gul varning"",""column"":""yellow_warning"",""value"":false}]",10,47.6688,0.5
140,race_type=Öppet lopp AND spike_score_bucket=350–375 AND yellow_warning=false,spike_score_bucket=350–375 AND yellow_warning=false,3,19,10,52.6316,34,51.5491,52.0765,12.7907,0.5274,True,Lopptyp = Öppet lopp -> SpikeScore = 350–375 -> Gul varning = Nej,"[{""variable"":""Lopptyp"",""column"":""race_type"",""value"":""Öppet lopp""},{""variable"":""SpikeScore"",""column"":""spike_score_bucket"",""value"":""350–375""},{""variable"":""Gul varning"",""column"":""yellow_warning"",""value"":false}]",19,47.6659,0.6552
141,score_gap_bucket=20+ AND spike_gap_bucket=40+ AND spike_score_bucket=325–350 AND value_count_bucket=1,score_gap_bucket=20+ AND spike_gap_bucket=40+ AND spike_score_bucket=325–350,4,4,3,75.0,13,66.486,68.4893,29.2036,2.0033,False,ScoreGap = 20+ -> SpikeGap = 40+ -> SpikeScore = 325–350 -> Antal value = 1,"[{""variable"":""ScoreGap"",""column"":""score_gap_bucket"",""value"":""20+""},{""variable"":""SpikeGap"",""column"":""spike_gap_bucket"",""value"":""40+""},{""variable"":""SpikeScore"",""column"":""spike_score_bucket"",""value"":""325–350""},{""variable"":""Antal value"",""column"":""value_count_bucket"",""value"":""1""}]",4,47.6296,0.2857
142,race_type=3-hästarslopp AND spike_gap_bucket=0–10 AND spread_bucket=80+,race_type=3-hästarslopp AND spike_gap_bucket=0–10,3,8,5,62.5,9,54.0043,58.0023,18.7166,3.998,True,Lopptyp = 3-hästarslopp -> SpikeGap = 0–10 -> Spread = 80+,"[{""variable"":""Lopptyp"",""column"":""race_type"",""value"":""3-hästarslopp""},{""variable"":""SpikeGap"",""column"":""spike_gap_bucket"",""value"":""0–10""},{""variable"":""Spread"",""column"":""spread_bucket"",""value"":""80+""}]",8,47.6042,0.4444
143,race_type=3-hästarslopp AND red_warning=false AND spike_gap_bucket=0–10,race_type=3-hästarslopp AND spike_gap_bucket=0–10,3,8,5,62.5,9,54.0043,58.0023,18.7166,3.998,True,Lopptyp = 3-hästarslopp -> Röd varning = Nej -> SpikeGap = 0–10,"[{""variable"":""Lopptyp"",""column"":""race_type"",""value"":""3-hästarslopp""},{""variable"":""Röd varning"",""column"":""red_warning"",""value"":false},{""variable"":""SpikeGap"",""column"":""spike_gap_bucket"",""value"":""0–10""}]",8,47.6042,0.4444
144,score_gap_bucket=0–5 AND spike_gap_bucket=40+ AND spike_score_bucket=325–350 AND yellow_warning=false,spike_gap_bucket=40+ AND spike_score_bucket=325–350 AND yellow_warning=false,4,3,3,100.0,13,69.5163,75.232,35.9463,5.7157,False,ScoreGap = 0–5 -> SpikeGap = 40+ -> SpikeScore = 325–350 -> Gul varning = Nej,"[{""variable"":""ScoreGap"",""column"":""score_gap_bucket"",""value"":""0–5""},{""variable"":""SpikeGap"",""column"":""spike_gap_bucket"",""value"":""40+""},{""variable"":""SpikeScore"",""column"":""spike_score_bucket"",""value"":""325–350""},{""variable"":""Gul varning"",""column"":""yellow_warning"",""value"":false}]",3,47.581,0.2308
145,race_type=3-hästarslopp AND red_warning=false AND yellow_warning=true,race_type=3-hästarslopp AND red_warning=false,3,37,18,48.6486,70,51.8458,49.7705,10.4847,-2.0753,True,Lopptyp = 3-hästarslopp -> Röd varning = Nej -> Gul varning = Ja,"[{""variable"":""Lopptyp"",""column"":""race_type"",""value"":""3-hästarslopp""},{""variable"":""Röd varning"",""column"":""red_warning"",""value"":false},{""variable"":""Gul varning"",""column"":""yellow_warning"",""value"":true}]",37,47.5397,0.7872
146,red_warning=false AND spike_score_bucket=325–350,spike_score_bucket=325–350,2,42,22,52.381,58,43.4066,49.486,10.2003,6.0794,True,Röd varning = Nej -> SpikeScore = 325–350,"[{""variable"":""Röd varning"",""column"":""red_warning"",""value"":false},{""variable"":""SpikeScore"",""column"":""spike_score_bucket"",""value"":""325–350""}]",42,47.5244,0.8077
147,score_gap_bucket=20+ AND spike_gap_bucket=40+ AND spread_bucket=70–80,spike_gap_bucket=40+ AND spread_bucket=70–80,3,10,6,60.0,18,53.3391,55.718,16.4323,2.3789,True,ScoreGap = 20+ -> SpikeGap = 40+ -> Spread = 70–80,"[{""variable"":""ScoreGap"",""column"":""score_gap_bucket"",""value"":""20+""},{""variable"":""SpikeGap"",""column"":""spike_gap_bucket"",""value"":""40+""},{""variable"":""Spread"",""column"":""spread_bucket"",""value"":""70–80""}]",10,47.5019,0.5
148,race_type=3-hästarslopp AND red_warning=false AND spike_gap_bucket=40+ AND spike_score_bucket=350–375,race_type=3-hästarslopp AND red_warning=false AND spike_gap_bucket=40+,4,11,5,45.4545,35,60.1302,54.9227,15.637,-5.2075,True,Lopptyp = 3-hästarslopp -> Röd varning = Nej -> SpikeGap = 40+ -> SpikeScore = 350–375,"[{""variable"":""Lopptyp"",""column"":""race_type"",""value"":""3-hästarslopp""},{""variable"":""Röd varning"",""column"":""red_warning"",""value"":false},{""variable"":""SpikeGap"",""column"":""spike_gap_bucket"",""value"":""40+""},{""variable"":""SpikeScore"",""column"":""spike_score_bucket"",""value"":""350–375""}]",11,47.4765,0.5238
149,red_warning=false AND spike_gap_bucket=40+ AND spread_bucket=70–80 AND value_count_bucket=1,red_warning=false AND spike_gap_bucket=40+ AND spread_bucket=70–80,4,4,4,100.0,15,59.3971,67.9451,28.6594,8.548,False,Röd varning = Nej -> SpikeGap = 40+ -> Spread = 70–80 -> Antal value = 1,"[{""variable"":""Röd varning"",""column"":""red_warning"",""value"":false},{""variable"":""SpikeGap"",""column"":""spike_gap_bucket"",""value"":""40+""},{""variable"":""Spread"",""column"":""spread_bucket"",""value"":""70–80""},{""variable"":""Antal value"",""column"":""value_count_bucket"",""value"":""1""}]",4,47.4741,0.2857
150,spike_gap_bucket=40+ AND spike_score_bucket=325–350 AND spread_bucket=70–80,spike_gap_bucket=40+ AND spike_score_bucket=325–350,3,5,4,80.0,24,59.7019,63.7615,24.4758,4.0596,True,SpikeGap = 40+ -> SpikeScore = 325–350 -> Spread = 70–80,"[{""variable"":""SpikeGap"",""column"":""spike_gap_bucket"",""value"":""40+""},{""variable"":""SpikeScore"",""column"":""spike_score_bucket"",""value"":""325–350""},{""variable"":""Spread"",""column"":""spread_bucket"",""value"":""70–80""}]",5,47.4443,0.3333
151,race_type=3-hästarslopp AND score_gap_bucket=20+ AND spike_gap_bucket=40+ AND spread_bucket=70–80,race_type=3-hästarslopp AND score_gap_bucket=20+ AND spike_gap_bucket=40+,4,7,4,57.1429,27,59.7269,59.057,19.7712,-0.6699,True,Lopptyp = 3-hästarslopp -> ScoreGap = 20+ -> SpikeGap = 40+ -> Spread = 70–80,"[{""variable"":""Lopptyp"",""column"":""race_type"",""value"":""3-hästarslopp""},{""variable"":""ScoreGap"",""column"":""score_gap_bucket"",""value"":""20+""},{""variable"":""SpikeGap"",""column"":""spike_gap_bucket"",""value"":""40+""},{""variable"":""Spread"",""column"":""spread_bucket"",""value"":""70–80""}]",7,47.4268,0.4118
152,spike_gap_bucket=40+ AND spread_bucket=80+ AND yellow_warning=true,spike_gap_bucket=40+ AND spread_bucket=80+,3,20,10,50.0,41,52.8997,51.4499,12.1641,-1.4498,True,SpikeGap = 40+ -> Spread = 80+ -> Gul varning = Ja,"[{""variable"":""SpikeGap"",""column"":""spike_gap_bucket"",""value"":""40+""},{""variable"":""Spread"",""column"":""spread_bucket"",""value"":""80+""},{""variable"":""Gul varning"",""column"":""yellow_warning"",""value"":true}]",20,47.3952,0.6667
153,race_type=3-hästarslopp AND spike_gap_bucket=40+ AND spike_score_bucket=350–375 AND yellow_warning=false,race_type=3-hästarslopp AND spike_gap_bucket=40+ AND yellow_warning=false,4,7,4,57.1429,17,59.653,58.9209,19.6352,-0.7321,True,Lopptyp = 3-hästarslopp -> SpikeGap = 40+ -> SpikeScore = 350–375 -> Gul varning = Nej,"[{""variable"":""Lopptyp"",""column"":""race_type"",""value"":""3-hästarslopp""},{""variable"":""SpikeGap"",""column"":""spike_gap_bucket"",""value"":""40+""},{""variable"":""SpikeScore"",""column"":""spike_score_bucket"",""value"":""350–375""},{""variable"":""Gul varning"",""column"":""yellow_warning"",""value"":false}]",7,47.3708,0.4118
154,race_type=3-hästarslopp AND spike_gap_bucket=40+ AND spread_bucket=70–80 AND yellow_warning=false,race_type=3-hästarslopp AND spike_gap_bucket=40+ AND yellow_warning=false,4,7,4,57.1429,17,59.653,58.9209,19.6352,-0.7321,True,Lopptyp = 3-hästarslopp -> SpikeGap = 40+ -> Spread = 70–80 -> Gul varning = Nej,"[{""variable"":""Lopptyp"",""column"":""race_type"",""value"":""3-hästarslopp""},{""variable"":""SpikeGap"",""column"":""spike_gap_bucket"",""value"":""40+""},{""variable"":""Spread"",""column"":""spread_bucket"",""value"":""70–80""},{""variable"":""Gul varning"",""column"":""yellow_warning"",""value"":false}]",7,47.3708,0.4118
155,race_type=Öppet lopp AND red_warning=false AND spike_score_bucket=400+ AND yellow_warning=true,race_type=Öppet lopp AND spike_score_bucket=400+ AND yellow_warning=true,4,4,3,75.0,5,61.6378,67.5766,28.2908,5.9388,False,Lopptyp = Öppet lopp -> Röd varning = Nej -> SpikeScore = 400+ -> Gul varning = Ja,"[{""variable"":""Lopptyp"",""column"":""race_type"",""value"":""Öppet lopp""},{""variable"":""Röd varning"",""column"":""red_warning"",""value"":false},{""variable"":""SpikeScore"",""column"":""spike_score_bucket"",""value"":""400+""},{""variable"":""Gul varning"",""column"":""yellow_warning"",""value"":true}]",4,47.3688,0.2857
156,score_gap_bucket=20+ AND spike_gap_bucket=40+ AND spike_score_bucket=400+,score_gap_bucket=20+ AND spike_gap_bucket=40+,3,9,6,66.6667,56,51.6695,56.3238,17.0381,4.6543,True,ScoreGap = 20+ -> SpikeGap = 40+ -> SpikeScore = 400+,"[{""variable"":""ScoreGap"",""column"":""score_gap_bucket"",""value"":""20+""},{""variable"":""SpikeGap"",""column"":""spike_gap_bucket"",""value"":""40+""},{""variable"":""SpikeScore"",""column"":""spike_score_bucket"",""value"":""400+""}]",9,47.3564,0.4737
157,race_type=3-hästarslopp AND spike_score_bucket=325–350 AND spread_bucket=80+ AND yellow_warning=true,race_type=3-hästarslopp AND spike_score_bucket=325–350 AND spread_bucket=80+,4,4,3,75.0,7,63.1472,67.4573,28.1716,4.3101,False,Lopptyp = 3-hästarslopp -> SpikeScore = 325–350 -> Spread = 80+ -> Gul varning = Ja,"[{""variable"":""Lopptyp"",""column"":""race_type"",""value"":""3-hästarslopp""},{""variable"":""SpikeScore"",""column"":""spike_score_bucket"",""value"":""325–350""},{""variable"":""Spread"",""column"":""spread_bucket"",""value"":""80+""},{""variable"":""Gul varning"",""column"":""yellow_warning"",""value"":true}]",4,47.3347,0.2857
158,score_gap_bucket=20+ AND spike_score_bucket=325–350 AND spread_bucket=80+ AND yellow_warning=false,score_gap_bucket=20+ AND spike_score_bucket=325–350 AND spread_bucket=80+,4,4,3,75.0,7,62.8696,67.2807,27.9949,4.4111,False,ScoreGap = 20+ -> SpikeScore = 325–350 -> Spread = 80+ -> Gul varning = Nej,"[{""variable"":""ScoreGap"",""column"":""score_gap_bucket"",""value"":""20+""},{""variable"":""SpikeScore"",""column"":""spike_score_bucket"",""value"":""325–350""},{""variable"":""Spread"",""column"":""spread_bucket"",""value"":""80+""},{""variable"":""Gul varning"",""column"":""yellow_warning"",""value"":false}]",4,47.2843,0.2857
159,race_type=3-hästarslopp,,1,77,39,50.6494,252,39.2857,48.3063,9.0206,9.0206,True,Lopptyp = 3-hästarslopp,"[{""variable"":""Lopptyp"",""column"":""race_type"",""value"":""3-hästarslopp""}]",77,47.2695,0.8851
160,spike_gap_bucket=40+ AND spike_score_bucket=325–350 AND spread_bucket=80+ AND yellow_warning=true,spike_gap_bucket=40+ AND spike_score_bucket=325–350 AND spread_bucket=80+,4,3,3,100.0,8,64.0728,73.8711,34.5854,9.7983,False,SpikeGap = 40+ -> SpikeScore = 325–350 -> Spread = 80+ -> Gul varning = Ja,"[{""variable"":""SpikeGap"",""column"":""spike_gap_bucket"",""value"":""40+""},{""variable"":""SpikeScore"",""column"":""spike_score_bucket"",""value"":""325–350""},{""variable"":""Spread"",""column"":""spread_bucket"",""value"":""80+""},{""variable"":""Gul varning"",""column"":""yellow_warning"",""value"":true}]",3,47.267,0.2308
161,red_warning=false AND spike_score_bucket=325–350 AND spread_bucket=80+,red_warning=false AND spike_score_bucket=325–350,3,11,7,63.6364,42,49.486,54.5071,15.2214,5.0211,True,Röd varning = Nej -> SpikeScore = 325–350 -> Spread = 80+,"[{""variable"":""Röd varning"",""column"":""red_warning"",""value"":false},{""variable"":""SpikeScore"",""column"":""spike_score_bucket"",""value"":""325–350""},{""variable"":""Spread"",""column"":""spread_bucket"",""value"":""80+""}]",11,47.2588,0.5238
162,race_type=3-hästarslopp AND score_gap_bucket=20+ AND spread_bucket=70–80 AND yellow_warning=true,score_gap_bucket=20+ AND spread_bucket=70–80 AND yellow_warning=true,4,6,4,66.6667,13,57.6859,60.5219,21.2362,2.836,True,Lopptyp = 3-hästarslopp -> ScoreGap = 20+ -> Spread = 70–80 -> Gul varning = Ja,"[{""variable"":""Lopptyp"",""column"":""race_type"",""value"":""3-hästarslopp""},{""variable"":""ScoreGap"",""column"":""score_gap_bucket"",""value"":""20+""},{""variable"":""Spread"",""column"":""spread_bucket"",""value"":""70–80""},{""variable"":""Gul varning"",""column"":""yellow_warning"",""value"":true}]",6,47.2493,0.375
163,race_type=3-hästarslopp AND red_warning=false AND spike_score_bucket=325–350 AND spread_bucket=70–80 AND yellow_warning=true,race_type=3-hästarslopp AND red_warning=false AND spike_score_bucket=325–350 AND yellow_warning=true,5,2,2,100.0,5,81.812,87.0086,47.7229,5.1966,False,Lopptyp = 3-hästarslopp -> Röd varning = Nej -> SpikeScore = 325–350 -> Spread = 70–80 -> Gul varning = Ja,"[{""variable"":""Lopptyp"",""column"":""race_type"",""value"":""3-hästarslopp""},{""variable"":""Röd varning"",""column"":""red_warning"",""value"":false},{""variable"":""SpikeScore"",""column"":""spike_score_bucket"",""value"":""325–350""},{""variable"":""Spread"",""column"":""spread_bucket"",""value"":""70–80""},{""variable"":""Gul varning"",""column"":""yellow_warning"",""value"":true}]",2,47.2395,0.1667
164,score_gap_bucket=20+ AND spike_gap_bucket=40+ AND spike_score_bucket=350–375 AND spread_bucket=80+,score_gap_bucket=20+ AND spike_gap_bucket=40+ AND spread_bucket=80+,4,10,5,50.0,33,57.698,55.132,15.8463,-2.566,True,ScoreGap = 20+ -> SpikeGap = 40+ -> SpikeScore = 350–375 -> Spread = 80+,"[{""variable"":""ScoreGap"",""column"":""score_gap_bucket"",""value"":""20+""},{""variable"":""SpikeGap"",""column"":""spike_gap_bucket"",""value"":""40+""},{""variable"":""SpikeScore"",""column"":""spike_score_bucket"",""value"":""350–375""},{""variable"":""Spread"",""column"":""spread_bucket"",""value"":""80+""}]",10,47.2089,0.5
165,spike_gap_bucket=40+ AND spread_bucket=70–80 AND value_count_bucket=1,spike_gap_bucket=40+ AND spread_bucket=70–80,3,7,5,71.4286,18,53.3391,58.4042,19.1184,5.0651,True,SpikeGap = 40+ -> Spread = 70–80 -> Antal value = 1,"[{""variable"":""SpikeGap"",""column"":""spike_gap_bucket"",""value"":""40+""},{""variable"":""Spread"",""column"":""spread_bucket"",""value"":""70–80""},{""variable"":""Antal value"",""column"":""value_count_bucket"",""value"":""1""}]",7,47.158,0.4118
166,race_type=Öppet lopp AND score_gap_bucket=20+ AND spike_score_bucket=350–375 AND yellow_warning=false,score_gap_bucket=20+ AND spike_score_bucket=350–375 AND yellow_warning=false,4,8,5,62.5,19,54.6406,56.9693,17.6836,2.3287,True,Lopptyp = Öppet lopp -> ScoreGap = 20+ -> SpikeScore = 350–375 -> Gul varning = Nej,"[{""variable"":""Lopptyp"",""column"":""race_type"",""value"":""Öppet lopp""},{""variable"":""ScoreGap"",""column"":""score_gap_bucket"",""value"":""20+""},{""variable"":""SpikeScore"",""column"":""spike_score_bucket"",""value"":""350–375""},{""variable"":""Gul varning"",""column"":""yellow_warning"",""value"":false}]",8,47.1451,0.4444
167,race_type=3-hästarslopp AND spike_gap_bucket=40+ AND spike_score_bucket=350–375 AND spread_bucket=80+ AND yellow_warning=false,race_type=3-hästarslopp AND spike_gap_bucket=40+ AND spread_bucket=80+ AND yellow_warning=false,5,4,3,75.0,10,63.4852,66.7751,27.4894,3.2899,False,Lopptyp = 3-hästarslopp -> SpikeGap = 40+ -> SpikeScore = 350–375 -> Spread = 80+ -> Gul varning = Nej,"[{""variable"":""Lopptyp"",""column"":""race_type"",""value"":""3-hästarslopp""},{""variable"":""SpikeGap"",""column"":""spike_gap_bucket"",""value"":""40+""},{""variable"":""SpikeScore"",""column"":""spike_score_bucket"",""value"":""350–375""},{""variable"":""Spread"",""column"":""spread_bucket"",""value"":""80+""},{""variable"":""Gul varning"",""column"":""yellow_warning"",""value"":false}]",4,47.1398,0.2857
168,spike_gap_bucket=40+ AND spike_score_bucket=325–350 AND value_count_bucket=1,spike_gap_bucket=40+ AND spike_score_bucket=325–350,3,8,4,50.0,24,59.7019,56.9299,17.6442,-2.772,True,SpikeGap = 40+ -> SpikeScore = 325–350 -> Antal value = 1,"[{""variable"":""SpikeGap"",""column"":""spike_gap_bucket"",""value"":""40+""},{""variable"":""SpikeScore"",""column"":""spike_score_bucket"",""value"":""325–350""},{""variable"":""Antal value"",""column"":""value_count_bucket"",""value"":""1""}]",8,47.1276,0.4444
169,race_type=3-hästarslopp AND red_warning=false AND spread_bucket=80+ AND yellow_warning=true,race_type=3-hästarslopp AND red_warning=false AND spread_bucket=80+,4,29,14,48.2759,52,51.9016,49.7558,10.47,-2.1458,True,Lopptyp = 3-hästarslopp -> Röd varning = Nej -> Spread = 80+ -> Gul varning = Ja,"[{""variable"":""Lopptyp"",""column"":""race_type"",""value"":""3-hästarslopp""},{""variable"":""Röd varning"",""column"":""red_warning"",""value"":false},{""variable"":""Spread"",""column"":""spread_bucket"",""value"":""80+""},{""variable"":""Gul varning"",""column"":""yellow_warning"",""value"":true}]",29,47.0712,0.7436
170,race_type=3-hästarslopp AND spike_gap_bucket=40+ AND spike_score_bucket=350–375,race_type=3-hästarslopp AND spike_gap_bucket=40+,3,12,6,50.0,39,55.3581,53.3488,14.0631,-2.0093,True,Lopptyp = 3-hästarslopp -> SpikeGap = 40+ -> SpikeScore = 350–375,"[{""variable"":""Lopptyp"",""column"":""race_type"",""value"":""3-hästarslopp""},{""variable"":""SpikeGap"",""column"":""spike_gap_bucket"",""value"":""40+""},{""variable"":""SpikeScore"",""column"":""spike_score_bucket"",""value"":""350–375""}]",12,46.9565,0.5455
171,race_type=3-hästarslopp AND spike_score_bucket=350–375,race_type=3-hästarslopp,2,32,16,50.0,77,48.3063,49.3486,10.0629,1.0423,True,Lopptyp = 3-hästarslopp -> SpikeScore = 350–375,"[{""variable"":""Lopptyp"",""column"":""race_type"",""value"":""3-hästarslopp""},{""variable"":""SpikeScore"",""column"":""spike_score_bucket"",""value"":""350–375""}]",32,46.9527,0.7619
172,spike_score_bucket=350–375 AND spread_bucket=80+,spike_score_bucket=350–375,2,28,15,53.5714,77,44.1826,49.6594,10.3737,5.4768,True,SpikeScore = 350–375 -> Spread = 80+,"[{""variable"":""SpikeScore"",""column"":""spike_score_bucket"",""value"":""350–375""},{""variable"":""Spread"",""column"":""spread_bucket"",""value"":""80+""}]",28,46.9295,0.7368
173,race_type=3-hästarslopp AND red_warning=false AND spike_score_bucket=350–375 AND spread_bucket=80+ AND yellow_warning=true,race_type=3-hästarslopp AND red_warning=false AND spike_score_bucket=350–375 AND spread_bucket=80+,5,12,6,50.0,21,55.1447,53.2154,13.9297,-1.9293,False,Lopptyp = 3-hästarslopp -> Röd varning = Nej -> SpikeScore = 350–375 -> Spread = 80+ -> Gul varning = Ja,"[{""variable"":""Lopptyp"",""column"":""race_type"",""value"":""3-hästarslopp""},{""variable"":""Röd varning"",""column"":""red_warning"",""value"":false},{""variable"":""SpikeScore"",""column"":""spike_score_bucket"",""value"":""350–375""},{""variable"":""Spread"",""column"":""spread_bucket"",""value"":""80+""},{""variable"":""Gul varning"",""column"":""yellow_warning"",""value"":true}]",12,46.8837,0.5455
174,race_type=3-hästarslopp AND spike_gap_bucket=40+ AND spike_score_bucket=350–375 AND spread_bucket=80+,race_type=3-hästarslopp AND spike_gap_bucket=40+ AND spread_bucket=80+,4,7,4,57.1429,25,57.9369,57.731,18.4453,-0.2059,True,Lopptyp = 3-hästarslopp -> SpikeGap = 40+ -> SpikeScore = 350–375 -> Spread = 80+,"[{""variable"":""Lopptyp"",""column"":""race_type"",""value"":""3-hästarslopp""},{""variable"":""SpikeGap"",""column"":""spike_gap_bucket"",""value"":""40+""},{""variable"":""SpikeScore"",""column"":""spike_score_bucket"",""value"":""350–375""},{""variable"":""Spread"",""column"":""spread_bucket"",""value"":""80+""}]",7,46.8808,0.4118
175,race_type=Öppet lopp AND spike_gap_bucket=40+ AND spread_bucket=80+,spike_gap_bucket=40+ AND spread_bucket=80+,3,16,8,50.0,41,52.8997,51.6109,12.3252,-1.2888,True,Lopptyp = Öppet lopp -> SpikeGap = 40+ -> Spread = 80+,"[{""variable"":""Lopptyp"",""column"":""race_type"",""value"":""Öppet lopp""},{""variable"":""SpikeGap"",""column"":""spike_gap_bucket"",""value"":""40+""},{""variable"":""Spread"",""column"":""spread_bucket"",""value"":""80+""}]",16,46.8704,0.6154
176,race_type=Öppet lopp AND spread_bucket=70–80 AND yellow_warning=true,spread_bucket=70–80 AND yellow_warning=true,3,9,6,66.6667,20,50.1817,55.2977,16.012,5.116,True,Lopptyp = Öppet lopp -> Spread = 70–80 -> Gul varning = Ja,"[{""variable"":""Lopptyp"",""column"":""race_type"",""value"":""Öppet lopp""},{""variable"":""Spread"",""column"":""spread_bucket"",""value"":""70–80""},{""variable"":""Gul varning"",""column"":""yellow_warning"",""value"":true}]",9,46.8703,0.4737
177,race_type=3-hästarslopp AND score_gap_bucket=20+ AND spike_gap_bucket=40+ AND spike_score_bucket=350–375 AND spread_bucket=80+,race_type=3-hästarslopp AND score_gap_bucket=20+ AND spike_gap_bucket=40+ AND spread_bucket=80+,5,6,3,50.0,20,62.3635,59.5104,20.2247,-2.8531,False,Lopptyp = 3-hästarslopp -> ScoreGap = 20+ -> SpikeGap = 40+ -> SpikeScore = 350–375 -> Spread = 80+,"[{""variable"":""Lopptyp"",""column"":""race_type"",""value"":""3-hästarslopp""},{""variable"":""ScoreGap"",""column"":""score_gap_bucket"",""value"":""20+""},{""variable"":""SpikeGap"",""column"":""spike_gap_bucket"",""value"":""40+""},{""variable"":""SpikeScore"",""column"":""spike_score_bucket"",""value"":""350–375""},{""variable"":""Spread"",""column"":""spread_bucket"",""value"":""80+""}]",6,46.87,0.375
178,race_type=3-hästarslopp AND score_gap_bucket=20+ AND spike_gap_bucket=40+ AND spike_score_bucket=375–400 AND yellow_warning=true,race_type=3-hästarslopp AND score_gap_bucket=20+ AND spike_gap_bucket=40+ AND yellow_warning=true,5,5,3,60.0,15,62.7011,62.0258,22.7401,-0.6753,False,Lopptyp = 3-hästarslopp -> ScoreGap = 20+ -> SpikeGap = 40+ -> SpikeScore = 375–400 -> Gul varning = Ja,"[{""variable"":""Lopptyp"",""column"":""race_type"",""value"":""3-hästarslopp""},{""variable"":""ScoreGap"",""column"":""score_gap_bucket"",""value"":""20+""},{""variable"":""SpikeGap"",""column"":""spike_gap_bucket"",""value"":""40+""},{""variable"":""SpikeScore"",""column"":""spike_score_bucket"",""value"":""375–400""},{""variable"":""Gul varning"",""column"":""yellow_warning"",""value"":true}]",5,46.8657,0.3333
179,race_type=Öppet lopp AND score_gap_bucket=20+ AND spike_score_bucket=325–350 AND yellow_warning=false,score_gap_bucket=20+ AND spike_score_bucket=325–350 AND yellow_warning=false,4,7,4,57.1429,11,57.9832,57.6564,18.3707,-0.3268,True,Lopptyp = Öppet lopp -> ScoreGap = 20+ -> SpikeScore = 325–350 -> Gul varning = Nej,"[{""variable"":""Lopptyp"",""column"":""race_type"",""value"":""Öppet lopp""},{""variable"":""ScoreGap"",""column"":""score_gap_bucket"",""value"":""20+""},{""variable"":""SpikeScore"",""column"":""spike_score_bucket"",""value"":""325–350""},{""variable"":""Gul varning"",""column"":""yellow_warning"",""value"":false}]",7,46.8501,0.4118
180,red_warning=false AND spike_gap_bucket=40+ AND spike_score_bucket=400+,spike_gap_bucket=40+ AND spike_score_bucket=400+,3,10,6,60.0,11,49.2543,54.3713,15.0856,5.117,True,Röd varning = Nej -> SpikeGap = 40+ -> SpikeScore = 400+,"[{""variable"":""Röd varning"",""column"":""red_warning"",""value"":false},{""variable"":""SpikeGap"",""column"":""spike_gap_bucket"",""value"":""40+""},{""variable"":""SpikeScore"",""column"":""spike_score_bucket"",""value"":""400+""}]",10,46.8285,0.5
181,race_type=3-hästarslopp AND red_warning=false AND spike_gap_bucket=0–10 AND spread_bucket=80+,race_type=3-hästarslopp AND spike_gap_bucket=0–10 AND spread_bucket=80+,4,7,4,57.1429,8,58.0023,57.6012,18.3155,-0.4011,True,Lopptyp = 3-hästarslopp -> Röd varning = Nej -> SpikeGap = 0–10 -> Spread = 80+,"[{""variable"":""Lopptyp"",""column"":""race_type"",""value"":""3-hästarslopp""},{""variable"":""Röd varning"",""column"":""red_warning"",""value"":false},{""variable"":""SpikeGap"",""column"":""spike_gap_bucket"",""value"":""0–10""},{""variable"":""Spread"",""column"":""spread_bucket"",""value"":""80+""}]",7,46.8274,0.4118
182,race_type=Öppet lopp AND score_gap_bucket=20+ AND spread_bucket=70–80 AND value_count_bucket=1,score_gap_bucket=20+ AND spread_bucket=70–80 AND value_count_bucket=1,4,6,4,66.6667,9,54.487,59.3589,20.0732,4.8719,True,Lopptyp = Öppet lopp -> ScoreGap = 20+ -> Spread = 70–80 -> Antal value = 1,"[{""variable"":""Lopptyp"",""column"":""race_type"",""value"":""Öppet lopp""},{""variable"":""ScoreGap"",""column"":""score_gap_bucket"",""value"":""20+""},{""variable"":""Spread"",""column"":""spread_bucket"",""value"":""70–80""},{""variable"":""Antal value"",""column"":""value_count_bucket"",""value"":""1""}]",6,46.8132,0.375
183,race_type=3-hästarslopp AND spread_bucket=70–80,race_type=3-hästarslopp,2,21,11,52.381,77,48.3063,50.3933,11.1076,2.087,True,Lopptyp = 3-hästarslopp -> Spread = 70–80,"[{""variable"":""Lopptyp"",""column"":""race_type"",""value"":""3-hästarslopp""},{""variable"":""Spread"",""column"":""spread_bucket"",""value"":""70–80""}]",21,46.8102,0.6774
184,red_warning=false AND spike_score_bucket=350–375,spike_score_bucket=350–375,2,63,31,49.2063,77,44.1826,47.9958,8.7101,3.8132,True,Röd varning = Nej -> SpikeScore = 350–375,"[{""variable"":""Röd varning"",""column"":""red_warning"",""value"":false},{""variable"":""SpikeScore"",""column"":""spike_score_bucket"",""value"":""350–375""}]",63,46.8026,0.863
185,race_type=3-hästarslopp AND spike_gap_bucket=40+ AND spread_bucket=70–80 AND yellow_warning=true,spike_gap_bucket=40+ AND spread_bucket=70–80 AND yellow_warning=true,4,7,4,57.1429,9,57.7816,57.5022,18.2164,-0.2794,True,Lopptyp = 3-hästarslopp -> SpikeGap = 40+ -> Spread = 70–80 -> Gul varning = Ja,"[{""variable"":""Lopptyp"",""column"":""race_type"",""value"":""3-hästarslopp""},{""variable"":""SpikeGap"",""column"":""spike_gap_bucket"",""value"":""40+""},{""variable"":""Spread"",""column"":""spread_bucket"",""value"":""70–80""},{""variable"":""Gul varning"",""column"":""yellow_warning"",""value"":true}]",7,46.7866,0.4118
186,score_gap_bucket=0–5 AND spike_gap_bucket=40+ AND spike_score_bucket=325–350 AND spread_bucket=<60 AND yellow_warning=false,spike_gap_bucket=40+ AND spike_score_bucket=325–350 AND spread_bucket=<60 AND yellow_warning=false,5,2,2,100.0,5,77.984,84.2743,44.9886,6.2903,False,ScoreGap = 0–5 -> SpikeGap = 40+ -> SpikeScore = 325–350 -> Spread = <60 -> Gul varning = Nej,"[{""variable"":""ScoreGap"",""column"":""score_gap_bucket"",""value"":""0–5""},{""variable"":""SpikeGap"",""column"":""spike_gap_bucket"",""value"":""40+""},{""variable"":""SpikeScore"",""column"":""spike_score_bucket"",""value"":""325–350""},{""variable"":""Spread"",""column"":""spread_bucket"",""value"":""<60""},{""variable"":""Gul varning"",""column"":""yellow_warning"",""value"":false}]",2,46.7838,0.1667
187,red_warning=false AND spread_bucket=70–80 AND value_count_bucket=1,spread_bucket=70–80 AND value_count_bucket=1,3,12,7,58.3333,15,48.7791,53.0254,13.7397,4.2463,True,Röd varning = Nej -> Spread = 70–80 -> Antal value = 1,"[{""variable"":""Röd varning"",""column"":""red_warning"",""value"":false},{""variable"":""Spread"",""column"":""spread_bucket"",""value"":""70–80""},{""variable"":""Antal value"",""column"":""value_count_bucket"",""value"":""1""}]",12,46.7801,0.5455
188,spike_gap_bucket=40+ AND spike_score_bucket=350–375 AND spread_bucket=<60 AND yellow_warning=false,spike_gap_bucket=40+ AND spike_score_bucket=350–375 AND yellow_warning=false,4,9,5,55.5556,21,54.8405,55.0624,15.7767,0.2219,True,SpikeGap = 40+ -> SpikeScore = 350–375 -> Spread = <60 -> Gul varning = Nej,"[{""variable"":""SpikeGap"",""column"":""spike_gap_bucket"",""value"":""40+""},{""variable"":""SpikeScore"",""column"":""spike_score_bucket"",""value"":""350–375""},{""variable"":""Spread"",""column"":""spread_bucket"",""value"":""<60""},{""variable"":""Gul varning"",""column"":""yellow_warning"",""value"":false}]",9,46.7589,0.4737
189,score_gap_bucket=20+ AND spike_score_bucket=350–375 AND spread_bucket=80+,spike_score_bucket=350–375 AND spread_bucket=80+,3,24,12,50.0,28,49.6594,49.8452,10.5595,0.1858,True,ScoreGap = 20+ -> SpikeScore = 350–375 -> Spread = 80+,"[{""variable"":""ScoreGap"",""column"":""score_gap_bucket"",""value"":""20+""},{""variable"":""SpikeScore"",""column"":""spike_score_bucket"",""value"":""350–375""},{""variable"":""Spread"",""column"":""spread_bucket"",""value"":""80+""}]",24,46.7395,0.7059
190,score_gap_bucket=20+ AND spike_gap_bucket=40+ AND spike_score_bucket=350–375,score_gap_bucket=20+ AND spike_gap_bucket=40+,3,18,9,50.0,56,51.6695,50.8787,11.593,-0.7908,True,ScoreGap = 20+ -> SpikeGap = 40+ -> SpikeScore = 350–375,"[{""variable"":""ScoreGap"",""column"":""score_gap_bucket"",""value"":""20+""},{""variable"":""SpikeGap"",""column"":""spike_gap_bucket"",""value"":""40+""},{""variable"":""SpikeScore"",""column"":""spike_score_bucket"",""value"":""350–375""}]",18,46.7383,0.6429
191,race_type=Öppet lopp AND spike_score_bucket=400+ AND yellow_warning=true,spike_score_bucket=400+ AND yellow_warning=true,3,5,4,80.0,10,52.4567,61.6378,22.3521,9.1811,True,Lopptyp = Öppet lopp -> SpikeScore = 400+ -> Gul varning = Ja,"[{""variable"":""Lopptyp"",""column"":""race_type"",""value"":""Öppet lopp""},{""variable"":""SpikeScore"",""column"":""spike_score_bucket"",""value"":""400+""},{""variable"":""Gul varning"",""column"":""yellow_warning"",""value"":true}]",5,46.7364,0.3333
192,spike_score_bucket=350–375 AND spread_bucket=<60 AND yellow_warning=false,spike_score_bucket=350–375 AND yellow_warning=false,3,13,7,53.8462,34,51.5491,52.454,13.1683,0.9049,True,SpikeScore = 350–375 -> Spread = <60 -> Gul varning = Nej,"[{""variable"":""SpikeScore"",""column"":""spike_score_bucket"",""value"":""350–375""},{""variable"":""Spread"",""column"":""spread_bucket"",""value"":""<60""},{""variable"":""Gul varning"",""column"":""yellow_warning"",""value"":false}]",13,46.7287,0.5652
193,score_gap_bucket=15–20 AND spike_gap_bucket=40+ AND yellow_warning=false,spike_gap_bucket=40+ AND yellow_warning=false,3,7,5,71.4286,53,52.4231,57.3504,18.0647,4.9273,True,ScoreGap = 15–20 -> SpikeGap = 40+ -> Gul varning = Nej,"[{""variable"":""ScoreGap"",""column"":""score_gap_bucket"",""value"":""15–20""},{""variable"":""SpikeGap"",""column"":""spike_gap_bucket"",""value"":""40+""},{""variable"":""Gul varning"",""column"":""yellow_warning"",""value"":false}]",7,46.7241,0.4118
194,spike_gap_bucket=40+ AND spike_score_bucket=350–375 AND spread_bucket=80+,spike_gap_bucket=40+ AND spread_bucket=80+,3,11,6,54.5455,41,52.8997,53.4837,14.198,0.584,True,SpikeGap = 40+ -> SpikeScore = 350–375 -> Spread = 80+,"[{""variable"":""SpikeGap"",""column"":""spike_gap_bucket"",""value"":""40+""},{""variable"":""SpikeScore"",""column"":""spike_score_bucket"",""value"":""350–375""},{""variable"":""Spread"",""column"":""spread_bucket"",""value"":""80+""}]",11,46.7228,0.5238
195,score_gap_bucket=20+ AND spike_gap_bucket=40+ AND spike_score_bucket=325–350 AND spread_bucket=80+ AND yellow_warning=false,score_gap_bucket=20+ AND spike_gap_bucket=40+ AND spike_score_bucket=325–350 AND yellow_warning=false,5,3,2,66.6667,6,73.8796,71.4753,32.1896,-2.4043,False,ScoreGap = 20+ -> SpikeGap = 40+ -> SpikeScore = 325–350 -> Spread = 80+ -> Gul varning = Nej,"[{""variable"":""ScoreGap"",""column"":""score_gap_bucket"",""value"":""20+""},{""variable"":""SpikeGap"",""column"":""spike_gap_bucket"",""value"":""40+""},{""variable"":""SpikeScore"",""column"":""spike_score_bucket"",""value"":""325–350""},{""variable"":""Spread"",""column"":""spread_bucket"",""value"":""80+""},{""variable"":""Gul varning"",""column"":""yellow_warning"",""value"":false}]",3,46.7141,0.2308
196,race_type=Öppet lopp AND score_gap_bucket=20+ AND spike_gap_bucket=40+ AND spike_score_bucket=350–375,score_gap_bucket=20+ AND spike_gap_bucket=40+ AND spike_score_bucket=350–375,4,10,6,60.0,18,50.8787,54.1363,14.8506,3.2576,True,Lopptyp = Öppet lopp -> ScoreGap = 20+ -> SpikeGap = 40+ -> SpikeScore = 350–375,"[{""variable"":""Lopptyp"",""column"":""race_type"",""value"":""Öppet lopp""},{""variable"":""ScoreGap"",""column"":""score_gap_bucket"",""value"":""20+""},{""variable"":""SpikeGap"",""column"":""spike_gap_bucket"",""value"":""40+""},{""variable"":""SpikeScore"",""column"":""spike_score_bucket"",""value"":""350–375""}]",10,46.711,0.5
197,race_type=3-hästarslopp AND score_gap_bucket=20+ AND spike_gap_bucket=40+ AND spread_bucket=80+ AND value_count_bucket=1,race_type=3-hästarslopp AND score_gap_bucket=20+ AND spike_gap_bucket=40+ AND spread_bucket=80+,5,7,3,42.8571,20,62.3635,57.3063,18.0206,-5.0572,False,Lopptyp = 3-hästarslopp -> ScoreGap = 20+ -> SpikeGap = 40+ -> Spread = 80+ -> Antal value = 1,"[{""variable"":""Lopptyp"",""column"":""race_type"",""value"":""3-hästarslopp""},{""variable"":""ScoreGap"",""column"":""score_gap_bucket"",""value"":""20+""},{""variable"":""SpikeGap"",""column"":""spike_gap_bucket"",""value"":""40+""},{""variable"":""Spread"",""column"":""spread_bucket"",""value"":""80+""},{""variable"":""Antal value"",""column"":""value_count_bucket"",""value"":""1""}]",7,46.706,0.4118
198,race_type=3-hästarslopp AND score_gap_bucket=20+ AND spike_gap_bucket=0–10,race_type=3-hästarslopp AND spike_gap_bucket=0–10,3,6,4,66.6667,9,54.0043,59.0692,19.7835,5.0649,True,Lopptyp = 3-hästarslopp -> ScoreGap = 20+ -> SpikeGap = 0–10,"[{""variable"":""Lopptyp"",""column"":""race_type"",""value"":""3-hästarslopp""},{""variable"":""ScoreGap"",""column"":""score_gap_bucket"",""value"":""20+""},{""variable"":""SpikeGap"",""column"":""spike_gap_bucket"",""value"":""0–10""}]",6,46.7045,0.375
199,race_type=3-hästarslopp AND spike_gap_bucket=0–10 AND spike_score_bucket=350–375,race_type=3-hästarslopp AND spike_gap_bucket=0–10,3,6,4,66.6667,9,54.0043,59.0692,19.7835,5.0649,True,Lopptyp = 3-hästarslopp -> SpikeGap = 0–10 -> SpikeScore = 350–375,"[{""variable"":""Lopptyp"",""column"":""race_type"",""value"":""3-hästarslopp""},{""variable"":""SpikeGap"",""column"":""spike_gap_bucket"",""value"":""0–10""},{""variable"":""SpikeScore"",""column"":""spike_score_bucket"",""value"":""350–375""}]",6,46.7045,0.375
200,spike_gap_bucket=0–10 AND spike_score_bucket=375–400 AND yellow_warning=true,spike_gap_bucket=0–10 AND spike_score_bucket=375–400,3,4,4,100.0,7,45.2171,65.1382,25.8524,19.9211,False,SpikeGap = 0–10 -> SpikeScore = 375–400 -> Gul varning = Ja,"[{""variable"":""SpikeGap"",""column"":""spike_gap_bucket"",""value"":""0–10""},{""variable"":""SpikeScore"",""column"":""spike_score_bucket"",""value"":""375–400""},{""variable"":""Gul varning"",""column"":""yellow_warning"",""value"":true}]",4,46.6721,0.2857
201,score_gap_bucket=20+ AND spike_gap_bucket=40+ AND value_count_bucket=2,score_gap_bucket=20+ AND spike_gap_bucket=40+,3,6,5,83.3333,56,51.6695,58.9765,19.6908,7.307,True,ScoreGap = 20+ -> SpikeGap = 40+ -> Antal value = 2,"[{""variable"":""ScoreGap"",""column"":""score_gap_bucket"",""value"":""20+""},{""variable"":""SpikeGap"",""column"":""spike_gap_bucket"",""value"":""40+""},{""variable"":""Antal value"",""column"":""value_count_bucket"",""value"":""2""}]",6,46.6698,0.375
202,race_type=3-hästarslopp AND score_gap_bucket=20+ AND spike_score_bucket=350–375,race_type=3-hästarslopp AND score_gap_bucket=20+,3,23,11,47.8261,56,52.1859,49.8539,10.5682,-2.332,True,Lopptyp = 3-hästarslopp -> ScoreGap = 20+ -> SpikeScore = 350–375,"[{""variable"":""Lopptyp"",""column"":""race_type"",""value"":""3-hästarslopp""},{""variable"":""ScoreGap"",""column"":""score_gap_bucket"",""value"":""20+""},{""variable"":""SpikeScore"",""column"":""spike_score_bucket"",""value"":""350–375""}]",23,46.6514,0.697
203,red_warning=false AND spike_score_bucket=350–375 AND spread_bucket=80+ AND yellow_warning=true,red_warning=false AND spike_score_bucket=350–375 AND spread_bucket=80+,4,14,7,50.0,27,53.0466,51.7921,12.5064,-1.2545,True,Röd varning = Nej -> SpikeScore = 350–375 -> Spread = 80+ -> Gul varning = Ja,"[{""variable"":""Röd varning"",""column"":""red_warning"",""value"":false},{""variable"":""SpikeScore"",""column"":""spike_score_bucket"",""value"":""350–375""},{""variable"":""Spread"",""column"":""spread_bucket"",""value"":""80+""},{""variable"":""Gul varning"",""column"":""yellow_warning"",""value"":true}]",14,46.5811,0.5833
204,score_gap_bucket=20+ AND spike_gap_bucket=40+ AND spread_bucket=70–80 AND value_count_bucket=1,spike_gap_bucket=40+ AND spread_bucket=70–80 AND value_count_bucket=1,4,3,3,100.0,7,58.4042,70.8829,31.5972,12.4787,False,ScoreGap = 20+ -> SpikeGap = 40+ -> Spread = 70–80 -> Antal value = 1,"[{""variable"":""ScoreGap"",""column"":""score_gap_bucket"",""value"":""20+""},{""variable"":""SpikeGap"",""column"":""spike_gap_bucket"",""value"":""40+""},{""variable"":""Spread"",""column"":""spread_bucket"",""value"":""70–80""},{""variable"":""Antal value"",""column"":""value_count_bucket"",""value"":""1""}]",3,46.5774,0.2308
205,race_type=3-hästarslopp AND red_warning=false AND spike_gap_bucket=40+ AND spread_bucket=80+ AND value_count_bucket=2,race_type=3-hästarslopp AND red_warning=false AND spike_gap_bucket=40+ AND spread_bucket=80+,5,5,3,60.0,24,61.4228,61.1382,21.8525,-0.2846,False,Lopptyp = 3-hästarslopp -> Röd varning = Nej -> SpikeGap = 40+ -> Spread = 80+ -> Antal value = 2,"[{""variable"":""Lopptyp"",""column"":""race_type"",""value"":""3-hästarslopp""},{""variable"":""Röd varning"",""column"":""red_warning"",""value"":false},{""variable"":""SpikeGap"",""column"":""spike_gap_bucket"",""value"":""40+""},{""variable"":""Spread"",""column"":""spread_bucket"",""value"":""80+""},{""variable"":""Antal value"",""column"":""value_count_bucket"",""value"":""2""}]",5,46.5699,0.3333
206,race_type=3-hästarslopp AND spike_gap_bucket=40+ AND spread_bucket=80+ AND value_count_bucket=1,race_type=3-hästarslopp AND spike_gap_bucket=40+ AND spread_bucket=80+,4,8,4,50.0,25,57.9369,55.6692,16.3835,-2.2677,True,Lopptyp = 3-hästarslopp -> SpikeGap = 40+ -> Spread = 80+ -> Antal value = 1,"[{""variable"":""Lopptyp"",""column"":""race_type"",""value"":""3-hästarslopp""},{""variable"":""SpikeGap"",""column"":""spike_gap_bucket"",""value"":""40+""},{""variable"":""Spread"",""column"":""spread_bucket"",""value"":""80+""},{""variable"":""Antal value"",""column"":""value_count_bucket"",""value"":""1""}]",8,46.5673,0.4444
207,spike_gap_bucket=40+ AND spread_bucket=80+ AND value_count_bucket=2,spike_gap_bucket=40+ AND spread_bucket=80+,3,8,5,62.5,41,52.8997,55.6426,16.3569,2.7429,True,SpikeGap = 40+ -> Spread = 80+ -> Antal value = 2,"[{""variable"":""SpikeGap"",""column"":""spike_gap_bucket"",""value"":""40+""},{""variable"":""Spread"",""column"":""spread_bucket"",""value"":""80+""},{""variable"":""Antal value"",""column"":""value_count_bucket"",""value"":""2""}]",8,46.5554,0.4444
208,spread_bucket=70–80 AND yellow_warning=true,spread_bucket=70–80,2,20,11,55.0,37,45.3634,50.1817,10.896,4.8183,True,Spread = 70–80 -> Gul varning = Ja,"[{""variable"":""Spread"",""column"":""spread_bucket"",""value"":""70–80""},{""variable"":""Gul varning"",""column"":""yellow_warning"",""value"":true}]",20,46.5497,0.6667
209,spike_gap_bucket=40+ AND spread_bucket=<60 AND yellow_warning=false,spike_gap_bucket=40+ AND yellow_warning=false,3,21,10,47.619,53,52.4231,49.9625,10.6768,-2.4606,True,SpikeGap = 40+ -> Spread = <60 -> Gul varning = Nej,"[{""variable"":""SpikeGap"",""column"":""spike_gap_bucket"",""value"":""40+""},{""variable"":""Spread"",""column"":""spread_bucket"",""value"":""<60""},{""variable"":""Gul varning"",""column"":""yellow_warning"",""value"":false}]",21,46.5184,0.6774
210,race_type=3-hästarslopp AND spike_gap_bucket=0–10 AND spike_score_bucket=350–375 AND yellow_warning=true,race_type=3-hästarslopp AND spike_gap_bucket=0–10 AND yellow_warning=true,4,5,3,60.0,7,61.6274,60.9493,21.6636,-0.6781,True,Lopptyp = 3-hästarslopp -> SpikeGap = 0–10 -> SpikeScore = 350–375 -> Gul varning = Ja,"[{""variable"":""Lopptyp"",""column"":""race_type"",""value"":""3-hästarslopp""},{""variable"":""SpikeGap"",""column"":""spike_gap_bucket"",""value"":""0–10""},{""variable"":""SpikeScore"",""column"":""spike_score_bucket"",""value"":""350–375""},{""variable"":""Gul varning"",""column"":""yellow_warning"",""value"":true}]",5,46.5069,0.3333
211,score_gap_bucket=20+ AND spread_bucket=70–80 AND value_count_bucket=1,score_gap_bucket=20+ AND spread_bucket=70–80,3,9,6,66.6667,23,49.0062,54.487,15.2013,5.4808,True,ScoreGap = 20+ -> Spread = 70–80 -> Antal value = 1,"[{""variable"":""ScoreGap"",""column"":""score_gap_bucket"",""value"":""20+""},{""variable"":""Spread"",""column"":""spread_bucket"",""value"":""70–80""},{""variable"":""Antal value"",""column"":""value_count_bucket"",""value"":""1""}]",9,46.4863,0.4737
212,race_type=3-hästarslopp AND score_gap_bucket=20+ AND spread_bucket=70–80,race_type=3-hästarslopp AND score_gap_bucket=20+,3,11,6,54.5455,56,52.1859,53.0232,13.7374,0.8373,True,Lopptyp = 3-hästarslopp -> ScoreGap = 20+ -> Spread = 70–80,"[{""variable"":""Lopptyp"",""column"":""race_type"",""value"":""3-hästarslopp""},{""variable"":""ScoreGap"",""column"":""score_gap_bucket"",""value"":""20+""},{""variable"":""Spread"",""column"":""spread_bucket"",""value"":""70–80""}]",11,46.4815,0.5238
213,race_type=3-hästarslopp AND red_warning=false AND spike_gap_bucket=40+ AND spike_score_bucket=375–400 AND spread_bucket=80+,race_type=3-hästarslopp AND red_warning=false AND spike_gap_bucket=40+ AND spread_bucket=80+,5,7,3,42.8571,24,61.4228,56.6095,17.3238,-4.8133,False,Lopptyp = 3-hästarslopp -> Röd varning = Nej -> SpikeGap = 40+ -> SpikeScore = 375–400 -> Spread = 80+,"[{""variable"":""Lopptyp"",""column"":""race_type"",""value"":""3-hästarslopp""},{""variable"":""Röd varning"",""column"":""red_warning"",""value"":false},{""variable"":""SpikeGap"",""column"":""spike_gap_bucket"",""value"":""40+""},{""variable"":""SpikeScore"",""column"":""spike_score_bucket"",""value"":""375–400""},{""variable"":""Spread"",""column"":""spread_bucket"",""value"":""80+""}]",7,46.419,0.4118
214,score_gap_bucket=15–20 AND spike_gap_bucket=40+ AND spread_bucket=70–80 AND yellow_warning=false,score_gap_bucket=15–20 AND spike_gap_bucket=40+ AND yellow_warning=false,4,3,3,100.0,7,57.3504,70.1453,30.8596,12.7949,False,ScoreGap = 15–20 -> SpikeGap = 40+ -> Spread = 70–80 -> Gul varning = Nej,"[{""variable"":""ScoreGap"",""column"":""score_gap_bucket"",""value"":""15–20""},{""variable"":""SpikeGap"",""column"":""spike_gap_bucket"",""value"":""40+""},{""variable"":""Spread"",""column"":""spread_bucket"",""value"":""70–80""},{""variable"":""Gul varning"",""column"":""yellow_warning"",""value"":false}]",3,46.4072,0.2308
215,race_type=3-hästarslopp AND score_gap_bucket=20+ AND spread_bucket=80+ AND yellow_warning=true,race_type=3-hästarslopp AND score_gap_bucket=20+ AND spread_bucket=80+,4,26,12,46.1538,45,52.9803,49.1219,9.8362,-3.8584,True,Lopptyp = 3-hästarslopp -> ScoreGap = 20+ -> Spread = 80+ -> Gul varning = Ja,"[{""variable"":""Lopptyp"",""column"":""race_type"",""value"":""3-hästarslopp""},{""variable"":""ScoreGap"",""column"":""score_gap_bucket"",""value"":""20+""},{""variable"":""Spread"",""column"":""spread_bucket"",""value"":""80+""},{""variable"":""Gul varning"",""column"":""yellow_warning"",""value"":true}]",26,46.3896,0.7222
216,score_gap_bucket=20+ AND spike_score_bucket=350–375,score_gap_bucket=20+,2,38,19,50.0,116,44.7479,48.1889,8.9032,3.441,True,ScoreGap = 20+ -> SpikeScore = 350–375,"[{""variable"":""ScoreGap"",""column"":""score_gap_bucket"",""value"":""20+""},{""variable"":""SpikeScore"",""column"":""spike_score_bucket"",""value"":""350–375""}]",38,46.3341,0.7917
217,spike_gap_bucket=40+ AND spread_bucket=70–80 AND yellow_warning=false,spike_gap_bucket=40+ AND spread_bucket=70–80,3,9,5,55.5556,18,53.3391,54.0779,14.7922,0.7388,True,SpikeGap = 40+ -> Spread = 70–80 -> Gul varning = Nej,"[{""variable"":""SpikeGap"",""column"":""spike_gap_bucket"",""value"":""40+""},{""variable"":""Spread"",""column"":""spread_bucket"",""value"":""70–80""},{""variable"":""Gul varning"",""column"":""yellow_warning"",""value"":false}]",9,46.2925,0.4737
218,race_type=3-hästarslopp AND red_warning=false AND spike_gap_bucket=40+ AND spike_score_bucket=375–400 AND yellow_warning=true,race_type=3-hästarslopp AND red_warning=false AND spike_gap_bucket=40+ AND yellow_warning=true,5,6,3,50.0,18,60.5948,57.9461,18.6604,-2.6487,False,Lopptyp = 3-hästarslopp -> Röd varning = Nej -> SpikeGap = 40+ -> SpikeScore = 375–400 -> Gul varning = Ja,"[{""variable"":""Lopptyp"",""column"":""race_type"",""value"":""3-hästarslopp""},{""variable"":""Röd varning"",""column"":""red_warning"",""value"":false},{""variable"":""SpikeGap"",""column"":""spike_gap_bucket"",""value"":""40+""},{""variable"":""SpikeScore"",""column"":""spike_score_bucket"",""value"":""375–400""},{""variable"":""Gul varning"",""column"":""yellow_warning"",""value"":true}]",6,46.2834,0.375
219,race_type=3-hästarslopp AND spike_gap_bucket=0–10,race_type=3-hästarslopp,2,9,6,66.6667,77,48.3063,54.0043,14.7186,5.698,True,Lopptyp = 3-hästarslopp -> SpikeGap = 0–10,"[{""variable"":""Lopptyp"",""column"":""race_type"",""value"":""3-hästarslopp""},{""variable"":""SpikeGap"",""column"":""spike_gap_bucket"",""value"":""0–10""}]",9,46.2577,0.4737
220,red_warning=false AND spread_bucket=70–80,spread_bucket=70–80,2,34,17,50.0,37,45.3634,48.2827,8.997,2.9193,True,Röd varning = Nej -> Spread = 70–80,"[{""variable"":""Röd varning"",""column"":""red_warning"",""value"":false},{""variable"":""Spread"",""column"":""spread_bucket"",""value"":""70–80""}]",34,46.2379,0.7727
221,score_gap_bucket=20+ AND spike_score_bucket=325–350 AND spread_bucket=70–80 AND yellow_warning=true,score_gap_bucket=20+ AND spike_score_bucket=325–350 AND yellow_warning=true,4,4,3,75.0,9,58.5338,63.6003,24.3146,5.0665,False,ScoreGap = 20+ -> SpikeScore = 325–350 -> Spread = 70–80 -> Gul varning = Ja,"[{""variable"":""ScoreGap"",""column"":""score_gap_bucket"",""value"":""20+""},{""variable"":""SpikeScore"",""column"":""spike_score_bucket"",""value"":""325–350""},{""variable"":""Spread"",""column"":""spread_bucket"",""value"":""70–80""},{""variable"":""Gul varning"",""column"":""yellow_warning"",""value"":true}]",4,46.2327,0.2857
222,race_type=3-hästarslopp AND red_warning=false AND spike_gap_bucket=40+ AND value_count_bucket=2,race_type=3-hästarslopp AND red_warning=false AND spike_gap_bucket=40+,4,6,3,50.0,35,60.1302,57.7925,18.5067,-2.3377,True,Lopptyp = 3-hästarslopp -> Röd varning = Nej -> SpikeGap = 40+ -> Antal value = 2,"[{""variable"":""Lopptyp"",""column"":""race_type"",""value"":""3-hästarslopp""},{""variable"":""Röd varning"",""column"":""red_warning"",""value"":false},{""variable"":""SpikeGap"",""column"":""spike_gap_bucket"",""value"":""40+""},{""variable"":""Antal value"",""column"":""value_count_bucket"",""value"":""2""}]",6,46.2258,0.375
223,red_warning=false AND spike_gap_bucket=40+ AND spike_score_bucket=350–375,red_warning=false AND spike_gap_bucket=40+,3,29,14,48.2759,93,48.9105,48.5349,9.2492,-0.3756,True,Röd varning = Nej -> SpikeGap = 40+ -> SpikeScore = 350–375,"[{""variable"":""Röd varning"",""column"":""red_warning"",""value"":false},{""variable"":""SpikeGap"",""column"":""spike_gap_bucket"",""value"":""40+""},{""variable"":""SpikeScore"",""column"":""spike_score_bucket"",""value"":""350–375""}]",29,46.1633,0.7436
224,race_type=Öppet lopp AND score_gap_bucket=20+ AND spike_gap_bucket=40+,score_gap_bucket=20+ AND spike_gap_bucket=40+,3,28,13,46.4286,56,51.6695,48.6123,9.3266,-3.0572,True,Lopptyp = Öppet lopp -> ScoreGap = 20+ -> SpikeGap = 40+,"[{""variable"":""Lopptyp"",""column"":""race_type"",""value"":""Öppet lopp""},{""variable"":""ScoreGap"",""column"":""score_gap_bucket"",""value"":""20+""},{""variable"":""SpikeGap"",""column"":""spike_gap_bucket"",""value"":""40+""}]",28,46.1579,0.7368
225,score_gap_bucket=20+ AND spike_gap_bucket=40+ AND yellow_warning=true,score_gap_bucket=20+ AND spike_gap_bucket=40+,3,28,13,46.4286,56,51.6695,48.6123,9.3266,-3.0572,True,ScoreGap = 20+ -> SpikeGap = 40+ -> Gul varning = Ja,"[{""variable"":""ScoreGap"",""column"":""score_gap_bucket"",""value"":""20+""},{""variable"":""SpikeGap"",""column"":""spike_gap_bucket"",""value"":""40+""},{""variable"":""Gul varning"",""column"":""yellow_warning"",""value"":true}]",28,46.1579,0.7368
226,score_gap_bucket=20+ AND spike_score_bucket=325–350 AND spread_bucket=70–80,score_gap_bucket=20+ AND spike_score_bucket=325–350,3,6,4,66.6667,20,54.874,57.5954,18.3097,2.7214,True,ScoreGap = 20+ -> SpikeScore = 325–350 -> Spread = 70–80,"[{""variable"":""ScoreGap"",""column"":""score_gap_bucket"",""value"":""20+""},{""variable"":""SpikeScore"",""column"":""spike_score_bucket"",""value"":""325–350""},{""variable"":""Spread"",""column"":""spread_bucket"",""value"":""70–80""}]",6,46.1518,0.375
227,score_gap_bucket=20+ AND spike_score_bucket=325–350 AND value_count_bucket=1,score_gap_bucket=20+ AND spike_score_bucket=325–350,3,6,4,66.6667,20,54.874,57.5954,18.3097,2.7214,True,ScoreGap = 20+ -> SpikeScore = 325–350 -> Antal value = 1,"[{""variable"":""ScoreGap"",""column"":""score_gap_bucket"",""value"":""20+""},{""variable"":""SpikeScore"",""column"":""spike_score_bucket"",""value"":""325–350""},{""variable"":""Antal value"",""column"":""value_count_bucket"",""value"":""1""}]",6,46.1518,0.375
228,race_type=3-hästarslopp AND score_gap_bucket=20+ AND spike_gap_bucket=40+ AND spread_bucket=70–80 AND yellow_warning=true,race_type=3-hästarslopp AND score_gap_bucket=20+ AND spike_gap_bucket=40+ AND yellow_warning=true,5,3,3,100.0,15,62.7011,68.9176,29.6319,6.2165,False,Lopptyp = 3-hästarslopp -> ScoreGap = 20+ -> SpikeGap = 40+ -> Spread = 70–80 -> Gul varning = Ja,"[{""variable"":""Lopptyp"",""column"":""race_type"",""value"":""3-hästarslopp""},{""variable"":""ScoreGap"",""column"":""score_gap_bucket"",""value"":""20+""},{""variable"":""SpikeGap"",""column"":""spike_gap_bucket"",""value"":""40+""},{""variable"":""Spread"",""column"":""spread_bucket"",""value"":""70–80""},{""variable"":""Gul varning"",""column"":""yellow_warning"",""value"":true}]",3,46.1238,0.2308
229,race_type=3-hästarslopp AND score_gap_bucket=20+ AND spike_gap_bucket=40+ AND spike_score_bucket=375–400,race_type=3-hästarslopp AND score_gap_bucket=20+ AND spike_gap_bucket=40+,4,6,3,50.0,27,59.7269,57.4822,18.1965,-2.2447,True,Lopptyp = 3-hästarslopp -> ScoreGap = 20+ -> SpikeGap = 40+ -> SpikeScore = 375–400,"[{""variable"":""Lopptyp"",""column"":""race_type"",""value"":""3-hästarslopp""},{""variable"":""ScoreGap"",""column"":""score_gap_bucket"",""value"":""20+""},{""variable"":""SpikeGap"",""column"":""spike_gap_bucket"",""value"":""40+""},{""variable"":""SpikeScore"",""column"":""spike_score_bucket"",""value"":""375–400""}]",6,46.1094,0.375
230,score_gap_bucket=20+ AND spread_bucket=80+ AND yellow_warning=false,score_gap_bucket=20+ AND spread_bucket=80+,3,37,18,48.6486,70,46.6106,47.9335,8.6478,1.3229,True,ScoreGap = 20+ -> Spread = 80+ -> Gul varning = Nej,"[{""variable"":""ScoreGap"",""column"":""score_gap_bucket"",""value"":""20+""},{""variable"":""Spread"",""column"":""spread_bucket"",""value"":""80+""},{""variable"":""Gul varning"",""column"":""yellow_warning"",""value"":false}]",37,46.0935,0.7872
231,red_warning=false AND spread_bucket=80+ AND yellow_warning=true,spread_bucket=80+ AND yellow_warning=true,3,39,19,48.7179,49,46.0715,47.8208,8.5351,1.7493,True,Röd varning = Nej -> Spread = 80+ -> Gul varning = Ja,"[{""variable"":""Röd varning"",""column"":""red_warning"",""value"":false},{""variable"":""Spread"",""column"":""spread_bucket"",""value"":""80+""},{""variable"":""Gul varning"",""column"":""yellow_warning"",""value"":true}]",39,46.0789,0.7959
232,score_gap_bucket=20+ AND spread_bucket=70–80,spread_bucket=70–80,2,23,12,52.1739,37,45.3634,49.0062,9.7205,3.6428,True,ScoreGap = 20+ -> Spread = 70–80,"[{""variable"":""ScoreGap"",""column"":""score_gap_bucket"",""value"":""20+""},{""variable"":""Spread"",""column"":""spread_bucket"",""value"":""70–80""}]",23,46.0606,0.697
233,score_gap_bucket=20+ AND spike_gap_bucket=40+ AND spike_score_bucket=375–400 AND spread_bucket=80+,score_gap_bucket=20+ AND spike_gap_bucket=40+ AND spread_bucket=80+,4,9,4,44.4444,33,57.698,53.5848,14.2991,-4.1132,True,ScoreGap = 20+ -> SpikeGap = 40+ -> SpikeScore = 375–400 -> Spread = 80+,"[{""variable"":""ScoreGap"",""column"":""score_gap_bucket"",""value"":""20+""},{""variable"":""SpikeGap"",""column"":""spike_gap_bucket"",""value"":""40+""},{""variable"":""SpikeScore"",""column"":""spike_score_bucket"",""value"":""375–400""},{""variable"":""Spread"",""column"":""spread_bucket"",""value"":""80+""}]",9,46.059,0.4737
234,race_type=Öppet lopp AND red_warning=false AND spike_score_bucket=350–375,red_warning=false AND spike_score_bucket=350–375,3,31,15,48.3871,63,47.9958,48.2336,8.9479,0.2378,True,Lopptyp = Öppet lopp -> Röd varning = Nej -> SpikeScore = 350–375,"[{""variable"":""Lopptyp"",""column"":""race_type"",""value"":""Öppet lopp""},{""variable"":""Röd varning"",""column"":""red_warning"",""value"":false},{""variable"":""SpikeScore"",""column"":""spike_score_bucket"",""value"":""350–375""}]",31,46.0512,0.7561
235,red_warning=false AND spike_gap_bucket=40+ AND spike_score_bucket=375–400 AND spread_bucket=70–80,red_warning=false AND spike_gap_bucket=40+ AND spread_bucket=70–80,4,4,3,75.0,15,59.3971,62.6819,23.3962,3.2848,False,Röd varning = Nej -> SpikeGap = 40+ -> SpikeScore = 375–400 -> Spread = 70–80,"[{""variable"":""Röd varning"",""column"":""red_warning"",""value"":false},{""variable"":""SpikeGap"",""column"":""spike_gap_bucket"",""value"":""40+""},{""variable"":""SpikeScore"",""column"":""spike_score_bucket"",""value"":""375–400""},{""variable"":""Spread"",""column"":""spread_bucket"",""value"":""70–80""}]",4,45.9703,0.2857
236,race_type=Öppet lopp AND score_gap_bucket=20+ AND spike_score_bucket=350–375,score_gap_bucket=20+ AND spike_score_bucket=350–375,3,15,8,53.3333,38,48.1889,50.3937,11.1079,2.2048,True,Lopptyp = Öppet lopp -> ScoreGap = 20+ -> SpikeScore = 350–375,"[{""variable"":""Lopptyp"",""column"":""race_type"",""value"":""Öppet lopp""},{""variable"":""ScoreGap"",""column"":""score_gap_bucket"",""value"":""20+""},{""variable"":""SpikeScore"",""column"":""spike_score_bucket"",""value"":""350–375""}]",15,45.9505,0.6
237,red_warning=false AND spike_gap_bucket=40+ AND value_count_bucket=2,red_warning=false AND spike_gap_bucket=40+,3,10,6,60.0,93,48.9105,52.607,13.3213,3.6965,True,Röd varning = Nej -> SpikeGap = 40+ -> Antal value = 2,"[{""variable"":""Röd varning"",""column"":""red_warning"",""value"":false},{""variable"":""SpikeGap"",""column"":""spike_gap_bucket"",""value"":""40+""},{""variable"":""Antal value"",""column"":""value_count_bucket"",""value"":""2""}]",10,45.9464,0.5
238,race_type=3-hästarslopp AND score_gap_bucket=15–20 AND spike_gap_bucket=40+ AND yellow_warning=false,race_type=3-hästarslopp AND spike_gap_bucket=40+ AND yellow_warning=false,4,4,3,75.0,17,59.653,62.5762,23.2905,2.9232,False,Lopptyp = 3-hästarslopp -> ScoreGap = 15–20 -> SpikeGap = 40+ -> Gul varning = Nej,"[{""variable"":""Lopptyp"",""column"":""race_type"",""value"":""3-hästarslopp""},{""variable"":""ScoreGap"",""column"":""score_gap_bucket"",""value"":""15–20""},{""variable"":""SpikeGap"",""column"":""spike_gap_bucket"",""value"":""40+""},{""variable"":""Gul varning"",""column"":""yellow_warning"",""value"":false}]",4,45.9401,0.2857
239,spike_gap_bucket=0–10 AND spike_score_bucket=350–375,spike_score_bucket=350–375,2,13,8,61.5385,77,44.1826,51.0198,11.734,6.8372,True,SpikeGap = 0–10 -> SpikeScore = 350–375,"[{""variable"":""SpikeGap"",""column"":""spike_gap_bucket"",""value"":""0–10""},{""variable"":""SpikeScore"",""column"":""spike_score_bucket"",""value"":""350–375""}]",13,45.918,0.5652
240,race_type=Öppet lopp AND spike_gap_bucket=0–10 AND spike_score_bucket=350–375,spike_gap_bucket=0–10 AND spike_score_bucket=350–375,3,5,4,80.0,13,51.0198,59.0699,19.7841,8.0501,True,Lopptyp = Öppet lopp -> SpikeGap = 0–10 -> SpikeScore = 350–375,"[{""variable"":""Lopptyp"",""column"":""race_type"",""value"":""Öppet lopp""},{""variable"":""SpikeGap"",""column"":""spike_gap_bucket"",""value"":""0–10""},{""variable"":""SpikeScore"",""column"":""spike_score_bucket"",""value"":""350–375""}]",5,45.8804,0.3333
241,race_type=3-hästarslopp AND spike_gap_bucket=40+ AND spread_bucket=70–80 AND value_count_bucket=1,spike_gap_bucket=40+ AND spread_bucket=70–80 AND value_count_bucket=1,4,5,3,60.0,7,58.4042,59.0691,19.7834,0.6649,True,Lopptyp = 3-hästarslopp -> SpikeGap = 40+ -> Spread = 70–80 -> Antal value = 1,"[{""variable"":""Lopptyp"",""column"":""race_type"",""value"":""3-hästarslopp""},{""variable"":""SpikeGap"",""column"":""spike_gap_bucket"",""value"":""40+""},{""variable"":""Spread"",""column"":""spread_bucket"",""value"":""70–80""},{""variable"":""Antal value"",""column"":""value_count_bucket"",""value"":""1""}]",5,45.8802,0.3333
242,spike_score_bucket=400+ AND yellow_warning=true,spike_score_bucket=400+,2,10,7,70.0,19,43.2234,52.4567,13.171,9.2333,True,SpikeScore = 400+ -> Gul varning = Ja,"[{""variable"":""SpikeScore"",""column"":""spike_score_bucket"",""value"":""400+""},{""variable"":""Gul varning"",""column"":""yellow_warning"",""value"":true}]",10,45.8712,0.5
243,race_type=3-hästarslopp AND score_gap_bucket=20+ AND spike_gap_bucket=40+ AND value_count_bucket=2,race_type=3-hästarslopp AND score_gap_bucket=20+ AND spike_gap_bucket=40+,4,4,3,75.0,27,59.7269,62.2724,22.9867,2.5455,False,Lopptyp = 3-hästarslopp -> ScoreGap = 20+ -> SpikeGap = 40+ -> Antal value = 2,"[{""variable"":""Lopptyp"",""column"":""race_type"",""value"":""3-hästarslopp""},{""variable"":""ScoreGap"",""column"":""score_gap_bucket"",""value"":""20+""},{""variable"":""SpikeGap"",""column"":""spike_gap_bucket"",""value"":""40+""},{""variable"":""Antal value"",""column"":""value_count_bucket"",""value"":""2""}]",4,45.8533,0.2857
244,score_gap_bucket=0–5 AND spike_gap_bucket=40+ AND spike_score_bucket=325–350,spike_gap_bucket=40+ AND spike_score_bucket=325–350,3,4,3,75.0,24,59.7019,62.2516,22.9659,2.5497,False,ScoreGap = 0–5 -> SpikeGap = 40+ -> SpikeScore = 325–350,"[{""variable"":""ScoreGap"",""column"":""score_gap_bucket"",""value"":""0–5""},{""variable"":""SpikeGap"",""column"":""spike_gap_bucket"",""value"":""40+""},{""variable"":""SpikeScore"",""column"":""spike_score_bucket"",""value"":""325–350""}]",4,45.8474,0.2857
245,red_warning=false AND spike_gap_bucket=40+ AND spike_score_bucket=350–375 AND spread_bucket=70–80,red_warning=false AND spike_gap_bucket=40+ AND spread_bucket=70–80,4,6,3,50.0,15,59.3971,56.7122,17.4265,-2.6849,True,Röd varning = Nej -> SpikeGap = 40+ -> SpikeScore = 350–375 -> Spread = 70–80,"[{""variable"":""Röd varning"",""column"":""red_warning"",""value"":false},{""variable"":""SpikeGap"",""column"":""spike_gap_bucket"",""value"":""40+""},{""variable"":""SpikeScore"",""column"":""spike_score_bucket"",""value"":""350–375""},{""variable"":""Spread"",""column"":""spread_bucket"",""value"":""70–80""}]",6,45.8206,0.375
246,race_type=3-hästarslopp AND spike_score_bucket=325–350 AND value_count_bucket=1,race_type=3-hästarslopp AND spike_score_bucket=325–350,3,5,3,60.0,12,58.3164,58.8116,19.5259,0.4952,True,Lopptyp = 3-hästarslopp -> SpikeScore = 325–350 -> Antal value = 1,"[{""variable"":""Lopptyp"",""column"":""race_type"",""value"":""3-hästarslopp""},{""variable"":""SpikeScore"",""column"":""spike_score_bucket"",""value"":""325–350""},{""variable"":""Antal value"",""column"":""value_count_bucket"",""value"":""1""}]",5,45.7943,0.3333
247,score_gap_bucket=20+ AND spike_score_bucket=400+ AND spread_bucket=80+,spike_score_bucket=400+ AND spread_bucket=80+,3,11,6,54.5455,14,49.3804,51.653,12.3673,2.2726,True,ScoreGap = 20+ -> SpikeScore = 400+ -> Spread = 80+,"[{""variable"":""ScoreGap"",""column"":""score_gap_bucket"",""value"":""20+""},{""variable"":""SpikeScore"",""column"":""spike_score_bucket"",""value"":""400+""},{""variable"":""Spread"",""column"":""spread_bucket"",""value"":""80+""}]",11,45.7638,0.5238
248,spike_gap_bucket=40+,,1,107,51,47.6636,252,39.2857,46.3442,7.0585,7.0585,True,SpikeGap = 40+,"[{""variable"":""SpikeGap"",""column"":""spike_gap_bucket"",""value"":""40+""}]",107,45.7409,0.9145
249,score_gap_bucket=15–20 AND spike_gap_bucket=40+ AND spread_bucket=70–80,spike_gap_bucket=40+ AND spread_bucket=70–80,3,4,4,100.0,18,53.3391,61.8229,22.5372,8.4838,False,ScoreGap = 15–20 -> SpikeGap = 40+ -> Spread = 70–80,"[{""variable"":""ScoreGap"",""column"":""score_gap_bucket"",""value"":""15–20""},{""variable"":""SpikeGap"",""column"":""spike_gap_bucket"",""value"":""40+""},{""variable"":""Spread"",""column"":""spread_bucket"",""value"":""70–80""}]",4,45.7249,0.2857
250,race_type=Öppet lopp AND score_gap_bucket=20+ AND spike_score_bucket=325–350,score_gap_bucket=20+ AND spike_score_bucket=325–350,3,11,5,45.4545,20,54.874,51.5316,12.2459,-3.3424,True,Lopptyp = Öppet lopp -> ScoreGap = 20+ -> SpikeScore = 325–350,"[{""variable"":""Lopptyp"",""column"":""race_type"",""value"":""Öppet lopp""},{""variable"":""ScoreGap"",""column"":""score_gap_bucket"",""value"":""20+""},{""variable"":""SpikeScore"",""column"":""spike_score_bucket"",""value"":""325–350""}]",11,45.7002,0.5238
251,race_type=3-hästarslopp AND value_count_bucket=3+,race_type=3-hästarslopp,2,6,5,83.3333,77,48.3063,56.3895,17.1037,8.0832,True,Lopptyp = 3-hästarslopp -> Antal value = 3+,"[{""variable"":""Lopptyp"",""column"":""race_type"",""value"":""3-hästarslopp""},{""variable"":""Antal value"",""column"":""value_count_bucket"",""value"":""3+""}]",6,45.6996,0.375
252,score_gap_bucket=20+ AND spread_bucket=80+,score_gap_bucket=20+,2,70,33,47.1429,116,44.7479,46.6106,7.3249,1.8627,True,ScoreGap = 20+ -> Spread = 80+,"[{""variable"":""ScoreGap"",""column"":""score_gap_bucket"",""value"":""20+""},{""variable"":""Spread"",""column"":""spread_bucket"",""value"":""80+""}]",70,45.695,0.875
253,race_type=Öppet lopp AND score_gap_bucket=15–20 AND spike_score_bucket=375–400 AND yellow_warning=true,race_type=Öppet lopp AND score_gap_bucket=15–20 AND spike_score_bucket=375–400,4,4,3,75.0,5,51.0545,61.6969,22.4112,10.6424,False,Lopptyp = Öppet lopp -> ScoreGap = 15–20 -> SpikeScore = 375–400 -> Gul varning = Ja,"[{""variable"":""Lopptyp"",""column"":""race_type"",""value"":""Öppet lopp""},{""variable"":""ScoreGap"",""column"":""score_gap_bucket"",""value"":""15–20""},{""variable"":""SpikeScore"",""column"":""spike_score_bucket"",""value"":""375–400""},{""variable"":""Gul varning"",""column"":""yellow_warning"",""value"":true}]",4,45.6889,0.2857
254,race_type=Öppet lopp AND score_gap_bucket=0–5 AND spike_score_bucket=325–350 AND yellow_warning=false,race_type=Öppet lopp AND spike_score_bucket=325–350 AND yellow_warning=false,4,6,4,66.6667,20,53.2406,56.3389,17.0532,3.0983,True,Lopptyp = Öppet lopp -> ScoreGap = 0–5 -> SpikeScore = 325–350 -> Gul varning = Nej,"[{""variable"":""Lopptyp"",""column"":""race_type"",""value"":""Öppet lopp""},{""variable"":""ScoreGap"",""column"":""score_gap_bucket"",""value"":""0–5""},{""variable"":""SpikeScore"",""column"":""spike_score_bucket"",""value"":""325–350""},{""variable"":""Gul varning"",""column"":""yellow_warning"",""value"":false}]",6,45.6807,0.375
255,race_type=Öppet lopp AND red_warning=false AND spike_gap_bucket=40+ AND spike_score_bucket=350–375,red_warning=false AND spike_gap_bucket=40+ AND spike_score_bucket=350–375,4,18,9,50.0,29,48.5349,49.2289,9.9432,0.694,True,Lopptyp = Öppet lopp -> Röd varning = Nej -> SpikeGap = 40+ -> SpikeScore = 350–375,"[{""variable"":""Lopptyp"",""column"":""race_type"",""value"":""Öppet lopp""},{""variable"":""Röd varning"",""column"":""red_warning"",""value"":false},{""variable"":""SpikeGap"",""column"":""spike_gap_bucket"",""value"":""40+""},{""variable"":""SpikeScore"",""column"":""spike_score_bucket"",""value"":""350–375""}]",18,45.6778,0.6429
256,score_gap_bucket=20+ AND spike_score_bucket=350–375 AND spread_bucket=70–80 AND yellow_warning=true,score_gap_bucket=20+ AND spread_bucket=70–80 AND yellow_warning=true,4,5,3,60.0,13,57.6859,58.3287,19.043,0.6428,True,ScoreGap = 20+ -> SpikeScore = 350–375 -> Spread = 70–80 -> Gul varning = Ja,"[{""variable"":""ScoreGap"",""column"":""score_gap_bucket"",""value"":""20+""},{""variable"":""SpikeScore"",""column"":""spike_score_bucket"",""value"":""350–375""},{""variable"":""Spread"",""column"":""spread_bucket"",""value"":""70–80""},{""variable"":""Gul varning"",""column"":""yellow_warning"",""value"":true}]",5,45.6334,0.3333
257,race_type=Öppet lopp AND spread_bucket=70–80 AND value_count_bucket=1,spread_bucket=70–80 AND value_count_bucket=1,3,8,5,62.5,15,48.7791,53.5516,14.2659,4.7725,True,Lopptyp = Öppet lopp -> Spread = 70–80 -> Antal value = 1,"[{""variable"":""Lopptyp"",""column"":""race_type"",""value"":""Öppet lopp""},{""variable"":""Spread"",""column"":""spread_bucket"",""value"":""70–80""},{""variable"":""Antal value"",""column"":""value_count_bucket"",""value"":""1""}]",8,45.6261,0.4444
258,race_type=3-hästarslopp AND score_gap_bucket=10–15 AND spike_score_bucket=350–375,race_type=3-hästarslopp AND score_gap_bucket=10–15,3,4,3,75.0,5,50.645,61.4694,22.1837,10.8244,False,Lopptyp = 3-hästarslopp -> ScoreGap = 10–15 -> SpikeScore = 350–375,"[{""variable"":""Lopptyp"",""column"":""race_type"",""value"":""3-hästarslopp""},{""variable"":""ScoreGap"",""column"":""score_gap_bucket"",""value"":""10–15""},{""variable"":""SpikeScore"",""column"":""spike_score_bucket"",""value"":""350–375""}]",4,45.6239,0.2857
259,race_type=3-hästarslopp AND score_gap_bucket=20+ AND spike_gap_bucket=40+ AND spike_score_bucket=350–375 AND yellow_warning=false,race_type=3-hästarslopp AND score_gap_bucket=20+ AND spike_gap_bucket=40+ AND yellow_warning=false,5,6,3,50.0,12,59.2043,56.1362,16.8505,-3.0681,False,Lopptyp = 3-hästarslopp -> ScoreGap = 20+ -> SpikeGap = 40+ -> SpikeScore = 350–375 -> Gul varning = Nej,"[{""variable"":""Lopptyp"",""column"":""race_type"",""value"":""3-hästarslopp""},{""variable"":""ScoreGap"",""column"":""score_gap_bucket"",""value"":""20+""},{""variable"":""SpikeGap"",""column"":""spike_gap_bucket"",""value"":""40+""},{""variable"":""SpikeScore"",""column"":""spike_score_bucket"",""value"":""350–375""},{""variable"":""Gul varning"",""column"":""yellow_warning"",""value"":false}]",6,45.6046,0.375
260,race_type=3-hästarslopp AND spike_gap_bucket=40+ AND spread_bucket=80+ AND value_count_bucket=2,race_type=3-hästarslopp AND spike_gap_bucket=40+ AND spread_bucket=80+,4,6,3,50.0,25,57.9369,56.1053,16.8196,-1.8316,True,Lopptyp = 3-hästarslopp -> SpikeGap = 40+ -> Spread = 80+ -> Antal value = 2,"[{""variable"":""Lopptyp"",""column"":""race_type"",""value"":""3-hästarslopp""},{""variable"":""SpikeGap"",""column"":""spike_gap_bucket"",""value"":""40+""},{""variable"":""Spread"",""column"":""spread_bucket"",""value"":""80+""},{""variable"":""Antal value"",""column"":""value_count_bucket"",""value"":""2""}]",6,45.5931,0.375
261,race_type=Öppet lopp AND spike_gap_bucket=10–20 AND spread_bucket=70–80 AND yellow_warning=true,race_type=Öppet lopp AND spread_bucket=70–80 AND yellow_warning=true,4,3,3,100.0,9,55.2977,66.4733,27.1876,11.1756,False,Lopptyp = Öppet lopp -> SpikeGap = 10–20 -> Spread = 70–80 -> Gul varning = Ja,"[{""variable"":""Lopptyp"",""column"":""race_type"",""value"":""Öppet lopp""},{""variable"":""SpikeGap"",""column"":""spike_gap_bucket"",""value"":""10–20""},{""variable"":""Spread"",""column"":""spread_bucket"",""value"":""70–80""},{""variable"":""Gul varning"",""column"":""yellow_warning"",""value"":true}]",3,45.5598,0.2308
262,race_type=Öppet lopp AND spike_gap_bucket=0–10 AND spread_bucket=80+ AND yellow_warning=true,spike_gap_bucket=0–10 AND spread_bucket=80+ AND yellow_warning=true,4,3,3,100.0,11,57.2664,66.4236,27.1379,9.1572,False,Lopptyp = Öppet lopp -> SpikeGap = 0–10 -> Spread = 80+ -> Gul varning = Ja,"[{""variable"":""Lopptyp"",""column"":""race_type"",""value"":""Öppet lopp""},{""variable"":""SpikeGap"",""column"":""spike_gap_bucket"",""value"":""0–10""},{""variable"":""Spread"",""column"":""spread_bucket"",""value"":""80+""},{""variable"":""Gul varning"",""column"":""yellow_warning"",""value"":true}]",3,45.5483,0.2308
263,spike_gap_bucket=0–10 AND spike_score_bucket=375–400 AND spread_bucket=80+ AND yellow_warning=true,spike_gap_bucket=0–10 AND spread_bucket=80+ AND yellow_warning=true,4,3,3,100.0,11,57.2664,66.4236,27.1379,9.1572,False,SpikeGap = 0–10 -> SpikeScore = 375–400 -> Spread = 80+ -> Gul varning = Ja,"[{""variable"":""SpikeGap"",""column"":""spike_gap_bucket"",""value"":""0–10""},{""variable"":""SpikeScore"",""column"":""spike_score_bucket"",""value"":""375–400""},{""variable"":""Spread"",""column"":""spread_bucket"",""value"":""80+""},{""variable"":""Gul varning"",""column"":""yellow_warning"",""value"":true}]",3,45.5483,0.2308
264,race_type=3-hästarslopp AND score_gap_bucket=20+ AND spike_gap_bucket=40+ AND spike_score_bucket=350–375,race_type=3-hästarslopp AND score_gap_bucket=20+ AND spike_gap_bucket=40+,4,8,3,37.5,27,59.7269,53.3764,14.0906,-6.3505,True,Lopptyp = 3-hästarslopp -> ScoreGap = 20+ -> SpikeGap = 40+ -> SpikeScore = 350–375,"[{""variable"":""Lopptyp"",""column"":""race_type"",""value"":""3-hästarslopp""},{""variable"":""ScoreGap"",""column"":""score_gap_bucket"",""value"":""20+""},{""variable"":""SpikeGap"",""column"":""spike_gap_bucket"",""value"":""40+""},{""variable"":""SpikeScore"",""column"":""spike_score_bucket"",""value"":""350–375""}]",8,45.5482,0.4444
265,spike_gap_bucket=0–10 AND spike_score_bucket=350–375 AND spread_bucket=80+,spike_gap_bucket=0–10 AND spike_score_bucket=350–375,3,6,4,66.6667,13,51.0198,55.9609,16.6752,4.9411,True,SpikeGap = 0–10 -> SpikeScore = 350–375 -> Spread = 80+,"[{""variable"":""SpikeGap"",""column"":""spike_gap_bucket"",""value"":""0–10""},{""variable"":""SpikeScore"",""column"":""spike_score_bucket"",""value"":""350–375""},{""variable"":""Spread"",""column"":""spread_bucket"",""value"":""80+""}]",6,45.5389,0.375
266,score_gap_bucket=0–5 AND spike_score_bucket=325–350 AND spread_bucket=<60 AND yellow_warning=false,spike_score_bucket=325–350 AND spread_bucket=<60 AND yellow_warning=false,4,5,3,60.0,12,57.1757,58.0064,18.7207,0.8307,True,ScoreGap = 0–5 -> SpikeScore = 325–350 -> Spread = <60 -> Gul varning = Nej,"[{""variable"":""ScoreGap"",""column"":""score_gap_bucket"",""value"":""0–5""},{""variable"":""SpikeScore"",""column"":""spike_score_bucket"",""value"":""325–350""},{""variable"":""Spread"",""column"":""spread_bucket"",""value"":""<60""},{""variable"":""Gul varning"",""column"":""yellow_warning"",""value"":false}]",5,45.5259,0.3333
267,spike_gap_bucket=40+ AND spike_score_bucket=350–375 AND spread_bucket=70–80,spike_gap_bucket=40+ AND spread_bucket=70–80,3,7,4,57.1429,18,53.3391,54.4042,15.1184,1.0651,True,SpikeGap = 40+ -> SpikeScore = 350–375 -> Spread = 70–80,"[{""variable"":""SpikeGap"",""column"":""spike_gap_bucket"",""value"":""40+""},{""variable"":""SpikeScore"",""column"":""spike_score_bucket"",""value"":""350–375""},{""variable"":""Spread"",""column"":""spread_bucket"",""value"":""70–80""}]",7,45.511,0.4118
268,spike_gap_bucket=40+ AND spike_score_bucket=400+ AND yellow_warning=true,spike_score_bucket=400+ AND yellow_warning=true,3,7,4,57.1429,10,52.4567,54.3863,15.1006,1.9296,True,SpikeGap = 40+ -> SpikeScore = 400+ -> Gul varning = Ja,"[{""variable"":""SpikeGap"",""column"":""spike_gap_bucket"",""value"":""40+""},{""variable"":""SpikeScore"",""column"":""spike_score_bucket"",""value"":""400+""},{""variable"":""Gul varning"",""column"":""yellow_warning"",""value"":true}]",7,45.5036,0.4118
269,race_type=3-hästarslopp AND red_warning=false AND spread_bucket=80+ AND value_count_bucket=2,red_warning=false AND spread_bucket=80+ AND value_count_bucket=2,4,8,4,50.0,11,55.653,53.2728,13.9871,-2.3802,True,Lopptyp = 3-hästarslopp -> Röd varning = Nej -> Spread = 80+ -> Antal value = 2,"[{""variable"":""Lopptyp"",""column"":""race_type"",""value"":""3-hästarslopp""},{""variable"":""Röd varning"",""column"":""red_warning"",""value"":false},{""variable"":""Spread"",""column"":""spread_bucket"",""value"":""80+""},{""variable"":""Antal value"",""column"":""value_count_bucket"",""value"":""2""}]",8,45.5022,0.4444
270,spike_gap_bucket=40+ AND spike_score_bucket=375–400 AND spread_bucket=80+ AND yellow_warning=false,spike_gap_bucket=40+ AND spread_bucket=80+ AND yellow_warning=false,4,6,3,50.0,21,57.512,55.7785,16.4927,-1.7335,True,SpikeGap = 40+ -> SpikeScore = 375–400 -> Spread = 80+ -> Gul varning = Nej,"[{""variable"":""SpikeGap"",""column"":""spike_gap_bucket"",""value"":""40+""},{""variable"":""SpikeScore"",""column"":""spike_score_bucket"",""value"":""375–400""},{""variable"":""Spread"",""column"":""spread_bucket"",""value"":""80+""},{""variable"":""Gul varning"",""column"":""yellow_warning"",""value"":false}]",6,45.4705,0.375
271,race_type=3-hästarslopp AND score_gap_bucket=20+ AND spike_gap_bucket=20–30,race_type=3-hästarslopp AND score_gap_bucket=20+,3,10,5,50.0,56,52.1859,51.4573,12.1716,-0.7286,True,Lopptyp = 3-hästarslopp -> ScoreGap = 20+ -> SpikeGap = 20–30,"[{""variable"":""Lopptyp"",""column"":""race_type"",""value"":""3-hästarslopp""},{""variable"":""ScoreGap"",""column"":""score_gap_bucket"",""value"":""20+""},{""variable"":""SpikeGap"",""column"":""spike_gap_bucket"",""value"":""20–30""}]",10,45.3715,0.5
272,race_type=Öppet lopp AND score_gap_bucket=15–20 AND yellow_warning=true,race_type=Öppet lopp AND score_gap_bucket=15–20,3,11,6,54.5455,15,48.0726,50.8111,11.5254,2.7385,True,Lopptyp = Öppet lopp -> ScoreGap = 15–20 -> Gul varning = Ja,"[{""variable"":""Lopptyp"",""column"":""race_type"",""value"":""Öppet lopp""},{""variable"":""ScoreGap"",""column"":""score_gap_bucket"",""value"":""15–20""},{""variable"":""Gul varning"",""column"":""yellow_warning"",""value"":true}]",11,45.3228,0.5238
273,race_type=3-hästarslopp AND spike_score_bucket=325–350 AND spread_bucket=80+ AND yellow_warning=false,race_type=3-hästarslopp AND spike_score_bucket=325–350 AND yellow_warning=false,4,3,2,66.6667,5,64.6939,65.4337,26.148,0.7398,False,Lopptyp = 3-hästarslopp -> SpikeScore = 325–350 -> Spread = 80+ -> Gul varning = Nej,"[{""variable"":""Lopptyp"",""column"":""race_type"",""value"":""3-hästarslopp""},{""variable"":""SpikeScore"",""column"":""spike_score_bucket"",""value"":""325–350""},{""variable"":""Spread"",""column"":""spread_bucket"",""value"":""80+""},{""variable"":""Gul varning"",""column"":""yellow_warning"",""value"":false}]",3,45.3199,0.2308
274,race_type=3-hästarslopp AND red_warning=false AND spread_bucket=70–80 AND yellow_warning=true,red_warning=false AND spread_bucket=70–80 AND yellow_warning=true,4,8,4,50.0,17,54.1523,52.8236,13.5378,-1.3287,True,Lopptyp = 3-hästarslopp -> Röd varning = Nej -> Spread = 70–80 -> Gul varning = Ja,"[{""variable"":""Lopptyp"",""column"":""race_type"",""value"":""3-hästarslopp""},{""variable"":""Röd varning"",""column"":""red_warning"",""value"":false},{""variable"":""Spread"",""column"":""spread_bucket"",""value"":""70–80""},{""variable"":""Gul varning"",""column"":""yellow_warning"",""value"":true}]",8,45.3026,0.4444
275,race_type=3-hästarslopp AND score_gap_bucket=20+ AND spike_gap_bucket=40+ AND spike_score_bucket=375–400 AND spread_bucket=80+,race_type=3-hästarslopp AND score_gap_bucket=20+ AND spike_gap_bucket=40+ AND spread_bucket=80+,5,4,2,50.0,20,62.3635,60.3029,21.0172,-2.0606,False,Lopptyp = 3-hästarslopp -> ScoreGap = 20+ -> SpikeGap = 40+ -> SpikeScore = 375–400 -> Spread = 80+,"[{""variable"":""Lopptyp"",""column"":""race_type"",""value"":""3-hästarslopp""},{""variable"":""ScoreGap"",""column"":""score_gap_bucket"",""value"":""20+""},{""variable"":""SpikeGap"",""column"":""spike_gap_bucket"",""value"":""40+""},{""variable"":""SpikeScore"",""column"":""spike_score_bucket"",""value"":""375–400""},{""variable"":""Spread"",""column"":""spread_bucket"",""value"":""80+""}]",4,45.2906,0.2857
276,score_gap_bucket=20+ AND spike_gap_bucket=40+ AND spread_bucket=<60 AND yellow_warning=false,score_gap_bucket=20+ AND spike_gap_bucket=40+ AND yellow_warning=false,4,4,3,75.0,28,57.2596,60.2163,20.9306,2.9567,False,ScoreGap = 20+ -> SpikeGap = 40+ -> Spread = <60 -> Gul varning = Nej,"[{""variable"":""ScoreGap"",""column"":""score_gap_bucket"",""value"":""20+""},{""variable"":""SpikeGap"",""column"":""spike_gap_bucket"",""value"":""40+""},{""variable"":""Spread"",""column"":""spread_bucket"",""value"":""<60""},{""variable"":""Gul varning"",""column"":""yellow_warning"",""value"":false}]",4,45.2659,0.2857
277,score_gap_bucket=15–20 AND spread_bucket=70–80 AND yellow_warning=false,score_gap_bucket=15–20 AND spread_bucket=70–80,3,4,3,75.0,6,50.2795,60.1677,20.882,9.8882,False,ScoreGap = 15–20 -> Spread = 70–80 -> Gul varning = Nej,"[{""variable"":""ScoreGap"",""column"":""score_gap_bucket"",""value"":""15–20""},{""variable"":""Spread"",""column"":""spread_bucket"",""value"":""70–80""},{""variable"":""Gul varning"",""column"":""yellow_warning"",""value"":false}]",4,45.252,0.2857
278,race_type=3-hästarslopp AND spike_gap_bucket=40+ AND spike_score_bucket=375–400,race_type=3-hästarslopp AND spike_gap_bucket=40+,3,12,5,41.6667,39,55.3581,50.2238,10.9381,-5.1343,True,Lopptyp = 3-hästarslopp -> SpikeGap = 40+ -> SpikeScore = 375–400,"[{""variable"":""Lopptyp"",""column"":""race_type"",""value"":""3-hästarslopp""},{""variable"":""SpikeGap"",""column"":""spike_gap_bucket"",""value"":""40+""},{""variable"":""SpikeScore"",""column"":""spike_score_bucket"",""value"":""375–400""}]",12,45.2519,0.5455
279,race_type=3-hästarslopp AND spike_score_bucket=350–375 AND spread_bucket=80+ AND yellow_warning=true,race_type=3-hästarslopp AND spike_score_bucket=350–375 AND spread_bucket=80+,4,13,6,46.1538,22,52.2188,49.8296,10.5439,-2.3892,True,Lopptyp = 3-hästarslopp -> SpikeScore = 350–375 -> Spread = 80+ -> Gul varning = Ja,"[{""variable"":""Lopptyp"",""column"":""race_type"",""value"":""3-hästarslopp""},{""variable"":""SpikeScore"",""column"":""spike_score_bucket"",""value"":""350–375""},{""variable"":""Spread"",""column"":""spread_bucket"",""value"":""80+""},{""variable"":""Gul varning"",""column"":""yellow_warning"",""value"":true}]",13,45.2453,0.5652
280,race_type=3-hästarslopp AND red_warning=false AND spike_score_bucket=350–375 AND spread_bucket=80+ AND value_count_bucket=1,race_type=3-hästarslopp AND red_warning=false AND spike_score_bucket=350–375 AND spread_bucket=80+,5,9,4,44.4444,21,55.1447,51.8239,12.5382,-3.3208,False,Lopptyp = 3-hästarslopp -> Röd varning = Nej -> SpikeScore = 350–375 -> Spread = 80+ -> Antal value = 1,"[{""variable"":""Lopptyp"",""column"":""race_type"",""value"":""3-hästarslopp""},{""variable"":""Röd varning"",""column"":""red_warning"",""value"":false},{""variable"":""SpikeScore"",""column"":""spike_score_bucket"",""value"":""350–375""},{""variable"":""Spread"",""column"":""spread_bucket"",""value"":""80+""},{""variable"":""Antal value"",""column"":""value_count_bucket"",""value"":""1""}]",9,45.2249,0.4737
281,race_type=3-hästarslopp AND spread_bucket=80+ AND yellow_warning=true,race_type=3-hästarslopp AND spread_bucket=80+,3,33,15,45.4545,56,49.5543,47.0016,7.7159,-2.5527,True,Lopptyp = 3-hästarslopp -> Spread = 80+ -> Gul varning = Ja,"[{""variable"":""Lopptyp"",""column"":""race_type"",""value"":""3-hästarslopp""},{""variable"":""Spread"",""column"":""spread_bucket"",""value"":""80+""},{""variable"":""Gul varning"",""column"":""yellow_warning"",""value"":true}]",33,45.2072,0.7674
282,red_warning=false AND spike_score_bucket=325–350 AND spread_bucket=80+ AND yellow_warning=true,red_warning=false AND spike_score_bucket=325–350 AND spread_bucket=80+,4,4,3,75.0,11,54.5071,59.9719,20.6862,5.4648,False,Röd varning = Nej -> SpikeScore = 325–350 -> Spread = 80+ -> Gul varning = Ja,"[{""variable"":""Röd varning"",""column"":""red_warning"",""value"":false},{""variable"":""SpikeScore"",""column"":""spike_score_bucket"",""value"":""325–350""},{""variable"":""Spread"",""column"":""spread_bucket"",""value"":""80+""},{""variable"":""Gul varning"",""column"":""yellow_warning"",""value"":true}]",4,45.1961,0.2857
283,red_warning=false AND spike_gap_bucket=0–10 AND spread_bucket=<60,spike_gap_bucket=0–10 AND spread_bucket=<60,3,7,5,71.4286,14,44.7312,53.6303,14.3446,8.8991,True,Röd varning = Nej -> SpikeGap = 0–10 -> Spread = <60,"[{""variable"":""Röd varning"",""column"":""red_warning"",""value"":false},{""variable"":""SpikeGap"",""column"":""spike_gap_bucket"",""value"":""0–10""},{""variable"":""Spread"",""column"":""spread_bucket"",""value"":""<60""}]",7,45.1923,0.4118
284,spike_gap_bucket=40+ AND spike_score_bucket=325–350 AND spread_bucket=70–80 AND yellow_warning=true,spike_gap_bucket=40+ AND spike_score_bucket=325–350 AND spread_bucket=70–80,4,3,2,66.6667,5,63.7615,64.8509,25.5652,1.0894,False,SpikeGap = 40+ -> SpikeScore = 325–350 -> Spread = 70–80 -> Gul varning = Ja,"[{""variable"":""SpikeGap"",""column"":""spike_gap_bucket"",""value"":""40+""},{""variable"":""SpikeScore"",""column"":""spike_score_bucket"",""value"":""325–350""},{""variable"":""Spread"",""column"":""spread_bucket"",""value"":""70–80""},{""variable"":""Gul varning"",""column"":""yellow_warning"",""value"":true}]",3,45.1854,0.2308
285,spike_score_bucket=325–350 AND spread_bucket=80+,spread_bucket=80+,2,14,8,57.1429,98,43.9467,49.3804,10.0947,5.4337,True,SpikeScore = 325–350 -> Spread = 80+,"[{""variable"":""SpikeScore"",""column"":""spike_score_bucket"",""value"":""325–350""},{""variable"":""Spread"",""column"":""spread_bucket"",""value"":""80+""}]",14,45.1743,0.5833
286,spike_score_bucket=400+ AND spread_bucket=80+,spread_bucket=80+,2,14,8,57.1429,98,43.9467,49.3804,10.0947,5.4337,True,SpikeScore = 400+ -> Spread = 80+,"[{""variable"":""SpikeScore"",""column"":""spike_score_bucket"",""value"":""400+""},{""variable"":""Spread"",""column"":""spread_bucket"",""value"":""80+""}]",14,45.1743,0.5833
287,spread_bucket=80+ AND value_count_bucket=2,spread_bucket=80+,2,14,8,57.1429,98,43.9467,49.3804,10.0947,5.4337,True,Spread = 80+ -> Antal value = 2,"[{""variable"":""Spread"",""column"":""spread_bucket"",""value"":""80+""},{""variable"":""Antal value"",""column"":""value_count_bucket"",""value"":""2""}]",14,45.1743,0.5833
288,race_type=Öppet lopp AND spike_gap_bucket=40+ AND spike_score_bucket=325–350 AND spread_bucket=80+,spike_gap_bucket=40+ AND spike_score_bucket=325–350 AND spread_bucket=80+,4,3,2,66.6667,8,64.0728,64.7802,25.4945,0.7074,False,Lopptyp = Öppet lopp -> SpikeGap = 40+ -> SpikeScore = 325–350 -> Spread = 80+,"[{""variable"":""Lopptyp"",""column"":""race_type"",""value"":""Öppet lopp""},{""variable"":""SpikeGap"",""column"":""spike_gap_bucket"",""value"":""40+""},{""variable"":""SpikeScore"",""column"":""spike_score_bucket"",""value"":""325–350""},{""variable"":""Spread"",""column"":""spread_bucket"",""value"":""80+""}]",3,45.1691,0.2308
289,red_warning=false AND spike_gap_bucket=0–10 AND yellow_warning=true,spike_gap_bucket=0–10 AND yellow_warning=true,3,14,8,57.1429,26,43.9318,49.3716,10.0859,5.4398,True,Röd varning = Nej -> SpikeGap = 0–10 -> Gul varning = Ja,"[{""variable"":""Röd varning"",""column"":""red_warning"",""value"":false},{""variable"":""SpikeGap"",""column"":""spike_gap_bucket"",""value"":""0–10""},{""variable"":""Gul varning"",""column"":""yellow_warning"",""value"":true}]",14,45.1691,0.5833
290,race_type=3-hästarslopp AND score_gap_bucket=20+ AND value_count_bucket=2,race_type=3-hästarslopp AND score_gap_bucket=20+,3,7,4,57.1429,56,52.1859,53.471,14.1853,1.2851,True,Lopptyp = 3-hästarslopp -> ScoreGap = 20+ -> Antal value = 2,"[{""variable"":""Lopptyp"",""column"":""race_type"",""value"":""3-hästarslopp""},{""variable"":""ScoreGap"",""column"":""score_gap_bucket"",""value"":""20+""},{""variable"":""Antal value"",""column"":""value_count_bucket"",""value"":""2""}]",7,45.1267,0.4118
291,score_gap_bucket=20+ AND value_count_bucket=2,score_gap_bucket=20+,2,12,7,58.3333,116,44.7479,49.8424,10.5567,5.0945,True,ScoreGap = 20+ -> Antal value = 2,"[{""variable"":""ScoreGap"",""column"":""score_gap_bucket"",""value"":""20+""},{""variable"":""Antal value"",""column"":""value_count_bucket"",""value"":""2""}]",12,45.0439,0.5455
292,race_type=3-hästarslopp AND yellow_warning=true,race_type=3-hästarslopp,2,44,20,45.4545,77,48.3063,46.3457,7.06,-1.9606,True,Lopptyp = 3-hästarslopp -> Gul varning = Ja,"[{""variable"":""Lopptyp"",""column"":""race_type"",""value"":""3-hästarslopp""},{""variable"":""Gul varning"",""column"":""yellow_warning"",""value"":true}]",44,45.0383,0.8148
293,race_type=3-hästarslopp AND spike_score_bucket=325–350 AND spread_bucket=80+ AND value_count_bucket=1,race_type=3-hästarslopp AND spike_score_bucket=325–350 AND spread_bucket=80+,4,3,2,66.6667,7,63.1472,64.203,24.9173,1.0558,False,Lopptyp = 3-hästarslopp -> SpikeScore = 325–350 -> Spread = 80+ -> Antal value = 1,"[{""variable"":""Lopptyp"",""column"":""race_type"",""value"":""3-hästarslopp""},{""variable"":""SpikeScore"",""column"":""spike_score_bucket"",""value"":""325–350""},{""variable"":""Spread"",""column"":""spread_bucket"",""value"":""80+""},{""variable"":""Antal value"",""column"":""value_count_bucket"",""value"":""1""}]",3,45.0359,0.2308
294,red_warning=false AND spike_score_bucket=325–350 AND spread_bucket=70–80,red_warning=false AND spike_score_bucket=325–350,3,9,5,55.5556,42,49.486,51.3697,12.0839,1.8837,True,Röd varning = Nej -> SpikeScore = 325–350 -> Spread = 70–80,"[{""variable"":""Röd varning"",""column"":""red_warning"",""value"":false},{""variable"":""SpikeScore"",""column"":""spike_score_bucket"",""value"":""325–350""},{""variable"":""Spread"",""column"":""spread_bucket"",""value"":""70–80""}]",9,45.0097,0.4737
295,spike_gap_bucket=40+ AND spike_score_bucket=325–350 AND spread_bucket=70–80 AND yellow_warning=false,spike_gap_bucket=40+ AND spike_score_bucket=325–350 AND yellow_warning=false,4,2,2,100.0,13,69.5163,73.5808,34.2951,4.0645,False,SpikeGap = 40+ -> SpikeScore = 325–350 -> Spread = 70–80 -> Gul varning = Nej,"[{""variable"":""SpikeGap"",""column"":""spike_gap_bucket"",""value"":""40+""},{""variable"":""SpikeScore"",""column"":""spike_score_bucket"",""value"":""325–350""},{""variable"":""Spread"",""column"":""spread_bucket"",""value"":""70–80""},{""variable"":""Gul varning"",""column"":""yellow_warning"",""value"":false}]",2,45.0016,0.1667
296,score_gap_bucket=20+ AND spike_gap_bucket=0–10 AND spike_score_bucket=350–375,spike_gap_bucket=0–10 AND spike_score_bucket=350–375,3,7,4,57.1429,13,51.0198,53.1629,13.8772,2.1431,True,ScoreGap = 20+ -> SpikeGap = 0–10 -> SpikeScore = 350–375,"[{""variable"":""ScoreGap"",""column"":""score_gap_bucket"",""value"":""20+""},{""variable"":""SpikeGap"",""column"":""spike_gap_bucket"",""value"":""0–10""},{""variable"":""SpikeScore"",""column"":""spike_score_bucket"",""value"":""350–375""}]",7,44.9998,0.4118
297,spread_bucket=70–80 AND value_count_bucket=1,spread_bucket=70–80,2,15,8,53.3333,37,45.3634,48.7791,9.4934,3.4157,True,Spread = 70–80 -> Antal value = 1,"[{""variable"":""Spread"",""column"":""spread_bucket"",""value"":""70–80""},{""variable"":""Antal value"",""column"":""value_count_bucket"",""value"":""1""}]",15,44.9817,0.6
298,race_type=3-hästarslopp AND spike_gap_bucket=40+ AND spike_score_bucket=375–400 AND spread_bucket=80+,race_type=3-hästarslopp AND spike_gap_bucket=40+ AND spread_bucket=80+,4,8,3,37.5,25,57.9369,52.0978,12.8121,-5.8391,True,Lopptyp = 3-hästarslopp -> SpikeGap = 40+ -> SpikeScore = 375–400 -> Spread = 80+,"[{""variable"":""Lopptyp"",""column"":""race_type"",""value"":""3-hästarslopp""},{""variable"":""SpikeGap"",""column"":""spike_gap_bucket"",""value"":""40+""},{""variable"":""SpikeScore"",""column"":""spike_score_bucket"",""value"":""375–400""},{""variable"":""Spread"",""column"":""spread_bucket"",""value"":""80+""}]",8,44.98,0.4444
299,race_type=3-hästarslopp AND score_gap_bucket=15–20 AND spike_gap_bucket=40+,race_type=3-hästarslopp AND spike_gap_bucket=40+,3,5,3,60.0,39,55.3581,56.2865,17.0008,0.9284,True,Lopptyp = 3-hästarslopp -> ScoreGap = 15–20 -> SpikeGap = 40+,"[{""variable"":""Lopptyp"",""column"":""race_type"",""value"":""3-hästarslopp""},{""variable"":""ScoreGap"",""column"":""score_gap_bucket"",""value"":""15–20""},{""variable"":""SpikeGap"",""column"":""spike_gap_bucket"",""value"":""40+""}]",5,44.9526,0.3333
300,red_warning=false AND spike_score_bucket=400+ AND spread_bucket=80+,spike_score_bucket=400+ AND spread_bucket=80+,3,12,6,50.0,14,49.3804,49.6664,10.3807,0.286,True,Röd varning = Nej -> SpikeScore = 400+ -> Spread = 80+,"[{""variable"":""Röd varning"",""column"":""red_warning"",""value"":false},{""variable"":""SpikeScore"",""column"":""spike_score_bucket"",""value"":""400+""},{""variable"":""Spread"",""column"":""spread_bucket"",""value"":""80+""}]",12,44.9479,0.5455
301,score_gap_bucket=15–20 AND spike_gap_bucket=40+,spike_gap_bucket=40+,2,13,7,53.8462,107,46.3442,49.2995,10.0138,2.9553,True,ScoreGap = 15–20 -> SpikeGap = 40+,"[{""variable"":""ScoreGap"",""column"":""score_gap_bucket"",""value"":""15–20""},{""variable"":""SpikeGap"",""column"":""spike_gap_bucket"",""value"":""40+""}]",13,44.9457,0.5652
302,spike_gap_bucket=0–10 AND spike_score_bucket=350–375 AND yellow_warning=true,spike_gap_bucket=0–10 AND spike_score_bucket=350–375,3,10,5,50.0,13,51.0198,50.5764,11.2907,-0.4434,True,SpikeGap = 0–10 -> SpikeScore = 350–375 -> Gul varning = Ja,"[{""variable"":""SpikeGap"",""column"":""spike_gap_bucket"",""value"":""0–10""},{""variable"":""SpikeScore"",""column"":""spike_score_bucket"",""value"":""350–375""},{""variable"":""Gul varning"",""column"":""yellow_warning"",""value"":true}]",10,44.9311,0.5
303,spread_bucket=80+ AND yellow_warning=true,spread_bucket=80+,2,49,23,46.9388,98,43.9467,46.0715,6.7858,2.1248,True,Spread = 80+ -> Gul varning = Ja,"[{""variable"":""Spread"",""column"":""spread_bucket"",""value"":""80+""},{""variable"":""Gul varning"",""column"":""yellow_warning"",""value"":true}]",49,44.9214,0.8305
304,race_type=3-hästarslopp AND red_warning=false AND value_count_bucket=1,race_type=3-hästarslopp AND red_warning=false,3,23,10,43.4783,70,51.8458,47.3701,8.0844,-4.4757,True,Lopptyp = 3-hästarslopp -> Röd varning = Nej -> Antal value = 1,"[{""variable"":""Lopptyp"",""column"":""race_type"",""value"":""3-hästarslopp""},{""variable"":""Röd varning"",""column"":""red_warning"",""value"":false},{""variable"":""Antal value"",""column"":""value_count_bucket"",""value"":""1""}]",23,44.9203,0.697
305,race_type=Öppet lopp AND red_warning=false AND spike_gap_bucket=40+ AND value_count_bucket=2,red_warning=false AND spike_gap_bucket=40+ AND value_count_bucket=2,4,4,3,75.0,10,52.607,59.005,19.7193,6.398,False,Lopptyp = Öppet lopp -> Röd varning = Nej -> SpikeGap = 40+ -> Antal value = 2,"[{""variable"":""Lopptyp"",""column"":""race_type"",""value"":""Öppet lopp""},{""variable"":""Röd varning"",""column"":""red_warning"",""value"":false},{""variable"":""SpikeGap"",""column"":""spike_gap_bucket"",""value"":""40+""},{""variable"":""Antal value"",""column"":""value_count_bucket"",""value"":""2""}]",4,44.9198,0.2857
306,score_gap_bucket=0–5 AND spike_score_bucket=325–350 AND yellow_warning=false,spike_score_bucket=325–350 AND yellow_warning=false,3,7,4,57.1429,26,51.4811,52.949,13.6632,1.4679,True,ScoreGap = 0–5 -> SpikeScore = 325–350 -> Gul varning = Nej,"[{""variable"":""ScoreGap"",""column"":""score_gap_bucket"",""value"":""0–5""},{""variable"":""SpikeScore"",""column"":""spike_score_bucket"",""value"":""325–350""},{""variable"":""Gul varning"",""column"":""yellow_warning"",""value"":false}]",7,44.9118,0.4118
307,spike_score_bucket=325–350 AND spread_bucket=80+ AND yellow_warning=false,spike_score_bucket=325–350 AND yellow_warning=false,3,7,4,57.1429,26,51.4811,52.949,13.6632,1.4679,True,SpikeScore = 325–350 -> Spread = 80+ -> Gul varning = Nej,"[{""variable"":""SpikeScore"",""column"":""spike_score_bucket"",""value"":""325–350""},{""variable"":""Spread"",""column"":""spread_bucket"",""value"":""80+""},{""variable"":""Gul varning"",""column"":""yellow_warning"",""value"":false}]",7,44.9118,0.4118
308,race_type=3-hästarslopp AND spike_score_bucket=375–400 AND yellow_warning=false,race_type=3-hästarslopp AND yellow_warning=false,3,9,4,44.4444,33,54.0778,51.0881,11.8024,-2.9897,True,Lopptyp = 3-hästarslopp -> SpikeScore = 375–400 -> Gul varning = Nej,"[{""variable"":""Lopptyp"",""column"":""race_type"",""value"":""3-hästarslopp""},{""variable"":""SpikeScore"",""column"":""spike_score_bucket"",""value"":""375–400""},{""variable"":""Gul varning"",""column"":""yellow_warning"",""value"":false}]",9,44.8763,0.4737
309,score_gap_bucket=0–5 AND spike_gap_bucket=40+ AND yellow_warning=false,spike_gap_bucket=40+ AND yellow_warning=false,3,8,4,50.0,53,52.4231,51.7308,12.4451,-0.6923,True,ScoreGap = 0–5 -> SpikeGap = 40+ -> Gul varning = Nej,"[{""variable"":""ScoreGap"",""column"":""score_gap_bucket"",""value"":""0–5""},{""variable"":""SpikeGap"",""column"":""spike_gap_bucket"",""value"":""40+""},{""variable"":""Gul varning"",""column"":""yellow_warning"",""value"":false}]",8,44.8169,0.4444
310,red_warning=false AND spike_gap_bucket=40+ AND spike_score_bucket=375–400 AND spread_bucket=80+,red_warning=false AND spike_gap_bucket=40+ AND spread_bucket=80+,4,13,5,38.4615,40,55.9666,49.0707,9.785,-6.8959,True,Röd varning = Nej -> SpikeGap = 40+ -> SpikeScore = 375–400 -> Spread = 80+,"[{""variable"":""Röd varning"",""column"":""red_warning"",""value"":false},{""variable"":""SpikeGap"",""column"":""spike_gap_bucket"",""value"":""40+""},{""variable"":""SpikeScore"",""column"":""spike_score_bucket"",""value"":""375–400""},{""variable"":""Spread"",""column"":""spread_bucket"",""value"":""80+""}]",13,44.8164,0.5652
311,score_gap_bucket=20+ AND spike_gap_bucket=40+ AND spike_score_bucket=375–400 AND spread_bucket=80+ AND yellow_warning=false,score_gap_bucket=20+ AND spike_gap_bucket=40+ AND spread_bucket=80+ AND yellow_warning=false,5,3,2,66.6667,16,62.61,63.2505,23.9648,0.6405,False,ScoreGap = 20+ -> SpikeGap = 40+ -> SpikeScore = 375–400 -> Spread = 80+ -> Gul varning = Nej,"[{""variable"":""ScoreGap"",""column"":""score_gap_bucket"",""value"":""20+""},{""variable"":""SpikeGap"",""column"":""spike_gap_bucket"",""value"":""40+""},{""variable"":""SpikeScore"",""column"":""spike_score_bucket"",""value"":""375–400""},{""variable"":""Spread"",""column"":""spread_bucket"",""value"":""80+""},{""variable"":""Gul varning"",""column"":""yellow_warning"",""value"":false}]",3,44.816,0.2308
312,red_warning=false AND spike_score_bucket=350–375 AND spread_bucket=<60,red_warning=false AND spike_score_bucket=350–375,3,19,9,47.3684,63,47.9958,47.6902,8.4044,-0.3056,True,Röd varning = Nej -> SpikeScore = 350–375 -> Spread = <60,"[{""variable"":""Röd varning"",""column"":""red_warning"",""value"":false},{""variable"":""SpikeScore"",""column"":""spike_score_bucket"",""value"":""350–375""},{""variable"":""Spread"",""column"":""spread_bucket"",""value"":""<60""}]",19,44.7921,0.6552
313,race_type=Öppet lopp AND score_gap_bucket=20+ AND spread_bucket=70–80,score_gap_bucket=20+ AND spread_bucket=70–80,3,12,6,50.0,23,49.0062,49.3789,10.0932,0.3727,True,Lopptyp = Öppet lopp -> ScoreGap = 20+ -> Spread = 70–80,"[{""variable"":""Lopptyp"",""column"":""race_type"",""value"":""Öppet lopp""},{""variable"":""ScoreGap"",""column"":""score_gap_bucket"",""value"":""20+""},{""variable"":""Spread"",""column"":""spread_bucket"",""value"":""70–80""}]",12,44.7911,0.5455
314,score_gap_bucket=0–5 AND spike_gap_bucket=40+ AND spike_score_bucket=325–350 AND spread_bucket=<60,spike_gap_bucket=40+ AND spike_score_bucket=325–350 AND spread_bucket=<60,4,3,2,66.6667,9,61.8634,63.0642,23.7785,1.2008,False,ScoreGap = 0–5 -> SpikeGap = 40+ -> SpikeScore = 325–350 -> Spread = <60,"[{""variable"":""ScoreGap"",""column"":""score_gap_bucket"",""value"":""0–5""},{""variable"":""SpikeGap"",""column"":""spike_gap_bucket"",""value"":""40+""},{""variable"":""SpikeScore"",""column"":""spike_score_bucket"",""value"":""325–350""},{""variable"":""Spread"",""column"":""spread_bucket"",""value"":""<60""}]",3,44.7731,0.2308
315,spike_score_bucket=350–375 AND spread_bucket=80+ AND yellow_warning=true,spike_score_bucket=350–375 AND spread_bucket=80+,3,15,7,46.6667,28,49.6594,48.3768,9.0911,-1.2826,True,SpikeScore = 350–375 -> Spread = 80+ -> Gul varning = Ja,"[{""variable"":""SpikeScore"",""column"":""spike_score_bucket"",""value"":""350–375""},{""variable"":""Spread"",""column"":""spread_bucket"",""value"":""80+""},{""variable"":""Gul varning"",""column"":""yellow_warning"",""value"":true}]",15,44.7404,0.6
316,race_type=Öppet lopp AND spike_gap_bucket=40+ AND spike_score_bucket=350–375 AND spread_bucket=80+ AND yellow_warning=false,spike_gap_bucket=40+ AND spike_score_bucket=350–375 AND spread_bucket=80+ AND yellow_warning=false,5,3,2,66.6667,7,61.12,62.784,23.4983,1.664,False,Lopptyp = Öppet lopp -> SpikeGap = 40+ -> SpikeScore = 350–375 -> Spread = 80+ -> Gul varning = Nej,"[{""variable"":""Lopptyp"",""column"":""race_type"",""value"":""Öppet lopp""},{""variable"":""SpikeGap"",""column"":""spike_gap_bucket"",""value"":""40+""},{""variable"":""SpikeScore"",""column"":""spike_score_bucket"",""value"":""350–375""},{""variable"":""Spread"",""column"":""spread_bucket"",""value"":""80+""},{""variable"":""Gul varning"",""column"":""yellow_warning"",""value"":false}]",3,44.7084,0.2308
317,race_type=3-hästarslopp AND red_warning=false AND spike_gap_bucket=40+ AND spike_score_bucket=375–400 AND spread_bucket=70–80,race_type=3-hästarslopp AND red_warning=false AND spike_gap_bucket=40+ AND spread_bucket=70–80,5,3,2,66.6667,11,61.3743,62.5084,23.2227,1.1341,False,Lopptyp = 3-hästarslopp -> Röd varning = Nej -> SpikeGap = 40+ -> SpikeScore = 375–400 -> Spread = 70–80,"[{""variable"":""Lopptyp"",""column"":""race_type"",""value"":""3-hästarslopp""},{""variable"":""Röd varning"",""column"":""red_warning"",""value"":false},{""variable"":""SpikeGap"",""column"":""spike_gap_bucket"",""value"":""40+""},{""variable"":""SpikeScore"",""column"":""spike_score_bucket"",""value"":""375–400""},{""variable"":""Spread"",""column"":""spread_bucket"",""value"":""70–80""}]",3,44.6448,0.2308
318,race_type=Öppet lopp AND score_gap_bucket=15–20 AND spike_score_bucket=350–375,score_gap_bucket=15–20 AND spike_score_bucket=350–375,3,4,3,75.0,8,49.4161,57.9441,18.6584,8.528,False,Lopptyp = Öppet lopp -> ScoreGap = 15–20 -> SpikeScore = 350–375,"[{""variable"":""Lopptyp"",""column"":""race_type"",""value"":""Öppet lopp""},{""variable"":""ScoreGap"",""column"":""score_gap_bucket"",""value"":""15–20""},{""variable"":""SpikeScore"",""column"":""spike_score_bucket"",""value"":""350–375""}]",4,44.6167,0.2857
319,spike_gap_bucket=40+ AND spike_score_bucket=325–350 AND spread_bucket=80+ AND value_count_bucket=1,spike_gap_bucket=40+ AND spike_score_bucket=325–350 AND spread_bucket=80+,4,2,2,100.0,8,64.0728,71.2582,31.9725,7.1854,False,SpikeGap = 40+ -> SpikeScore = 325–350 -> Spread = 80+ -> Antal value = 1,"[{""variable"":""SpikeGap"",""column"":""spike_gap_bucket"",""value"":""40+""},{""variable"":""SpikeScore"",""column"":""spike_score_bucket"",""value"":""325–350""},{""variable"":""Spread"",""column"":""spread_bucket"",""value"":""80+""},{""variable"":""Antal value"",""column"":""value_count_bucket"",""value"":""1""}]",2,44.6145,0.1667
320,score_gap_bucket=20+ AND yellow_warning=false,score_gap_bucket=20+,2,59,27,45.7627,116,44.7479,45.5058,6.2201,0.7579,True,ScoreGap = 20+ -> Gul varning = Nej,"[{""variable"":""ScoreGap"",""column"":""score_gap_bucket"",""value"":""20+""},{""variable"":""Gul varning"",""column"":""yellow_warning"",""value"":false}]",59,44.6043,0.8551
321,race_type=3-hästarslopp AND spike_gap_bucket=40+ AND spike_score_bucket=375–400 AND yellow_warning=false,race_type=3-hästarslopp AND spike_gap_bucket=40+ AND yellow_warning=false,4,4,2,50.0,17,59.653,57.8143,18.5286,-1.8387,False,Lopptyp = 3-hästarslopp -> SpikeGap = 40+ -> SpikeScore = 375–400 -> Gul varning = Nej,"[{""variable"":""Lopptyp"",""column"":""race_type"",""value"":""3-hästarslopp""},{""variable"":""SpikeGap"",""column"":""spike_gap_bucket"",""value"":""40+""},{""variable"":""SpikeScore"",""column"":""spike_score_bucket"",""value"":""375–400""},{""variable"":""Gul varning"",""column"":""yellow_warning"",""value"":false}]",4,44.5796,0.2857
322,race_type=3-hästarslopp AND spike_score_bucket=375–400 AND spread_bucket=80+ AND yellow_warning=false,race_type=3-hästarslopp AND spread_bucket=80+ AND yellow_warning=false,4,7,3,42.8571,23,55.385,52.137,12.8513,-3.248,True,Lopptyp = 3-hästarslopp -> SpikeScore = 375–400 -> Spread = 80+ -> Gul varning = Nej,"[{""variable"":""Lopptyp"",""column"":""race_type"",""value"":""3-hästarslopp""},{""variable"":""SpikeScore"",""column"":""spike_score_bucket"",""value"":""375–400""},{""variable"":""Spread"",""column"":""spread_bucket"",""value"":""80+""},{""variable"":""Gul varning"",""column"":""yellow_warning"",""value"":false}]",7,44.5774,0.4118
323,red_warning=false AND value_count_bucket=3+,value_count_bucket=3+,2,11,6,54.5455,13,45.0216,49.3867,10.101,4.3651,True,Röd varning = Nej -> Antal value = 3+,"[{""variable"":""Röd varning"",""column"":""red_warning"",""value"":false},{""variable"":""Antal value"",""column"":""value_count_bucket"",""value"":""3+""}]",11,44.5767,0.5238
324,red_warning=false AND spread_bucket=80+,spread_bucket=80+,2,88,40,45.4545,98,43.9467,45.1753,5.8896,1.2286,True,Röd varning = Nej -> Spread = 80+,"[{""variable"":""Röd varning"",""column"":""red_warning"",""value"":false},{""variable"":""Spread"",""column"":""spread_bucket"",""value"":""80+""}]",88,44.5743,0.898
325,race_type=3-hästarslopp AND spike_gap_bucket=40+ AND value_count_bucket=2,race_type=3-hästarslopp AND spike_gap_bucket=40+,3,7,3,42.8571,39,55.3581,52.1171,12.8314,-3.241,True,Lopptyp = 3-hästarslopp -> SpikeGap = 40+ -> Antal value = 2,"[{""variable"":""Lopptyp"",""column"":""race_type"",""value"":""3-hästarslopp""},{""variable"":""SpikeGap"",""column"":""spike_gap_bucket"",""value"":""40+""},{""variable"":""Antal value"",""column"":""value_count_bucket"",""value"":""2""}]",7,44.5692,0.4118
326,race_type=Öppet lopp AND score_gap_bucket=15–20,score_gap_bucket=15–20,2,15,8,53.3333,25,44.127,48.0726,8.7869,3.9456,True,Lopptyp = Öppet lopp -> ScoreGap = 15–20,"[{""variable"":""Lopptyp"",""column"":""race_type"",""value"":""Öppet lopp""},{""variable"":""ScoreGap"",""column"":""score_gap_bucket"",""value"":""15–20""}]",15,44.5578,0.6
327,race_type=Öppet lopp AND score_gap_bucket=15–20 AND spike_gap_bucket=40+,score_gap_bucket=15–20 AND spike_gap_bucket=40+,3,7,4,57.1429,13,49.2995,52.0447,12.759,2.7452,True,Lopptyp = Öppet lopp -> ScoreGap = 15–20 -> SpikeGap = 40+,"[{""variable"":""Lopptyp"",""column"":""race_type"",""value"":""Öppet lopp""},{""variable"":""ScoreGap"",""column"":""score_gap_bucket"",""value"":""15–20""},{""variable"":""SpikeGap"",""column"":""spike_gap_bucket"",""value"":""40+""}]",7,44.5394,0.4118
328,race_type=3-hästarslopp AND score_gap_bucket=20+ AND spike_gap_bucket=20–30 AND spread_bucket=80+,race_type=3-hästarslopp AND score_gap_bucket=20+ AND spread_bucket=80+,4,9,4,44.4444,45,52.9803,50.3312,11.0455,-2.6491,True,Lopptyp = 3-hästarslopp -> ScoreGap = 20+ -> SpikeGap = 20–30 -> Spread = 80+,"[{""variable"":""Lopptyp"",""column"":""race_type"",""value"":""3-hästarslopp""},{""variable"":""ScoreGap"",""column"":""score_gap_bucket"",""value"":""20+""},{""variable"":""SpikeGap"",""column"":""spike_gap_bucket"",""value"":""20–30""},{""variable"":""Spread"",""column"":""spread_bucket"",""value"":""80+""}]",9,44.5178,0.4737
329,race_type=Öppet lopp AND spike_gap_bucket=0–10 AND spike_score_bucket=350–375 AND yellow_warning=true,race_type=Öppet lopp AND spike_gap_bucket=0–10 AND spike_score_bucket=350–375,4,3,2,66.6667,5,59.0699,61.9187,22.633,2.8488,False,Lopptyp = Öppet lopp -> SpikeGap = 0–10 -> SpikeScore = 350–375 -> Gul varning = Ja,"[{""variable"":""Lopptyp"",""column"":""race_type"",""value"":""Öppet lopp""},{""variable"":""SpikeGap"",""column"":""spike_gap_bucket"",""value"":""0–10""},{""variable"":""SpikeScore"",""column"":""spike_score_bucket"",""value"":""350–375""},{""variable"":""Gul varning"",""column"":""yellow_warning"",""value"":true}]",3,44.5087,0.2308
330,race_type=3-hästarslopp AND spike_gap_bucket=20–30 AND yellow_warning=false,race_type=3-hästarslopp AND yellow_warning=false,3,4,3,75.0,33,54.0778,57.5648,18.2791,3.487,False,Lopptyp = 3-hästarslopp -> SpikeGap = 20–30 -> Gul varning = Nej,"[{""variable"":""Lopptyp"",""column"":""race_type"",""value"":""3-hästarslopp""},{""variable"":""SpikeGap"",""column"":""spike_gap_bucket"",""value"":""20–30""},{""variable"":""Gul varning"",""column"":""yellow_warning"",""value"":false}]",4,44.5083,0.2857
331,spike_score_bucket=325–350 AND spread_bucket=80+ AND yellow_warning=true,spike_score_bucket=325–350 AND spread_bucket=80+,3,7,4,57.1429,14,49.3804,51.9679,12.6822,2.5875,True,SpikeScore = 325–350 -> Spread = 80+ -> Gul varning = Ja,"[{""variable"":""SpikeScore"",""column"":""spike_score_bucket"",""value"":""325–350""},{""variable"":""Spread"",""column"":""spread_bucket"",""value"":""80+""},{""variable"":""Gul varning"",""column"":""yellow_warning"",""value"":true}]",7,44.5078,0.4118
332,spike_gap_bucket=40+ AND spike_score_bucket=400+,spike_gap_bucket=40+,2,11,6,54.5455,107,46.3442,49.2543,9.9686,2.9101,True,SpikeGap = 40+ -> SpikeScore = 400+,"[{""variable"":""SpikeGap"",""column"":""spike_gap_bucket"",""value"":""40+""},{""variable"":""SpikeScore"",""column"":""spike_score_bucket"",""value"":""400+""}]",11,44.5074,0.5238
333,race_type=3-hästarslopp AND score_gap_bucket=15–20 AND yellow_warning=false,race_type=3-hästarslopp AND yellow_warning=false,3,6,3,50.0,33,54.0778,53.1368,13.8511,-0.941,True,Lopptyp = 3-hästarslopp -> ScoreGap = 15–20 -> Gul varning = Nej,"[{""variable"":""Lopptyp"",""column"":""race_type"",""value"":""3-hästarslopp""},{""variable"":""ScoreGap"",""column"":""score_gap_bucket"",""value"":""15–20""},{""variable"":""Gul varning"",""column"":""yellow_warning"",""value"":false}]",6,44.4799,0.375
334,score_gap_bucket=20+ AND yellow_warning=true,score_gap_bucket=20+,2,57,26,45.614,116,44.7479,45.3891,6.1034,0.6412,True,ScoreGap = 20+ -> Gul varning = Ja,"[{""variable"":""ScoreGap"",""column"":""score_gap_bucket"",""value"":""20+""},{""variable"":""Gul varning"",""column"":""yellow_warning"",""value"":true}]",57,44.4781,0.8507
335,spike_gap_bucket=40+ AND spike_score_bucket=350–375,spike_gap_bucket=40+,2,35,16,45.7143,107,46.3442,45.9433,6.6576,-0.4009,True,SpikeGap = 40+ -> SpikeScore = 350–375,"[{""variable"":""SpikeGap"",""column"":""spike_gap_bucket"",""value"":""40+""},{""variable"":""SpikeScore"",""column"":""spike_score_bucket"",""value"":""350–375""}]",35,44.4638,0.7778
336,spike_gap_bucket=40+ AND spike_score_bucket=375–400 AND spread_bucket=70–80,spike_gap_bucket=40+ AND spread_bucket=70–80,3,5,3,60.0,18,53.3391,54.7871,15.5014,1.448,True,SpikeGap = 40+ -> SpikeScore = 375–400 -> Spread = 70–80,"[{""variable"":""SpikeGap"",""column"":""spike_gap_bucket"",""value"":""40+""},{""variable"":""SpikeScore"",""column"":""spike_score_bucket"",""value"":""375–400""},{""variable"":""Spread"",""column"":""spread_bucket"",""value"":""70–80""}]",5,44.4528,0.3333
337,spike_gap_bucket=0–10 AND spike_score_bucket=375–400 AND value_count_bucket=1,spike_gap_bucket=0–10 AND spike_score_bucket=375–400,3,3,3,100.0,7,45.2171,61.652,22.3663,16.4349,False,SpikeGap = 0–10 -> SpikeScore = 375–400 -> Antal value = 1,"[{""variable"":""SpikeGap"",""column"":""spike_gap_bucket"",""value"":""0–10""},{""variable"":""SpikeScore"",""column"":""spike_score_bucket"",""value"":""375–400""},{""variable"":""Antal value"",""column"":""value_count_bucket"",""value"":""1""}]",3,44.4472,0.2308
338,race_type=3-hästarslopp AND score_gap_bucket=20+ AND spike_score_bucket=375–400 AND spread_bucket=80+,race_type=3-hästarslopp AND score_gap_bucket=20+ AND spread_bucket=80+,4,12,5,41.6667,45,52.9803,48.7377,9.452,-4.2426,True,Lopptyp = 3-hästarslopp -> ScoreGap = 20+ -> SpikeScore = 375–400 -> Spread = 80+,"[{""variable"":""Lopptyp"",""column"":""race_type"",""value"":""3-hästarslopp""},{""variable"":""ScoreGap"",""column"":""score_gap_bucket"",""value"":""20+""},{""variable"":""SpikeScore"",""column"":""spike_score_bucket"",""value"":""375–400""},{""variable"":""Spread"",""column"":""spread_bucket"",""value"":""80+""}]",12,44.4413,0.5455
339,race_type=3-hästarslopp AND spike_gap_bucket=0–10 AND spike_score_bucket=375–400 AND yellow_warning=true,race_type=3-hästarslopp AND spike_gap_bucket=0–10 AND yellow_warning=true,4,2,2,100.0,7,61.6274,70.1546,30.8689,8.5272,False,Lopptyp = 3-hästarslopp -> SpikeGap = 0–10 -> SpikeScore = 375–400 -> Gul varning = Ja,"[{""variable"":""Lopptyp"",""column"":""race_type"",""value"":""3-hästarslopp""},{""variable"":""SpikeGap"",""column"":""spike_gap_bucket"",""value"":""0–10""},{""variable"":""SpikeScore"",""column"":""spike_score_bucket"",""value"":""375–400""},{""variable"":""Gul varning"",""column"":""yellow_warning"",""value"":true}]",2,44.4305,0.1667
340,race_type=Öppet lopp AND spike_gap_bucket=40+ AND spread_bucket=70–80,spike_gap_bucket=40+ AND spread_bucket=70–80,3,4,3,75.0,18,53.3391,57.2774,17.9917,3.9383,False,Lopptyp = Öppet lopp -> SpikeGap = 40+ -> Spread = 70–80,"[{""variable"":""Lopptyp"",""column"":""race_type"",""value"":""Öppet lopp""},{""variable"":""SpikeGap"",""column"":""spike_gap_bucket"",""value"":""40+""},{""variable"":""Spread"",""column"":""spread_bucket"",""value"":""70–80""}]",4,44.4262,0.2857
341,race_type=3-hästarslopp AND red_warning=false AND spread_bucket=80+ AND value_count_bucket=1,race_type=3-hästarslopp AND red_warning=false AND spread_bucket=80+,4,19,8,42.1053,52,51.9016,47.129,7.8433,-4.7726,True,Lopptyp = 3-hästarslopp -> Röd varning = Nej -> Spread = 80+ -> Antal value = 1,"[{""variable"":""Lopptyp"",""column"":""race_type"",""value"":""3-hästarslopp""},{""variable"":""Röd varning"",""column"":""red_warning"",""value"":false},{""variable"":""Spread"",""column"":""spread_bucket"",""value"":""80+""},{""variable"":""Antal value"",""column"":""value_count_bucket"",""value"":""1""}]",19,44.4244,0.6552
342,race_type=3-hästarslopp AND red_warning=false AND spike_score_bucket=350–375 AND yellow_warning=true,race_type=3-hästarslopp AND red_warning=false AND spike_score_bucket=350–375,4,16,7,43.75,30,50.7383,47.6324,8.3467,-3.1059,True,Lopptyp = 3-hästarslopp -> Röd varning = Nej -> SpikeScore = 350–375 -> Gul varning = Ja,"[{""variable"":""Lopptyp"",""column"":""race_type"",""value"":""3-hästarslopp""},{""variable"":""Röd varning"",""column"":""red_warning"",""value"":false},{""variable"":""SpikeScore"",""column"":""spike_score_bucket"",""value"":""350–375""},{""variable"":""Gul varning"",""column"":""yellow_warning"",""value"":true}]",16,44.4221,0.6154
343,race_type=Öppet lopp AND spread_bucket=80+ AND yellow_warning=true,spread_bucket=80+ AND yellow_warning=true,3,11,6,54.5455,49,46.0715,49.0784,9.7927,3.0069,True,Lopptyp = Öppet lopp -> Spread = 80+ -> Gul varning = Ja,"[{""variable"":""Lopptyp"",""column"":""race_type"",""value"":""Öppet lopp""},{""variable"":""Spread"",""column"":""spread_bucket"",""value"":""80+""},{""variable"":""Gul varning"",""column"":""yellow_warning"",""value"":true}]",11,44.4152,0.5238
344,race_type=3-hästarslopp AND spike_score_bucket=400+,race_type=3-hästarslopp,2,5,4,80.0,77,48.3063,54.645,15.3593,6.3387,True,Lopptyp = 3-hästarslopp -> SpikeScore = 400+,"[{""variable"":""Lopptyp"",""column"":""race_type"",""value"":""3-hästarslopp""},{""variable"":""SpikeScore"",""column"":""spike_score_bucket"",""value"":""400+""}]",5,44.4055,0.3333
345,race_type=Öppet lopp AND red_warning=false AND spread_bucket=80+ AND yellow_warning=true,race_type=Öppet lopp AND spread_bucket=80+ AND yellow_warning=true,4,10,5,50.0,11,49.0784,49.5173,10.2315,0.4389,True,Lopptyp = Öppet lopp -> Röd varning = Nej -> Spread = 80+ -> Gul varning = Ja,"[{""variable"":""Lopptyp"",""column"":""race_type"",""value"":""Öppet lopp""},{""variable"":""Röd varning"",""column"":""red_warning"",""value"":false},{""variable"":""Spread"",""column"":""spread_bucket"",""value"":""80+""},{""variable"":""Gul varning"",""column"":""yellow_warning"",""value"":true}]",10,44.4015,0.5
346,score_gap_bucket=20+ AND spike_score_bucket=400+,score_gap_bucket=20+,2,13,7,53.8462,116,44.7479,48.3321,9.0463,3.5842,True,ScoreGap = 20+ -> SpikeScore = 400+,"[{""variable"":""ScoreGap"",""column"":""score_gap_bucket"",""value"":""20+""},{""variable"":""SpikeScore"",""column"":""spike_score_bucket"",""value"":""400+""}]",13,44.3989,0.5652
347,score_gap_bucket=20+ AND spread_bucket=80+ AND yellow_warning=true,score_gap_bucket=20+ AND spread_bucket=80+,3,33,15,45.4545,70,46.6106,45.8908,6.6051,-0.7198,True,ScoreGap = 20+ -> Spread = 80+ -> Gul varning = Ja,"[{""variable"":""ScoreGap"",""column"":""score_gap_bucket"",""value"":""20+""},{""variable"":""Spread"",""column"":""spread_bucket"",""value"":""80+""},{""variable"":""Gul varning"",""column"":""yellow_warning"",""value"":true}]",33,44.3547,0.7674
348,race_type=Öppet lopp AND spike_gap_bucket=40+ AND spike_score_bucket=400+ AND spread_bucket=80+,spike_gap_bucket=40+ AND spike_score_bucket=400+ AND spread_bucket=80+,4,3,2,66.6667,8,59.2141,61.2466,21.9609,2.0325,False,Lopptyp = Öppet lopp -> SpikeGap = 40+ -> SpikeScore = 400+ -> Spread = 80+,"[{""variable"":""Lopptyp"",""column"":""race_type"",""value"":""Öppet lopp""},{""variable"":""SpikeGap"",""column"":""spike_gap_bucket"",""value"":""40+""},{""variable"":""SpikeScore"",""column"":""spike_score_bucket"",""value"":""400+""},{""variable"":""Spread"",""column"":""spread_bucket"",""value"":""80+""}]",3,44.3536,0.2308
349,spike_gap_bucket=40+ AND spike_score_bucket=400+ AND spread_bucket=80+ AND yellow_warning=false,spike_gap_bucket=40+ AND spike_score_bucket=400+ AND spread_bucket=80+,4,3,2,66.6667,8,59.2141,61.2466,21.9609,2.0325,False,SpikeGap = 40+ -> SpikeScore = 400+ -> Spread = 80+ -> Gul varning = Nej,"[{""variable"":""SpikeGap"",""column"":""spike_gap_bucket"",""value"":""40+""},{""variable"":""SpikeScore"",""column"":""spike_score_bucket"",""value"":""400+""},{""variable"":""Spread"",""column"":""spread_bucket"",""value"":""80+""},{""variable"":""Gul varning"",""column"":""yellow_warning"",""value"":false}]",3,44.3536,0.2308
350,red_warning=false AND spike_gap_bucket=0–10 AND spike_score_bucket=350–375 AND value_count_bucket=1,red_warning=false AND spike_gap_bucket=0–10 AND spike_score_bucket=350–375,4,5,2,40.0,11,60.9691,54.4163,15.1305,-6.5528,True,Röd varning = Nej -> SpikeGap = 0–10 -> SpikeScore = 350–375 -> Antal value = 1,"[{""variable"":""Röd varning"",""column"":""red_warning"",""value"":false},{""variable"":""SpikeGap"",""column"":""spike_gap_bucket"",""value"":""0–10""},{""variable"":""SpikeScore"",""column"":""spike_score_bucket"",""value"":""350–375""},{""variable"":""Antal value"",""column"":""value_count_bucket"",""value"":""1""}]",5,44.3292,0.3333
351,score_gap_bucket=20+,,1,116,53,45.6897,252,39.2857,44.7479,5.4622,5.4622,True,ScoreGap = 20+,"[{""variable"":""ScoreGap"",""column"":""score_gap_bucket"",""value"":""20+""}]",116,44.3144,0.9206
352,red_warning=false AND spike_score_bucket=325–350 AND spread_bucket=<60,red_warning=false AND spike_score_bucket=325–350,3,18,8,44.4444,42,49.486,47.0979,7.8122,-2.3881,True,Röd varning = Nej -> SpikeScore = 325–350 -> Spread = <60,"[{""variable"":""Röd varning"",""column"":""red_warning"",""value"":false},{""variable"":""SpikeScore"",""column"":""spike_score_bucket"",""value"":""325–350""},{""variable"":""Spread"",""column"":""spread_bucket"",""value"":""<60""}]",18,44.3078,0.6429
353,race_type=Öppet lopp AND score_gap_bucket=20+ AND spike_gap_bucket=40+ AND value_count_bucket=2,score_gap_bucket=20+ AND spike_gap_bucket=40+ AND value_count_bucket=2,4,2,2,100.0,6,58.9765,69.2324,29.9467,10.2559,False,Lopptyp = Öppet lopp -> ScoreGap = 20+ -> SpikeGap = 40+ -> Antal value = 2,"[{""variable"":""Lopptyp"",""column"":""race_type"",""value"":""Öppet lopp""},{""variable"":""ScoreGap"",""column"":""score_gap_bucket"",""value"":""20+""},{""variable"":""SpikeGap"",""column"":""spike_gap_bucket"",""value"":""40+""},{""variable"":""Antal value"",""column"":""value_count_bucket"",""value"":""2""}]",2,44.2768,0.1667
354,race_type=3-hästarslopp AND spike_score_bucket=350–375 AND yellow_warning=true,race_type=3-hästarslopp AND spike_score_bucket=350–375,3,18,8,44.4444,32,49.3486,47.0256,7.7399,-2.323,True,Lopptyp = 3-hästarslopp -> SpikeScore = 350–375 -> Gul varning = Ja,"[{""variable"":""Lopptyp"",""column"":""race_type"",""value"":""3-hästarslopp""},{""variable"":""SpikeScore"",""column"":""spike_score_bucket"",""value"":""350–375""},{""variable"":""Gul varning"",""column"":""yellow_warning"",""value"":true}]",18,44.2614,0.6429
355,race_type=3-hästarslopp AND score_gap_bucket=20+ AND spike_score_bucket=375–400 AND spread_bucket=80+ AND yellow_warning=false,race_type=3-hästarslopp AND score_gap_bucket=20+ AND spread_bucket=80+ AND yellow_warning=false,5,3,2,66.6667,19,59.6918,60.6429,21.3572,0.9511,False,Lopptyp = 3-hästarslopp -> ScoreGap = 20+ -> SpikeScore = 375–400 -> Spread = 80+ -> Gul varning = Nej,"[{""variable"":""Lopptyp"",""column"":""race_type"",""value"":""3-hästarslopp""},{""variable"":""ScoreGap"",""column"":""score_gap_bucket"",""value"":""20+""},{""variable"":""SpikeScore"",""column"":""spike_score_bucket"",""value"":""375–400""},{""variable"":""Spread"",""column"":""spread_bucket"",""value"":""80+""},{""variable"":""Gul varning"",""column"":""yellow_warning"",""value"":false}]",3,44.2143,0.2308
356,red_warning=false AND spike_gap_bucket=0–10 AND spread_bucket=80+ AND value_count_bucket=1,spike_gap_bucket=0–10 AND spread_bucket=80+ AND value_count_bucket=1,4,5,3,60.0,7,49.8345,54.0701,14.7844,4.2356,True,Röd varning = Nej -> SpikeGap = 0–10 -> Spread = 80+ -> Antal value = 1,"[{""variable"":""Röd varning"",""column"":""red_warning"",""value"":false},{""variable"":""SpikeGap"",""column"":""spike_gap_bucket"",""value"":""0–10""},{""variable"":""Spread"",""column"":""spread_bucket"",""value"":""80+""},{""variable"":""Antal value"",""column"":""value_count_bucket"",""value"":""1""}]",5,44.2138,0.3333
357,score_gap_bucket=20+ AND spike_score_bucket=325–350 AND spread_bucket=70–80 AND value_count_bucket=1,score_gap_bucket=20+ AND spike_score_bucket=325–350 AND spread_bucket=70–80,4,3,2,66.6667,6,57.5954,60.6192,21.3334,3.0238,False,ScoreGap = 20+ -> SpikeScore = 325–350 -> Spread = 70–80 -> Antal value = 1,"[{""variable"":""ScoreGap"",""column"":""score_gap_bucket"",""value"":""20+""},{""variable"":""SpikeScore"",""column"":""spike_score_bucket"",""value"":""325–350""},{""variable"":""Spread"",""column"":""spread_bucket"",""value"":""70–80""},{""variable"":""Antal value"",""column"":""value_count_bucket"",""value"":""1""}]",3,44.2088,0.2308
358,score_gap_bucket=20+ AND spread_bucket=<60 AND yellow_warning=false,score_gap_bucket=20+ AND yellow_warning=false,3,8,5,62.5,59,45.5058,50.3613,11.0756,4.8555,True,ScoreGap = 20+ -> Spread = <60 -> Gul varning = Nej,"[{""variable"":""ScoreGap"",""column"":""score_gap_bucket"",""value"":""20+""},{""variable"":""Spread"",""column"":""spread_bucket"",""value"":""<60""},{""variable"":""Gul varning"",""column"":""yellow_warning"",""value"":false}]",8,44.2082,0.4444
359,race_type=3-hästarslopp AND spread_bucket=70–80 AND yellow_warning=true,race_type=3-hästarslopp AND spread_bucket=70–80,3,11,5,45.4545,21,50.3933,48.6408,9.3551,-1.7525,True,Lopptyp = 3-hästarslopp -> Spread = 70–80 -> Gul varning = Ja,"[{""variable"":""Lopptyp"",""column"":""race_type"",""value"":""3-hästarslopp""},{""variable"":""Spread"",""column"":""spread_bucket"",""value"":""70–80""},{""variable"":""Gul varning"",""column"":""yellow_warning"",""value"":true}]",11,44.186,0.5238
360,race_type=3-hästarslopp AND red_warning=false AND value_count_bucket=2,race_type=3-hästarslopp AND red_warning=false,3,9,4,44.4444,70,51.8458,49.5488,10.2631,-2.297,True,Lopptyp = 3-hästarslopp -> Röd varning = Nej -> Antal value = 2,"[{""variable"":""Lopptyp"",""column"":""race_type"",""value"":""3-hästarslopp""},{""variable"":""Röd varning"",""column"":""red_warning"",""value"":false},{""variable"":""Antal value"",""column"":""value_count_bucket"",""value"":""2""}]",9,44.1472,0.4737
361,spike_score_bucket=350–375 AND spread_bucket=70–80 AND yellow_warning=true,spread_bucket=70–80 AND yellow_warning=true,3,8,4,50.0,20,50.1817,50.1298,10.8441,-0.0519,True,SpikeScore = 350–375 -> Spread = 70–80 -> Gul varning = Ja,"[{""variable"":""SpikeScore"",""column"":""spike_score_bucket"",""value"":""350–375""},{""variable"":""Spread"",""column"":""spread_bucket"",""value"":""70–80""},{""variable"":""Gul varning"",""column"":""yellow_warning"",""value"":true}]",8,44.1053,0.4444
362,race_type=Öppet lopp AND score_gap_bucket=15–20 AND spike_gap_bucket=40+ AND yellow_warning=false,score_gap_bucket=15–20 AND spike_gap_bucket=40+ AND yellow_warning=false,4,3,2,66.6667,7,57.3504,60.1453,20.8596,2.7949,False,Lopptyp = Öppet lopp -> ScoreGap = 15–20 -> SpikeGap = 40+ -> Gul varning = Nej,"[{""variable"":""Lopptyp"",""column"":""race_type"",""value"":""Öppet lopp""},{""variable"":""ScoreGap"",""column"":""score_gap_bucket"",""value"":""15–20""},{""variable"":""SpikeGap"",""column"":""spike_gap_bucket"",""value"":""40+""},{""variable"":""Gul varning"",""column"":""yellow_warning"",""value"":false}]",3,44.0995,0.2308
363,race_type=Öppet lopp AND score_gap_bucket=15–20 AND value_count_bucket=1,race_type=Öppet lopp AND score_gap_bucket=15–20,3,7,4,57.1429,15,48.0726,50.9586,11.6729,2.886,True,Lopptyp = Öppet lopp -> ScoreGap = 15–20 -> Antal value = 1,"[{""variable"":""Lopptyp"",""column"":""race_type"",""value"":""Öppet lopp""},{""variable"":""ScoreGap"",""column"":""score_gap_bucket"",""value"":""15–20""},{""variable"":""Antal value"",""column"":""value_count_bucket"",""value"":""1""}]",7,44.0922,0.4118
364,score_gap_bucket=20+ AND spike_gap_bucket=40+ AND spike_score_bucket=375–400 AND yellow_warning=false,score_gap_bucket=20+ AND spike_gap_bucket=40+ AND yellow_warning=false,4,4,2,50.0,28,57.2596,56.0497,16.764,-1.2099,False,ScoreGap = 20+ -> SpikeGap = 40+ -> SpikeScore = 375–400 -> Gul varning = Nej,"[{""variable"":""ScoreGap"",""column"":""score_gap_bucket"",""value"":""20+""},{""variable"":""SpikeGap"",""column"":""spike_gap_bucket"",""value"":""40+""},{""variable"":""SpikeScore"",""column"":""spike_score_bucket"",""value"":""375–400""},{""variable"":""Gul varning"",""column"":""yellow_warning"",""value"":false}]",4,44.0754,0.2857
365,spread_bucket=70–80,,1,37,18,48.6486,252,39.2857,45.3634,6.0777,6.0777,True,Spread = 70–80,"[{""variable"":""Spread"",""column"":""spread_bucket"",""value"":""70–80""}]",37,44.0703,0.7872
366,spike_gap_bucket=40+ AND spike_score_bucket=350–375 AND spread_bucket=70–80 AND yellow_warning=true,spike_gap_bucket=40+ AND spread_bucket=70–80 AND yellow_warning=true,4,3,2,66.6667,9,57.7816,60.0029,20.7172,2.2213,False,SpikeGap = 40+ -> SpikeScore = 350–375 -> Spread = 70–80 -> Gul varning = Ja,"[{""variable"":""SpikeGap"",""column"":""spike_gap_bucket"",""value"":""40+""},{""variable"":""SpikeScore"",""column"":""spike_score_bucket"",""value"":""350–375""},{""variable"":""Spread"",""column"":""spread_bucket"",""value"":""70–80""},{""variable"":""Gul varning"",""column"":""yellow_warning"",""value"":true}]",3,44.0666,0.2308
367,red_warning=false AND spike_score_bucket=350–375 AND spread_bucket=70–80 AND yellow_warning=true,red_warning=false AND spread_bucket=70–80 AND yellow_warning=true,4,7,3,42.8571,17,54.1523,50.8579,11.5722,-3.2944,True,Röd varning = Nej -> SpikeScore = 350–375 -> Spread = 70–80 -> Gul varning = Ja,"[{""variable"":""Röd varning"",""column"":""red_warning"",""value"":false},{""variable"":""SpikeScore"",""column"":""spike_score_bucket"",""value"":""350–375""},{""variable"":""Spread"",""column"":""spread_bucket"",""value"":""70–80""},{""variable"":""Gul varning"",""column"":""yellow_warning"",""value"":true}]",7,44.0507,0.4118
368,score_gap_bucket=20+ AND value_count_bucket=3+,value_count_bucket=3+,2,9,5,55.5556,13,45.0216,49.3309,10.0452,4.3093,True,ScoreGap = 20+ -> Antal value = 3+,"[{""variable"":""ScoreGap"",""column"":""score_gap_bucket"",""value"":""20+""},{""variable"":""Antal value"",""column"":""value_count_bucket"",""value"":""3+""}]",9,44.044,0.4737
369,score_gap_bucket=20+ AND spike_score_bucket=400+ AND value_count_bucket=2,score_gap_bucket=20+ AND value_count_bucket=2,3,3,3,100.0,12,49.8424,59.8739,20.5882,10.0315,False,ScoreGap = 20+ -> SpikeScore = 400+ -> Antal value = 2,"[{""variable"":""ScoreGap"",""column"":""score_gap_bucket"",""value"":""20+""},{""variable"":""SpikeScore"",""column"":""spike_score_bucket"",""value"":""400+""},{""variable"":""Antal value"",""column"":""value_count_bucket"",""value"":""2""}]",3,44.0368,0.2308
370,score_gap_bucket=20+ AND spike_score_bucket=325–350 AND spread_bucket=<60 AND yellow_warning=false,score_gap_bucket=20+ AND spike_score_bucket=325–350 AND yellow_warning=false,4,3,2,66.6667,11,57.9832,59.8439,20.5582,1.8607,False,ScoreGap = 20+ -> SpikeScore = 325–350 -> Spread = <60 -> Gul varning = Nej,"[{""variable"":""ScoreGap"",""column"":""score_gap_bucket"",""value"":""20+""},{""variable"":""SpikeScore"",""column"":""spike_score_bucket"",""value"":""325–350""},{""variable"":""Spread"",""column"":""spread_bucket"",""value"":""<60""},{""variable"":""Gul varning"",""column"":""yellow_warning"",""value"":false}]",3,44.0299,0.2308
371,race_type=3-hästarslopp AND spike_gap_bucket=40+ AND spike_score_bucket=375–400 AND yellow_warning=true,race_type=3-hästarslopp AND spike_gap_bucket=40+ AND yellow_warning=true,4,8,3,37.5,22,54.9324,49.9517,10.666,-4.9807,True,Lopptyp = 3-hästarslopp -> SpikeGap = 40+ -> SpikeScore = 375–400 -> Gul varning = Ja,"[{""variable"":""Lopptyp"",""column"":""race_type"",""value"":""3-hästarslopp""},{""variable"":""SpikeGap"",""column"":""spike_gap_bucket"",""value"":""40+""},{""variable"":""SpikeScore"",""column"":""spike_score_bucket"",""value"":""375–400""},{""variable"":""Gul varning"",""column"":""yellow_warning"",""value"":true}]",8,44.0262,0.4444
372,race_type=3-hästarslopp AND spike_score_bucket=375–400 AND value_count_bucket=3+,race_type=3-hästarslopp AND value_count_bucket=3+,3,3,2,66.6667,6,56.3895,59.8152,20.5295,3.4257,False,Lopptyp = 3-hästarslopp -> SpikeScore = 375–400 -> Antal value = 3+,"[{""variable"":""Lopptyp"",""column"":""race_type"",""value"":""3-hästarslopp""},{""variable"":""SpikeScore"",""column"":""spike_score_bucket"",""value"":""375–400""},{""variable"":""Antal value"",""column"":""value_count_bucket"",""value"":""3+""}]",3,44.0233,0.2308
373,race_type=3-hästarslopp AND spread_bucket=70–80 AND value_count_bucket=3+,race_type=3-hästarslopp AND value_count_bucket=3+,3,3,2,66.6667,6,56.3895,59.8152,20.5295,3.4257,False,Lopptyp = 3-hästarslopp -> Spread = 70–80 -> Antal value = 3+,"[{""variable"":""Lopptyp"",""column"":""race_type"",""value"":""3-hästarslopp""},{""variable"":""Spread"",""column"":""spread_bucket"",""value"":""70–80""},{""variable"":""Antal value"",""column"":""value_count_bucket"",""value"":""3+""}]",3,44.0233,0.2308
374,race_type=Öppet lopp AND spike_gap_bucket=40+ AND spread_bucket=70–80 AND value_count_bucket=1,spike_gap_bucket=40+ AND spread_bucket=70–80 AND value_count_bucket=1,4,2,2,100.0,7,58.4042,67.6477,28.362,9.2435,False,Lopptyp = Öppet lopp -> SpikeGap = 40+ -> Spread = 70–80 -> Antal value = 1,"[{""variable"":""Lopptyp"",""column"":""race_type"",""value"":""Öppet lopp""},{""variable"":""SpikeGap"",""column"":""spike_gap_bucket"",""value"":""40+""},{""variable"":""Spread"",""column"":""spread_bucket"",""value"":""70–80""},{""variable"":""Antal value"",""column"":""value_count_bucket"",""value"":""1""}]",2,44.0127,0.1667
375,spike_gap_bucket=40+ AND spike_score_bucket=350–375 AND spread_bucket=70–80 AND value_count_bucket=1,spike_gap_bucket=40+ AND spread_bucket=70–80 AND value_count_bucket=1,4,2,2,100.0,7,58.4042,67.6477,28.362,9.2435,False,SpikeGap = 40+ -> SpikeScore = 350–375 -> Spread = 70–80 -> Antal value = 1,"[{""variable"":""SpikeGap"",""column"":""spike_gap_bucket"",""value"":""40+""},{""variable"":""SpikeScore"",""column"":""spike_score_bucket"",""value"":""350–375""},{""variable"":""Spread"",""column"":""spread_bucket"",""value"":""70–80""},{""variable"":""Antal value"",""column"":""value_count_bucket"",""value"":""1""}]",2,44.0127,0.1667
376,race_type=3-hästarslopp AND spike_score_bucket=400+ AND yellow_warning=false,race_type=3-hästarslopp AND spike_score_bucket=400+,3,2,2,100.0,5,54.645,67.6036,28.3179,12.9586,False,Lopptyp = 3-hästarslopp -> SpikeScore = 400+ -> Gul varning = Nej,"[{""variable"":""Lopptyp"",""column"":""race_type"",""value"":""3-hästarslopp""},{""variable"":""SpikeScore"",""column"":""spike_score_bucket"",""value"":""400+""},{""variable"":""Gul varning"",""column"":""yellow_warning"",""value"":false}]",2,44.0054,0.1667
377,red_warning=false AND spike_score_bucket=325–350 AND yellow_warning=true,red_warning=false AND spike_score_bucket=325–350,3,16,7,43.75,42,49.486,46.9367,7.651,-2.5493,True,Röd varning = Nej -> SpikeScore = 325–350 -> Gul varning = Ja,"[{""variable"":""Röd varning"",""column"":""red_warning"",""value"":false},{""variable"":""SpikeScore"",""column"":""spike_score_bucket"",""value"":""325–350""},{""variable"":""Gul varning"",""column"":""yellow_warning"",""value"":true}]",16,43.994,0.6154
378,red_warning=false AND spike_score_bucket=350–375 AND spread_bucket=80+ AND value_count_bucket=1,red_warning=false AND spike_score_bucket=350–375 AND spread_bucket=80+,4,10,4,40.0,27,53.0466,48.6977,9.412,-4.3489,True,Röd varning = Nej -> SpikeScore = 350–375 -> Spread = 80+ -> Antal value = 1,"[{""variable"":""Röd varning"",""column"":""red_warning"",""value"":false},{""variable"":""SpikeScore"",""column"":""spike_score_bucket"",""value"":""350–375""},{""variable"":""Spread"",""column"":""spread_bucket"",""value"":""80+""},{""variable"":""Antal value"",""column"":""value_count_bucket"",""value"":""1""}]",10,43.9917,0.5
379,race_type=3-hästarslopp AND red_warning=false AND spike_gap_bucket=40+ AND spread_bucket=70–80 AND value_count_bucket=1,race_type=3-hästarslopp AND red_warning=false AND spike_gap_bucket=40+ AND spread_bucket=70–80,5,2,2,100.0,11,61.3743,67.3167,28.031,5.9424,False,Lopptyp = 3-hästarslopp -> Röd varning = Nej -> SpikeGap = 40+ -> Spread = 70–80 -> Antal value = 1,"[{""variable"":""Lopptyp"",""column"":""race_type"",""value"":""3-hästarslopp""},{""variable"":""Röd varning"",""column"":""red_warning"",""value"":false},{""variable"":""SpikeGap"",""column"":""spike_gap_bucket"",""value"":""40+""},{""variable"":""Spread"",""column"":""spread_bucket"",""value"":""70–80""},{""variable"":""Antal value"",""column"":""value_count_bucket"",""value"":""1""}]",2,43.9575,0.1667
380,score_gap_bucket=20+ AND spike_gap_bucket=40+ AND spread_bucket=70–80 AND yellow_warning=false,score_gap_bucket=20+ AND spike_gap_bucket=40+ AND yellow_warning=false,4,6,2,33.3333,28,57.2596,51.7382,12.4524,-5.5214,True,ScoreGap = 20+ -> SpikeGap = 40+ -> Spread = 70–80 -> Gul varning = Nej,"[{""variable"":""ScoreGap"",""column"":""score_gap_bucket"",""value"":""20+""},{""variable"":""SpikeGap"",""column"":""spike_gap_bucket"",""value"":""40+""},{""variable"":""Spread"",""column"":""spread_bucket"",""value"":""70–80""},{""variable"":""Gul varning"",""column"":""yellow_warning"",""value"":false}]",6,43.9554,0.375
381,race_type=3-hästarslopp AND spike_gap_bucket=0–10 AND value_count_bucket=3+,race_type=3-hästarslopp AND value_count_bucket=3+,3,2,2,100.0,6,56.3895,67.2921,28.0064,10.9026,False,Lopptyp = 3-hästarslopp -> SpikeGap = 0–10 -> Antal value = 3+,"[{""variable"":""Lopptyp"",""column"":""race_type"",""value"":""3-hästarslopp""},{""variable"":""SpikeGap"",""column"":""spike_gap_bucket"",""value"":""0–10""},{""variable"":""Antal value"",""column"":""value_count_bucket"",""value"":""3+""}]",2,43.9534,0.1667
382,race_type=3-hästarslopp AND spike_gap_bucket=40+ AND value_count_bucket=3+,race_type=3-hästarslopp AND value_count_bucket=3+,3,2,2,100.0,6,56.3895,67.2921,28.0064,10.9026,False,Lopptyp = 3-hästarslopp -> SpikeGap = 40+ -> Antal value = 3+,"[{""variable"":""Lopptyp"",""column"":""race_type"",""value"":""3-hästarslopp""},{""variable"":""SpikeGap"",""column"":""spike_gap_bucket"",""value"":""40+""},{""variable"":""Antal value"",""column"":""value_count_bucket"",""value"":""3+""}]",2,43.9534,0.1667
383,spike_score_bucket=350–375 AND spread_bucket=70–80,spread_bucket=70–80,2,14,7,50.0,37,45.3634,47.2726,7.9869,1.9092,True,SpikeScore = 350–375 -> Spread = 70–80,"[{""variable"":""SpikeScore"",""column"":""spike_score_bucket"",""value"":""350–375""},{""variable"":""Spread"",""column"":""spread_bucket"",""value"":""70–80""}]",14,43.9447,0.5833
384,score_gap_bucket=15–20 AND spike_score_bucket=350–375 AND yellow_warning=false,spike_score_bucket=350–375 AND yellow_warning=false,3,4,3,75.0,34,51.5491,55.4576,16.1719,3.9085,False,ScoreGap = 15–20 -> SpikeScore = 350–375 -> Gul varning = Nej,"[{""variable"":""ScoreGap"",""column"":""score_gap_bucket"",""value"":""15–20""},{""variable"":""SpikeScore"",""column"":""spike_score_bucket"",""value"":""350–375""},{""variable"":""Gul varning"",""column"":""yellow_warning"",""value"":false}]",4,43.9063,0.2857
385,red_warning=false AND spike_score_bucket=350–375 AND spread_bucket=70–80,red_warning=false AND spread_bucket=70–80,3,13,6,46.1538,34,48.2827,47.4441,8.1583,-0.8386,True,Röd varning = Nej -> SpikeScore = 350–375 -> Spread = 70–80,"[{""variable"":""Röd varning"",""column"":""red_warning"",""value"":false},{""variable"":""SpikeScore"",""column"":""spike_score_bucket"",""value"":""350–375""},{""variable"":""Spread"",""column"":""spread_bucket"",""value"":""70–80""}]",13,43.897,0.5652
386,race_type=3-hästarslopp AND score_gap_bucket=20+ AND spread_bucket=70–80 AND yellow_warning=false,race_type=3-hästarslopp AND score_gap_bucket=20+ AND yellow_warning=false,4,5,2,40.0,24,56.399,53.1192,13.8335,-3.2798,True,Lopptyp = 3-hästarslopp -> ScoreGap = 20+ -> Spread = 70–80 -> Gul varning = Nej,"[{""variable"":""Lopptyp"",""column"":""race_type"",""value"":""3-hästarslopp""},{""variable"":""ScoreGap"",""column"":""score_gap_bucket"",""value"":""20+""},{""variable"":""Spread"",""column"":""spread_bucket"",""value"":""70–80""},{""variable"":""Gul varning"",""column"":""yellow_warning"",""value"":false}]",5,43.8969,0.3333
387,race_type=3-hästarslopp AND score_gap_bucket=20+ AND spike_score_bucket=375–400,race_type=3-hästarslopp AND score_gap_bucket=20+,3,15,6,40.0,56,52.1859,46.9634,7.6777,-5.2225,True,Lopptyp = 3-hästarslopp -> ScoreGap = 20+ -> SpikeScore = 375–400,"[{""variable"":""Lopptyp"",""column"":""race_type"",""value"":""3-hästarslopp""},{""variable"":""ScoreGap"",""column"":""score_gap_bucket"",""value"":""20+""},{""variable"":""SpikeScore"",""column"":""spike_score_bucket"",""value"":""375–400""}]",15,43.8923,0.6
388,score_gap_bucket=20+ AND spike_gap_bucket=40+ AND spread_bucket=80+ AND value_count_bucket=1,score_gap_bucket=20+ AND spike_gap_bucket=40+ AND spread_bucket=80+,4,10,3,30.0,33,57.698,48.4653,9.1796,-9.2327,True,ScoreGap = 20+ -> SpikeGap = 40+ -> Spread = 80+ -> Antal value = 1,"[{""variable"":""ScoreGap"",""column"":""score_gap_bucket"",""value"":""20+""},{""variable"":""SpikeGap"",""column"":""spike_gap_bucket"",""value"":""40+""},{""variable"":""Spread"",""column"":""spread_bucket"",""value"":""80+""},{""variable"":""Antal value"",""column"":""value_count_bucket"",""value"":""1""}]",10,43.8755,0.5
389,race_type=3-hästarslopp AND spike_score_bucket=400+ AND yellow_warning=true,race_type=3-hästarslopp AND spike_score_bucket=400+,3,3,2,66.6667,5,54.645,59.1531,19.8674,4.5081,False,Lopptyp = 3-hästarslopp -> SpikeScore = 400+ -> Gul varning = Ja,"[{""variable"":""Lopptyp"",""column"":""race_type"",""value"":""3-hästarslopp""},{""variable"":""SpikeScore"",""column"":""spike_score_bucket"",""value"":""400+""},{""variable"":""Gul varning"",""column"":""yellow_warning"",""value"":true}]",3,43.8705,0.2308
390,race_type=3-hästarslopp AND score_gap_bucket=20+ AND spike_score_bucket=375–400 AND yellow_warning=false,race_type=3-hästarslopp AND score_gap_bucket=20+ AND yellow_warning=false,4,4,2,50.0,24,56.399,55.3325,16.0468,-1.0665,False,Lopptyp = 3-hästarslopp -> ScoreGap = 20+ -> SpikeScore = 375–400 -> Gul varning = Nej,"[{""variable"":""Lopptyp"",""column"":""race_type"",""value"":""3-hästarslopp""},{""variable"":""ScoreGap"",""column"":""score_gap_bucket"",""value"":""20+""},{""variable"":""SpikeScore"",""column"":""spike_score_bucket"",""value"":""375–400""},{""variable"":""Gul varning"",""column"":""yellow_warning"",""value"":false}]",4,43.8705,0.2857
391,race_type=Öppet lopp AND red_warning=false AND spike_gap_bucket=0–10 AND yellow_warning=true,red_warning=false AND spike_gap_bucket=0–10 AND yellow_warning=true,4,8,4,50.0,14,49.3716,49.6001,10.3144,0.2285,True,Lopptyp = Öppet lopp -> Röd varning = Nej -> SpikeGap = 0–10 -> Gul varning = Ja,"[{""variable"":""Lopptyp"",""column"":""race_type"",""value"":""Öppet lopp""},{""variable"":""Röd varning"",""column"":""red_warning"",""value"":false},{""variable"":""SpikeGap"",""column"":""spike_gap_bucket"",""value"":""0–10""},{""variable"":""Gul varning"",""column"":""yellow_warning"",""value"":true}]",8,43.8699,0.4444
392,race_type=3-hästarslopp AND score_gap_bucket=20+ AND spike_score_bucket=350–375 AND spread_bucket=80+ AND yellow_warning=true,race_type=3-hästarslopp AND score_gap_bucket=20+ AND spike_score_bucket=350–375 AND spread_bucket=80+,5,10,4,40.0,19,52.8104,48.393,9.1073,-4.4174,False,Lopptyp = 3-hästarslopp -> ScoreGap = 20+ -> SpikeScore = 350–375 -> Spread = 80+ -> Gul varning = Ja,"[{""variable"":""Lopptyp"",""column"":""race_type"",""value"":""3-hästarslopp""},{""variable"":""ScoreGap"",""column"":""score_gap_bucket"",""value"":""20+""},{""variable"":""SpikeScore"",""column"":""spike_score_bucket"",""value"":""350–375""},{""variable"":""Spread"",""column"":""spread_bucket"",""value"":""80+""},{""variable"":""Gul varning"",""column"":""yellow_warning"",""value"":true}]",10,43.8394,0.5
393,race_type=3-hästarslopp AND score_gap_bucket=20+ AND value_count_bucket=1,race_type=3-hästarslopp AND score_gap_bucket=20+,3,20,8,40.0,56,52.1859,46.0929,6.8072,-6.093,True,Lopptyp = 3-hästarslopp -> ScoreGap = 20+ -> Antal value = 1,"[{""variable"":""Lopptyp"",""column"":""race_type"",""value"":""3-hästarslopp""},{""variable"":""ScoreGap"",""column"":""score_gap_bucket"",""value"":""20+""},{""variable"":""Antal value"",""column"":""value_count_bucket"",""value"":""1""}]",20,43.8238,0.6667
394,spike_gap_bucket=0–10 AND spread_bucket=80+,spread_bucket=80+,2,16,8,50.0,98,43.9467,46.6371,7.3513,2.6904,True,SpikeGap = 0–10 -> Spread = 80+,"[{""variable"":""SpikeGap"",""column"":""spike_gap_bucket"",""value"":""0–10""},{""variable"":""Spread"",""column"":""spread_bucket"",""value"":""80+""}]",16,43.8096,0.6154
395,race_type=Öppet lopp AND score_gap_bucket=20+ AND value_count_bucket=2,score_gap_bucket=20+ AND value_count_bucket=2,3,5,3,60.0,12,49.8424,52.8299,13.5442,2.9875,True,Lopptyp = Öppet lopp -> ScoreGap = 20+ -> Antal value = 2,"[{""variable"":""Lopptyp"",""column"":""race_type"",""value"":""Öppet lopp""},{""variable"":""ScoreGap"",""column"":""score_gap_bucket"",""value"":""20+""},{""variable"":""Antal value"",""column"":""value_count_bucket"",""value"":""2""}]",5,43.8004,0.3333
396,spike_score_bucket=400+ AND spread_bucket=80+ AND value_count_bucket=1,spike_score_bucket=400+ AND spread_bucket=80+,3,4,3,75.0,14,49.3804,55.0736,15.7879,5.6932,False,SpikeScore = 400+ -> Spread = 80+ -> Antal value = 1,"[{""variable"":""SpikeScore"",""column"":""spike_score_bucket"",""value"":""400+""},{""variable"":""Spread"",""column"":""spread_bucket"",""value"":""80+""},{""variable"":""Antal value"",""column"":""value_count_bucket"",""value"":""1""}]",4,43.7965,0.2857
397,spike_gap_bucket=0–10 AND spread_bucket=<60 AND yellow_warning=false,spike_gap_bucket=0–10 AND spread_bucket=<60,3,6,4,66.6667,14,44.7312,51.3118,12.0261,6.5806,True,SpikeGap = 0–10 -> Spread = <60 -> Gul varning = Nej,"[{""variable"":""SpikeGap"",""column"":""spike_gap_bucket"",""value"":""0–10""},{""variable"":""Spread"",""column"":""spread_bucket"",""value"":""<60""},{""variable"":""Gul varning"",""column"":""yellow_warning"",""value"":false}]",6,43.7955,0.375
398,score_gap_bucket=15–20 AND spike_score_bucket=350–375,spike_score_bucket=350–375,2,8,5,62.5,77,44.1826,49.4161,10.1304,5.2335,True,ScoreGap = 15–20 -> SpikeScore = 350–375,"[{""variable"":""ScoreGap"",""column"":""score_gap_bucket"",""value"":""15–20""},{""variable"":""SpikeScore"",""column"":""spike_score_bucket"",""value"":""350–375""}]",8,43.7881,0.4444
399,score_gap_bucket=15–20 AND yellow_warning=false,score_gap_bucket=15–20,2,11,6,54.5455,25,44.127,47.8239,8.5382,3.6969,True,ScoreGap = 15–20 -> Gul varning = Nej,"[{""variable"":""ScoreGap"",""column"":""score_gap_bucket"",""value"":""15–20""},{""variable"":""Gul varning"",""column"":""yellow_warning"",""value"":false}]",11,43.7581,0.5238
400,spike_score_bucket=350–375 AND spread_bucket=70–80 AND yellow_warning=false,spike_score_bucket=350–375 AND yellow_warning=false,3,6,3,50.0,34,51.5491,51.1916,11.9059,-0.3575,True,SpikeScore = 350–375 -> Spread = 70–80 -> Gul varning = Nej,"[{""variable"":""SpikeScore"",""column"":""spike_score_bucket"",""value"":""350–375""},{""variable"":""Spread"",""column"":""spread_bucket"",""value"":""70–80""},{""variable"":""Gul varning"",""column"":""yellow_warning"",""value"":false}]",6,43.7504,0.375
401,score_gap_bucket=20+ AND spike_score_bucket=350–375 AND spread_bucket=70–80,score_gap_bucket=20+ AND spread_bucket=70–80,3,8,4,50.0,23,49.0062,49.2901,10.0044,0.2839,True,ScoreGap = 20+ -> SpikeScore = 350–375 -> Spread = 70–80,"[{""variable"":""ScoreGap"",""column"":""score_gap_bucket"",""value"":""20+""},{""variable"":""SpikeScore"",""column"":""spike_score_bucket"",""value"":""350–375""},{""variable"":""Spread"",""column"":""spread_bucket"",""value"":""70–80""}]",8,43.7321,0.4444
402,race_type=3-hästarslopp AND spike_score_bucket=350–375 AND spread_bucket=80+ AND value_count_bucket=1,race_type=3-hästarslopp AND spike_score_bucket=350–375 AND spread_bucket=80+,4,10,4,40.0,22,52.2188,48.1459,8.8602,-4.0729,True,Lopptyp = 3-hästarslopp -> SpikeScore = 350–375 -> Spread = 80+ -> Antal value = 1,"[{""variable"":""Lopptyp"",""column"":""race_type"",""value"":""3-hästarslopp""},{""variable"":""SpikeScore"",""column"":""spike_score_bucket"",""value"":""350–375""},{""variable"":""Spread"",""column"":""spread_bucket"",""value"":""80+""},{""variable"":""Antal value"",""column"":""value_count_bucket"",""value"":""1""}]",10,43.7158,0.5
403,race_type=3-hästarslopp AND score_gap_bucket=20+ AND spike_score_bucket=350–375 AND yellow_warning=true,race_type=3-hästarslopp AND score_gap_bucket=20+ AND yellow_warning=true,4,12,5,41.6667,32,50.8407,47.4004,8.1147,-3.4403,True,Lopptyp = 3-hästarslopp -> ScoreGap = 20+ -> SpikeScore = 350–375 -> Gul varning = Ja,"[{""variable"":""Lopptyp"",""column"":""race_type"",""value"":""3-hästarslopp""},{""variable"":""ScoreGap"",""column"":""score_gap_bucket"",""value"":""20+""},{""variable"":""SpikeScore"",""column"":""spike_score_bucket"",""value"":""350–375""},{""variable"":""Gul varning"",""column"":""yellow_warning"",""value"":true}]",12,43.7119,0.5455
404,race_type=3-hästarslopp AND spike_gap_bucket=40+ AND spike_score_bucket=375–400 AND spread_bucket=70–80,race_type=3-hästarslopp AND spike_gap_bucket=40+ AND spread_bucket=70–80,4,4,2,50.0,14,56.093,54.739,15.4533,-1.354,False,Lopptyp = 3-hästarslopp -> SpikeGap = 40+ -> SpikeScore = 375–400 -> Spread = 70–80,"[{""variable"":""Lopptyp"",""column"":""race_type"",""value"":""3-hästarslopp""},{""variable"":""SpikeGap"",""column"":""spike_gap_bucket"",""value"":""40+""},{""variable"":""SpikeScore"",""column"":""spike_score_bucket"",""value"":""375–400""},{""variable"":""Spread"",""column"":""spread_bucket"",""value"":""70–80""}]",4,43.7009,0.2857
405,race_type=Öppet lopp AND spike_gap_bucket=40+ AND spike_score_bucket=375–400 AND spread_bucket=80+ AND yellow_warning=false,race_type=Öppet lopp AND spike_gap_bucket=40+ AND spread_bucket=80+ AND yellow_warning=false,5,4,2,50.0,11,56.4594,54.7369,15.4512,-1.7225,False,Lopptyp = Öppet lopp -> SpikeGap = 40+ -> SpikeScore = 375–400 -> Spread = 80+ -> Gul varning = Nej,"[{""variable"":""Lopptyp"",""column"":""race_type"",""value"":""Öppet lopp""},{""variable"":""SpikeGap"",""column"":""spike_gap_bucket"",""value"":""40+""},{""variable"":""SpikeScore"",""column"":""spike_score_bucket"",""value"":""375–400""},{""variable"":""Spread"",""column"":""spread_bucket"",""value"":""80+""},{""variable"":""Gul varning"",""column"":""yellow_warning"",""value"":false}]",4,43.7003,0.2857
406,race_type=Öppet lopp AND spread_bucket=80+ AND value_count_bucket=2,spread_bucket=80+ AND value_count_bucket=2,3,3,3,100.0,14,49.3804,58.3133,19.0276,8.9329,False,Lopptyp = Öppet lopp -> Spread = 80+ -> Antal value = 2,"[{""variable"":""Lopptyp"",""column"":""race_type"",""value"":""Öppet lopp""},{""variable"":""Spread"",""column"":""spread_bucket"",""value"":""80+""},{""variable"":""Antal value"",""column"":""value_count_bucket"",""value"":""2""}]",3,43.6767,0.2308
407,score_gap_bucket=0–5 AND spike_gap_bucket=40+ AND spread_bucket=<60 AND yellow_warning=false,score_gap_bucket=0–5 AND spike_gap_bucket=40+ AND yellow_warning=false,4,6,3,50.0,8,51.7308,50.989,11.7033,-0.7418,True,ScoreGap = 0–5 -> SpikeGap = 40+ -> Spread = <60 -> Gul varning = Nej,"[{""variable"":""ScoreGap"",""column"":""score_gap_bucket"",""value"":""0–5""},{""variable"":""SpikeGap"",""column"":""spike_gap_bucket"",""value"":""40+""},{""variable"":""Spread"",""column"":""spread_bucket"",""value"":""<60""},{""variable"":""Gul varning"",""column"":""yellow_warning"",""value"":false}]",6,43.6744,0.375
408,score_gap_bucket=20+ AND spike_gap_bucket=0–10 AND yellow_warning=true,score_gap_bucket=20+ AND yellow_warning=true,3,9,5,55.5556,57,45.3891,48.5442,9.2585,3.1551,True,ScoreGap = 20+ -> SpikeGap = 0–10 -> Gul varning = Ja,"[{""variable"":""ScoreGap"",""column"":""score_gap_bucket"",""value"":""20+""},{""variable"":""SpikeGap"",""column"":""spike_gap_bucket"",""value"":""0–10""},{""variable"":""Gul varning"",""column"":""yellow_warning"",""value"":true}]",9,43.6713,0.4737
409,race_type=Öppet lopp AND red_warning=false AND spike_gap_bucket=40+,red_warning=false AND spike_gap_bucket=40+,3,56,24,42.8571,93,48.9105,44.4501,5.1644,-4.4604,True,Lopptyp = Öppet lopp -> Röd varning = Nej -> SpikeGap = 40+,"[{""variable"":""Lopptyp"",""column"":""race_type"",""value"":""Öppet lopp""},{""variable"":""Röd varning"",""column"":""red_warning"",""value"":false},{""variable"":""SpikeGap"",""column"":""spike_gap_bucket"",""value"":""40+""}]",56,43.6676,0.8485
410,race_type=Öppet lopp AND score_gap_bucket=20+ AND spike_gap_bucket=40+ AND spread_bucket=70–80,score_gap_bucket=20+ AND spike_gap_bucket=40+ AND spread_bucket=70–80,4,3,2,66.6667,10,55.718,58.2446,18.9589,2.5266,False,Lopptyp = Öppet lopp -> ScoreGap = 20+ -> SpikeGap = 40+ -> Spread = 70–80,"[{""variable"":""Lopptyp"",""column"":""race_type"",""value"":""Öppet lopp""},{""variable"":""ScoreGap"",""column"":""score_gap_bucket"",""value"":""20+""},{""variable"":""SpikeGap"",""column"":""spike_gap_bucket"",""value"":""40+""},{""variable"":""Spread"",""column"":""spread_bucket"",""value"":""70–80""}]",3,43.6608,0.2308
411,race_type=Öppet lopp AND spike_score_bucket=350–375 AND spread_bucket=70–80 AND yellow_warning=true,race_type=Öppet lopp AND spread_bucket=70–80 AND yellow_warning=true,4,3,2,66.6667,9,55.2977,58.1399,18.8542,2.8422,False,Lopptyp = Öppet lopp -> SpikeScore = 350–375 -> Spread = 70–80 -> Gul varning = Ja,"[{""variable"":""Lopptyp"",""column"":""race_type"",""value"":""Öppet lopp""},{""variable"":""SpikeScore"",""column"":""spike_score_bucket"",""value"":""350–375""},{""variable"":""Spread"",""column"":""spread_bucket"",""value"":""70–80""},{""variable"":""Gul varning"",""column"":""yellow_warning"",""value"":true}]",3,43.6367,0.2308
412,spike_gap_bucket=0–10 AND spread_bucket=80+ AND value_count_bucket=1,spike_gap_bucket=0–10 AND spread_bucket=80+,3,7,4,57.1429,16,46.6371,49.8345,10.5488,3.1974,True,SpikeGap = 0–10 -> Spread = 80+ -> Antal value = 1,"[{""variable"":""SpikeGap"",""column"":""spike_gap_bucket"",""value"":""0–10""},{""variable"":""Spread"",""column"":""spread_bucket"",""value"":""80+""},{""variable"":""Antal value"",""column"":""value_count_bucket"",""value"":""1""}]",7,43.6293,0.4118
413,race_type=3-hästarslopp AND spike_gap_bucket=10–20 AND spread_bucket=80+ AND yellow_warning=false,race_type=3-hästarslopp AND spread_bucket=80+ AND yellow_warning=false,4,4,2,50.0,23,55.385,54.4875,15.2018,-0.8975,False,Lopptyp = 3-hästarslopp -> SpikeGap = 10–20 -> Spread = 80+ -> Gul varning = Nej,"[{""variable"":""Lopptyp"",""column"":""race_type"",""value"":""3-hästarslopp""},{""variable"":""SpikeGap"",""column"":""spike_gap_bucket"",""value"":""10–20""},{""variable"":""Spread"",""column"":""spread_bucket"",""value"":""80+""},{""variable"":""Gul varning"",""column"":""yellow_warning"",""value"":false}]",4,43.6291,0.2857
414,race_type=3-hästarslopp AND score_gap_bucket=15–20 AND spread_bucket=70–80,race_type=3-hästarslopp AND spread_bucket=70–80,3,5,3,60.0,21,50.3933,52.3146,13.0289,1.9213,True,Lopptyp = 3-hästarslopp -> ScoreGap = 15–20 -> Spread = 70–80,"[{""variable"":""Lopptyp"",""column"":""race_type"",""value"":""3-hästarslopp""},{""variable"":""ScoreGap"",""column"":""score_gap_bucket"",""value"":""15–20""},{""variable"":""Spread"",""column"":""spread_bucket"",""value"":""70–80""}]",5,43.6287,0.3333
415,spike_score_bucket=350–375,,1,77,35,45.4545,252,39.2857,44.1826,4.8969,4.8969,True,SpikeScore = 350–375,"[{""variable"":""SpikeScore"",""column"":""spike_score_bucket"",""value"":""350–375""}]",77,43.6197,0.8851
416,race_type=3-hästarslopp AND score_gap_bucket=5–10 AND spike_gap_bucket=40+,race_type=3-hästarslopp AND spike_gap_bucket=40+,3,5,2,40.0,39,55.3581,52.2865,13.0008,-3.0716,True,Lopptyp = 3-hästarslopp -> ScoreGap = 5–10 -> SpikeGap = 40+,"[{""variable"":""Lopptyp"",""column"":""race_type"",""value"":""3-hästarslopp""},{""variable"":""ScoreGap"",""column"":""score_gap_bucket"",""value"":""5–10""},{""variable"":""SpikeGap"",""column"":""spike_gap_bucket"",""value"":""40+""}]",5,43.6193,0.3333
417,race_type=Öppet lopp AND score_gap_bucket=20+ AND spike_gap_bucket=40+ AND spike_score_bucket=400+,score_gap_bucket=20+ AND spike_gap_bucket=40+ AND spike_score_bucket=400+,4,4,2,50.0,9,56.3238,54.378,15.0923,-1.9458,False,Lopptyp = Öppet lopp -> ScoreGap = 20+ -> SpikeGap = 40+ -> SpikeScore = 400+,"[{""variable"":""Lopptyp"",""column"":""race_type"",""value"":""Öppet lopp""},{""variable"":""ScoreGap"",""column"":""score_gap_bucket"",""value"":""20+""},{""variable"":""SpikeGap"",""column"":""spike_gap_bucket"",""value"":""40+""},{""variable"":""SpikeScore"",""column"":""spike_score_bucket"",""value"":""400+""}]",4,43.5978,0.2857
418,spike_gap_bucket=10–20 AND spread_bucket=70–80 AND yellow_warning=true,spread_bucket=70–80 AND yellow_warning=true,3,4,3,75.0,20,50.1817,54.3181,15.0324,4.1364,False,SpikeGap = 10–20 -> Spread = 70–80 -> Gul varning = Ja,"[{""variable"":""SpikeGap"",""column"":""spike_gap_bucket"",""value"":""10–20""},{""variable"":""Spread"",""column"":""spread_bucket"",""value"":""70–80""},{""variable"":""Gul varning"",""column"":""yellow_warning"",""value"":true}]",4,43.5807,0.2857
419,spike_gap_bucket=0–10 AND spike_score_bucket=350–375 AND yellow_warning=false,spike_score_bucket=350–375 AND yellow_warning=false,3,3,3,100.0,34,51.5491,57.8688,18.5831,6.3197,False,SpikeGap = 0–10 -> SpikeScore = 350–375 -> Gul varning = Nej,"[{""variable"":""SpikeGap"",""column"":""spike_gap_bucket"",""value"":""0–10""},{""variable"":""SpikeScore"",""column"":""spike_score_bucket"",""value"":""350–375""},{""variable"":""Gul varning"",""column"":""yellow_warning"",""value"":false}]",3,43.5741,0.2308
420,spike_score_bucket=325–350 AND spread_bucket=70–80 AND yellow_warning=true,spread_bucket=70–80 AND yellow_warning=true,3,5,3,60.0,20,50.1817,52.1454,12.8596,1.9637,True,SpikeScore = 325–350 -> Spread = 70–80 -> Gul varning = Ja,"[{""variable"":""SpikeScore"",""column"":""spike_score_bucket"",""value"":""325–350""},{""variable"":""Spread"",""column"":""spread_bucket"",""value"":""70–80""},{""variable"":""Gul varning"",""column"":""yellow_warning"",""value"":true}]",5,43.5723,0.3333
421,race_type=3-hästarslopp AND spike_gap_bucket=40+ AND spike_score_bucket=325–350 AND spread_bucket=80+ AND yellow_warning=false,race_type=3-hästarslopp AND spike_gap_bucket=40+ AND spike_score_bucket=325–350 AND spread_bucket=80+,5,2,1,50.0,5,70.9786,64.9847,25.699,-5.9939,False,Lopptyp = 3-hästarslopp -> SpikeGap = 40+ -> SpikeScore = 325–350 -> Spread = 80+ -> Gul varning = Nej,"[{""variable"":""Lopptyp"",""column"":""race_type"",""value"":""3-hästarslopp""},{""variable"":""SpikeGap"",""column"":""spike_gap_bucket"",""value"":""40+""},{""variable"":""SpikeScore"",""column"":""spike_score_bucket"",""value"":""325–350""},{""variable"":""Spread"",""column"":""spread_bucket"",""value"":""80+""},{""variable"":""Gul varning"",""column"":""yellow_warning"",""value"":false}]",2,43.5689,0.1667
422,red_warning=false AND spike_gap_bucket=40+ AND yellow_warning=true,red_warning=false AND spike_gap_bucket=40+,3,40,17,42.5,93,48.9105,44.6368,5.3511,-4.2737,True,Röd varning = Nej -> SpikeGap = 40+ -> Gul varning = Ja,"[{""variable"":""Röd varning"",""column"":""red_warning"",""value"":false},{""variable"":""SpikeGap"",""column"":""spike_gap_bucket"",""value"":""40+""},{""variable"":""Gul varning"",""column"":""yellow_warning"",""value"":true}]",40,43.5666,0.8
423,red_warning=false AND spike_gap_bucket=40+ AND spike_score_bucket=350–375 AND spread_bucket=<60,red_warning=false AND spike_gap_bucket=40+ AND spike_score_bucket=350–375,4,11,5,45.4545,29,48.5349,47.4419,8.1562,-1.093,True,Röd varning = Nej -> SpikeGap = 40+ -> SpikeScore = 350–375 -> Spread = <60,"[{""variable"":""Röd varning"",""column"":""red_warning"",""value"":false},{""variable"":""SpikeGap"",""column"":""spike_gap_bucket"",""value"":""40+""},{""variable"":""SpikeScore"",""column"":""spike_score_bucket"",""value"":""350–375""},{""variable"":""Spread"",""column"":""spread_bucket"",""value"":""<60""}]",11,43.558,0.5238
424,race_type=Öppet lopp AND spike_score_bucket=350–375 AND spread_bucket=80+ AND yellow_warning=false,spike_score_bucket=350–375 AND spread_bucket=80+ AND yellow_warning=false,4,4,2,50.0,13,55.4843,54.1939,14.9082,-1.2904,False,Lopptyp = Öppet lopp -> SpikeScore = 350–375 -> Spread = 80+ -> Gul varning = Nej,"[{""variable"":""Lopptyp"",""column"":""race_type"",""value"":""Öppet lopp""},{""variable"":""SpikeScore"",""column"":""spike_score_bucket"",""value"":""350–375""},{""variable"":""Spread"",""column"":""spread_bucket"",""value"":""80+""},{""variable"":""Gul varning"",""column"":""yellow_warning"",""value"":false}]",4,43.5452,0.2857
425,race_type=3-hästarslopp AND score_gap_bucket=20+ AND spike_gap_bucket=10–20 AND yellow_warning=false,race_type=3-hästarslopp AND score_gap_bucket=20+ AND yellow_warning=false,4,3,2,66.6667,24,56.399,57.7383,18.4525,1.3393,False,Lopptyp = 3-hästarslopp -> ScoreGap = 20+ -> SpikeGap = 10–20 -> Gul varning = Nej,"[{""variable"":""Lopptyp"",""column"":""race_type"",""value"":""3-hästarslopp""},{""variable"":""ScoreGap"",""column"":""score_gap_bucket"",""value"":""20+""},{""variable"":""SpikeGap"",""column"":""spike_gap_bucket"",""value"":""10–20""},{""variable"":""Gul varning"",""column"":""yellow_warning"",""value"":false}]",3,43.544,0.2308
426,race_type=3-hästarslopp AND score_gap_bucket=10–15 AND value_count_bucket=1,race_type=3-hästarslopp AND score_gap_bucket=10–15,3,2,2,100.0,5,50.645,64.7464,25.4607,14.1014,False,Lopptyp = 3-hästarslopp -> ScoreGap = 10–15 -> Antal value = 1,"[{""variable"":""Lopptyp"",""column"":""race_type"",""value"":""3-hästarslopp""},{""variable"":""ScoreGap"",""column"":""score_gap_bucket"",""value"":""10–15""},{""variable"":""Antal value"",""column"":""value_count_bucket"",""value"":""1""}]",2,43.5292,0.1667
427,race_type=Öppet lopp AND red_warning=false AND spike_score_bucket=325–350,red_warning=false AND spike_score_bucket=325–350,3,31,13,41.9355,42,49.486,44.8965,5.6108,-4.5895,True,Lopptyp = Öppet lopp -> Röd varning = Nej -> SpikeScore = 325–350,"[{""variable"":""Lopptyp"",""column"":""race_type"",""value"":""Öppet lopp""},{""variable"":""Röd varning"",""column"":""red_warning"",""value"":false},{""variable"":""SpikeScore"",""column"":""spike_score_bucket"",""value"":""325–350""}]",31,43.528,0.7561
428,race_type=3-hästarslopp AND red_warning=false AND spike_gap_bucket=40+ AND spike_score_bucket=350–375 AND yellow_warning=true,race_type=3-hästarslopp AND red_warning=false AND spike_gap_bucket=40+ AND yellow_warning=true,5,4,1,25.0,18,60.5948,54.123,14.8373,-6.4718,False,Lopptyp = 3-hästarslopp -> Röd varning = Nej -> SpikeGap = 40+ -> SpikeScore = 350–375 -> Gul varning = Ja,"[{""variable"":""Lopptyp"",""column"":""race_type"",""value"":""3-hästarslopp""},{""variable"":""Röd varning"",""column"":""red_warning"",""value"":false},{""variable"":""SpikeGap"",""column"":""spike_gap_bucket"",""value"":""40+""},{""variable"":""SpikeScore"",""column"":""spike_score_bucket"",""value"":""350–375""},{""variable"":""Gul varning"",""column"":""yellow_warning"",""value"":true}]",4,43.5249,0.2857
429,race_type=Öppet lopp AND spike_gap_bucket=30–40 AND spike_score_bucket=350–375 AND yellow_warning=true,spike_gap_bucket=30–40 AND spike_score_bucket=350–375 AND yellow_warning=true,4,2,2,100.0,5,50.5728,64.6949,25.4091,14.1221,False,Lopptyp = Öppet lopp -> SpikeGap = 30–40 -> SpikeScore = 350–375 -> Gul varning = Ja,"[{""variable"":""Lopptyp"",""column"":""race_type"",""value"":""Öppet lopp""},{""variable"":""SpikeGap"",""column"":""spike_gap_bucket"",""value"":""30–40""},{""variable"":""SpikeScore"",""column"":""spike_score_bucket"",""value"":""350–375""},{""variable"":""Gul varning"",""column"":""yellow_warning"",""value"":true}]",2,43.5206,0.1667
430,spread_bucket=80+,,1,98,44,44.898,252,39.2857,43.9467,4.661,4.661,True,Spread = 80+,"[{""variable"":""Spread"",""column"":""spread_bucket"",""value"":""80+""}]",98,43.5151,0.9074
431,score_gap_bucket=20+ AND spike_gap_bucket=40+ AND spike_score_bucket=350–375 AND spread_bucket=70–80,score_gap_bucket=20+ AND spike_gap_bucket=40+ AND spread_bucket=70–80,4,4,2,50.0,10,55.718,54.0843,14.7986,-1.6337,False,ScoreGap = 20+ -> SpikeGap = 40+ -> SpikeScore = 350–375 -> Spread = 70–80,"[{""variable"":""ScoreGap"",""column"":""score_gap_bucket"",""value"":""20+""},{""variable"":""SpikeGap"",""column"":""spike_gap_bucket"",""value"":""40+""},{""variable"":""SpikeScore"",""column"":""spike_score_bucket"",""value"":""350–375""},{""variable"":""Spread"",""column"":""spread_bucket"",""value"":""70–80""}]",4,43.5139,0.2857
432,score_gap_bucket=20+ AND spike_score_bucket=325–350 AND spread_bucket=<60,score_gap_bucket=20+ AND spike_score_bucket=325–350,3,4,2,50.0,20,54.874,54.0617,14.776,-0.8123,False,ScoreGap = 20+ -> SpikeScore = 325–350 -> Spread = <60,"[{""variable"":""ScoreGap"",""column"":""score_gap_bucket"",""value"":""20+""},{""variable"":""SpikeScore"",""column"":""spike_score_bucket"",""value"":""325–350""},{""variable"":""Spread"",""column"":""spread_bucket"",""value"":""<60""}]",4,43.5074,0.2857
433,race_type=3-hästarslopp AND spike_gap_bucket=40+ AND spike_score_bucket=350–375 AND yellow_warning=true,race_type=3-hästarslopp AND spike_gap_bucket=40+ AND yellow_warning=true,4,5,2,40.0,22,54.9324,51.9459,12.6602,-2.9865,True,Lopptyp = 3-hästarslopp -> SpikeGap = 40+ -> SpikeScore = 350–375 -> Gul varning = Ja,"[{""variable"":""Lopptyp"",""column"":""race_type"",""value"":""3-hästarslopp""},{""variable"":""SpikeGap"",""column"":""spike_gap_bucket"",""value"":""40+""},{""variable"":""SpikeScore"",""column"":""spike_score_bucket"",""value"":""350–375""},{""variable"":""Gul varning"",""column"":""yellow_warning"",""value"":true}]",5,43.5058,0.3333
434,spike_gap_bucket=40+ AND spike_score_bucket=350–375 AND spread_bucket=70–80 AND yellow_warning=false,spike_gap_bucket=40+ AND spike_score_bucket=350–375 AND yellow_warning=false,4,4,2,50.0,21,54.8405,54.0337,14.748,-0.8068,False,SpikeGap = 40+ -> SpikeScore = 350–375 -> Spread = 70–80 -> Gul varning = Nej,"[{""variable"":""SpikeGap"",""column"":""spike_gap_bucket"",""value"":""40+""},{""variable"":""SpikeScore"",""column"":""spike_score_bucket"",""value"":""350–375""},{""variable"":""Spread"",""column"":""spread_bucket"",""value"":""70–80""},{""variable"":""Gul varning"",""column"":""yellow_warning"",""value"":false}]",4,43.4994,0.2857
435,race_type=3-hästarslopp AND score_gap_bucket=20+ AND spread_bucket=70–80 AND value_count_bucket=1,score_gap_bucket=20+ AND spread_bucket=70–80 AND value_count_bucket=1,4,3,2,66.6667,9,54.487,57.5319,18.2462,3.0449,False,Lopptyp = 3-hästarslopp -> ScoreGap = 20+ -> Spread = 70–80 -> Antal value = 1,"[{""variable"":""Lopptyp"",""column"":""race_type"",""value"":""3-hästarslopp""},{""variable"":""ScoreGap"",""column"":""score_gap_bucket"",""value"":""20+""},{""variable"":""Spread"",""column"":""spread_bucket"",""value"":""70–80""},{""variable"":""Antal value"",""column"":""value_count_bucket"",""value"":""1""}]",3,43.4964,0.2308
436,race_type=Öppet lopp AND spike_gap_bucket=40+ AND spike_score_bucket=350–375 AND spread_bucket=70–80,spike_gap_bucket=40+ AND spike_score_bucket=350–375 AND spread_bucket=70–80,4,2,2,100.0,7,54.4042,64.5366,25.2509,10.1324,False,Lopptyp = Öppet lopp -> SpikeGap = 40+ -> SpikeScore = 350–375 -> Spread = 70–80,"[{""variable"":""Lopptyp"",""column"":""race_type"",""value"":""Öppet lopp""},{""variable"":""SpikeGap"",""column"":""spike_gap_bucket"",""value"":""40+""},{""variable"":""SpikeScore"",""column"":""spike_score_bucket"",""value"":""350–375""},{""variable"":""Spread"",""column"":""spread_bucket"",""value"":""70–80""}]",2,43.4942,0.1667
437,race_type=3-hästarslopp AND spike_gap_bucket=20–30,race_type=3-hästarslopp,2,11,5,45.4545,77,48.3063,47.2944,8.0087,-1.0119,True,Lopptyp = 3-hästarslopp -> SpikeGap = 20–30,"[{""variable"":""Lopptyp"",""column"":""race_type"",""value"":""3-hästarslopp""},{""variable"":""SpikeGap"",""column"":""spike_gap_bucket"",""value"":""20–30""}]",11,43.4807,0.5238
438,race_type=3-hästarslopp AND spike_gap_bucket=40+ AND spike_score_bucket=350–375 AND spread_bucket=70–80,race_type=3-hästarslopp AND spike_gap_bucket=40+ AND spread_bucket=70–80,4,5,2,40.0,14,56.093,51.858,12.5723,-4.235,True,Lopptyp = 3-hästarslopp -> SpikeGap = 40+ -> SpikeScore = 350–375 -> Spread = 70–80,"[{""variable"":""Lopptyp"",""column"":""race_type"",""value"":""3-hästarslopp""},{""variable"":""SpikeGap"",""column"":""spike_gap_bucket"",""value"":""40+""},{""variable"":""SpikeScore"",""column"":""spike_score_bucket"",""value"":""350–375""},{""variable"":""Spread"",""column"":""spread_bucket"",""value"":""70–80""}]",5,43.4765,0.3333
439,score_gap_bucket=20+ AND spike_gap_bucket=40+ AND spike_score_bucket=325–350 AND spread_bucket=<60,score_gap_bucket=20+ AND spike_gap_bucket=40+ AND spike_score_bucket=325–350,4,2,1,50.0,13,66.486,64.2879,25.0022,-2.1981,False,ScoreGap = 20+ -> SpikeGap = 40+ -> SpikeScore = 325–350 -> Spread = <60,"[{""variable"":""ScoreGap"",""column"":""score_gap_bucket"",""value"":""20+""},{""variable"":""SpikeGap"",""column"":""spike_gap_bucket"",""value"":""40+""},{""variable"":""SpikeScore"",""column"":""spike_score_bucket"",""value"":""325–350""},{""variable"":""Spread"",""column"":""spread_bucket"",""value"":""<60""}]",2,43.4527,0.1667
440,race_type=Öppet lopp AND score_gap_bucket=20+ AND spike_gap_bucket=40+ AND spike_score_bucket=375–400 AND spread_bucket=80+,race_type=Öppet lopp AND score_gap_bucket=20+ AND spike_gap_bucket=40+ AND spread_bucket=80+,5,5,2,40.0,13,56.1806,51.686,12.4003,-4.4946,False,Lopptyp = Öppet lopp -> ScoreGap = 20+ -> SpikeGap = 40+ -> SpikeScore = 375–400 -> Spread = 80+,"[{""variable"":""Lopptyp"",""column"":""race_type"",""value"":""Öppet lopp""},{""variable"":""ScoreGap"",""column"":""score_gap_bucket"",""value"":""20+""},{""variable"":""SpikeGap"",""column"":""spike_gap_bucket"",""value"":""40+""},{""variable"":""SpikeScore"",""column"":""spike_score_bucket"",""value"":""375–400""},{""variable"":""Spread"",""column"":""spread_bucket"",""value"":""80+""}]",5,43.4191,0.3333
441,race_type=3-hästarslopp AND spike_gap_bucket=0–10 AND spike_score_bucket=375–400,race_type=3-hästarslopp AND spike_gap_bucket=0–10,3,3,2,66.6667,9,54.0043,57.1699,17.8842,3.1656,False,Lopptyp = 3-hästarslopp -> SpikeGap = 0–10 -> SpikeScore = 375–400,"[{""variable"":""Lopptyp"",""column"":""race_type"",""value"":""3-hästarslopp""},{""variable"":""SpikeGap"",""column"":""spike_gap_bucket"",""value"":""0–10""},{""variable"":""SpikeScore"",""column"":""spike_score_bucket"",""value"":""375–400""}]",3,43.4128,0.2308
442,red_warning=false AND spike_gap_bucket=20–30 AND spike_score_bucket=350–375,red_warning=false AND spike_score_bucket=350–375,3,8,4,50.0,63,47.9958,48.5684,9.2827,0.5726,True,Röd varning = Nej -> SpikeGap = 20–30 -> SpikeScore = 350–375,"[{""variable"":""Röd varning"",""column"":""red_warning"",""value"":false},{""variable"":""SpikeGap"",""column"":""spike_gap_bucket"",""value"":""20–30""},{""variable"":""SpikeScore"",""column"":""spike_score_bucket"",""value"":""350–375""}]",8,43.4114,0.4444
443,score_gap_bucket=15–20 AND spread_bucket=70–80,spread_bucket=70–80,2,6,4,66.6667,37,45.3634,50.2795,10.9938,4.9161,True,ScoreGap = 15–20 -> Spread = 70–80,"[{""variable"":""ScoreGap"",""column"":""score_gap_bucket"",""value"":""15–20""},{""variable"":""Spread"",""column"":""spread_bucket"",""value"":""70–80""}]",6,43.4084,0.375
444,red_warning=false AND spike_score_bucket=325–350 AND spread_bucket=80+ AND value_count_bucket=1,red_warning=false AND spike_score_bucket=325–350 AND spread_bucket=80+,4,3,2,66.6667,11,54.5071,57.1127,17.827,2.6056,False,Röd varning = Nej -> SpikeScore = 325–350 -> Spread = 80+ -> Antal value = 1,"[{""variable"":""Röd varning"",""column"":""red_warning"",""value"":false},{""variable"":""SpikeScore"",""column"":""spike_score_bucket"",""value"":""325–350""},{""variable"":""Spread"",""column"":""spread_bucket"",""value"":""80+""},{""variable"":""Antal value"",""column"":""value_count_bucket"",""value"":""1""}]",3,43.3996,0.2308
445,race_type=3-hästarslopp AND spread_bucket=80+ AND value_count_bucket=2,race_type=3-hästarslopp AND spread_bucket=80+,3,9,4,44.4444,56,49.5543,47.9685,8.6828,-1.5858,True,Lopptyp = 3-hästarslopp -> Spread = 80+ -> Antal value = 2,"[{""variable"":""Lopptyp"",""column"":""race_type"",""value"":""3-hästarslopp""},{""variable"":""Spread"",""column"":""spread_bucket"",""value"":""80+""},{""variable"":""Antal value"",""column"":""value_count_bucket"",""value"":""2""}]",9,43.3986,0.4737
446,race_type=3-hästarslopp AND spike_gap_bucket=40+ AND spike_score_bucket=350–375 AND value_count_bucket=1,race_type=3-hästarslopp AND spike_gap_bucket=40+ AND value_count_bucket=1,4,3,2,66.6667,13,54.7625,56.9945,17.7088,2.232,False,Lopptyp = 3-hästarslopp -> SpikeGap = 40+ -> SpikeScore = 350–375 -> Antal value = 1,"[{""variable"":""Lopptyp"",""column"":""race_type"",""value"":""3-hästarslopp""},{""variable"":""SpikeGap"",""column"":""spike_gap_bucket"",""value"":""40+""},{""variable"":""SpikeScore"",""column"":""spike_score_bucket"",""value"":""350–375""},{""variable"":""Antal value"",""column"":""value_count_bucket"",""value"":""1""}]",3,43.3724,0.2308
447,score_gap_bucket=20+ AND spike_score_bucket=375–400 AND spread_bucket=80+ AND yellow_warning=false,score_gap_bucket=20+ AND spread_bucket=80+ AND yellow_warning=false,4,11,5,45.4545,37,47.9335,47.0539,7.7682,-0.8796,True,ScoreGap = 20+ -> SpikeScore = 375–400 -> Spread = 80+ -> Gul varning = Nej,"[{""variable"":""ScoreGap"",""column"":""score_gap_bucket"",""value"":""20+""},{""variable"":""SpikeScore"",""column"":""spike_score_bucket"",""value"":""375–400""},{""variable"":""Spread"",""column"":""spread_bucket"",""value"":""80+""},{""variable"":""Gul varning"",""column"":""yellow_warning"",""value"":false}]",11,43.3548,0.5238
448,spike_gap_bucket=40+ AND spread_bucket=80+ AND value_count_bucket=1,spike_gap_bucket=40+ AND spread_bucket=80+,3,11,4,36.3636,41,52.8997,47.0321,7.7464,-5.8676,True,SpikeGap = 40+ -> Spread = 80+ -> Antal value = 1,"[{""variable"":""SpikeGap"",""column"":""spike_gap_bucket"",""value"":""40+""},{""variable"":""Spread"",""column"":""spread_bucket"",""value"":""80+""},{""variable"":""Antal value"",""column"":""value_count_bucket"",""value"":""1""}]",11,43.3433,0.5238
449,race_type=Öppet lopp AND spike_gap_bucket=40+ AND spike_score_bucket=325–350 AND value_count_bucket=1,race_type=Öppet lopp AND spike_gap_bucket=40+ AND spike_score_bucket=325–350,4,4,1,25.0,14,61.5894,53.4584,14.1727,-8.131,False,Lopptyp = Öppet lopp -> SpikeGap = 40+ -> SpikeScore = 325–350 -> Antal value = 1,"[{""variable"":""Lopptyp"",""column"":""race_type"",""value"":""Öppet lopp""},{""variable"":""SpikeGap"",""column"":""spike_gap_bucket"",""value"":""40+""},{""variable"":""SpikeScore"",""column"":""spike_score_bucket"",""value"":""325–350""},{""variable"":""Antal value"",""column"":""value_count_bucket"",""value"":""1""}]",4,43.3351,0.2857
450,race_type=Öppet lopp AND spike_score_bucket=350–375 AND spread_bucket=70–80,spike_score_bucket=350–375 AND spread_bucket=70–80,3,4,3,75.0,14,47.2726,53.4342,14.1485,6.1616,False,Lopptyp = Öppet lopp -> SpikeScore = 350–375 -> Spread = 70–80,"[{""variable"":""Lopptyp"",""column"":""race_type"",""value"":""Öppet lopp""},{""variable"":""SpikeScore"",""column"":""spike_score_bucket"",""value"":""350–375""},{""variable"":""Spread"",""column"":""spread_bucket"",""value"":""70–80""}]",4,43.3281,0.2857
451,red_warning=false AND spike_gap_bucket=0–10 AND spread_bucket=80+,spike_gap_bucket=0–10 AND spread_bucket=80+,3,13,6,46.1538,16,46.6371,46.4205,7.1348,-0.2166,True,Röd varning = Nej -> SpikeGap = 0–10 -> Spread = 80+,"[{""variable"":""Röd varning"",""column"":""red_warning"",""value"":false},{""variable"":""SpikeGap"",""column"":""spike_gap_bucket"",""value"":""0–10""},{""variable"":""Spread"",""column"":""spread_bucket"",""value"":""80+""}]",13,43.3184,0.5652
452,score_gap_bucket=15–20 AND spike_gap_bucket=40+ AND spike_score_bucket=325–350,spike_gap_bucket=40+ AND spike_score_bucket=325–350,3,2,2,100.0,24,59.7019,63.3654,24.0796,3.6635,False,ScoreGap = 15–20 -> SpikeGap = 40+ -> SpikeScore = 325–350,"[{""variable"":""ScoreGap"",""column"":""score_gap_bucket"",""value"":""15–20""},{""variable"":""SpikeGap"",""column"":""spike_gap_bucket"",""value"":""40+""},{""variable"":""SpikeScore"",""column"":""spike_score_bucket"",""value"":""325–350""}]",2,43.299,0.1667
453,race_type=3-hästarslopp AND score_gap_bucket=10–15 AND spread_bucket=80+,race_type=3-hästarslopp AND score_gap_bucket=10–15,3,3,2,66.6667,5,50.645,56.6531,17.3674,6.0081,False,Lopptyp = 3-hästarslopp -> ScoreGap = 10–15 -> Spread = 80+,"[{""variable"":""Lopptyp"",""column"":""race_type"",""value"":""3-hästarslopp""},{""variable"":""ScoreGap"",""column"":""score_gap_bucket"",""value"":""10–15""},{""variable"":""Spread"",""column"":""spread_bucket"",""value"":""80+""}]",3,43.2936,0.2308
454,race_type=3-hästarslopp AND score_gap_bucket=10–15 AND yellow_warning=true,race_type=3-hästarslopp AND score_gap_bucket=10–15,3,3,2,66.6667,5,50.645,56.6531,17.3674,6.0081,False,Lopptyp = 3-hästarslopp -> ScoreGap = 10–15 -> Gul varning = Ja,"[{""variable"":""Lopptyp"",""column"":""race_type"",""value"":""3-hästarslopp""},{""variable"":""ScoreGap"",""column"":""score_gap_bucket"",""value"":""10–15""},{""variable"":""Gul varning"",""column"":""yellow_warning"",""value"":true}]",3,43.2936,0.2308
455,score_gap_bucket=10–15 AND spike_score_bucket=325–350 AND spread_bucket=<60 AND yellow_warning=false,spike_score_bucket=325–350 AND spread_bucket=<60 AND yellow_warning=false,4,2,2,100.0,12,57.1757,63.2935,24.0077,6.1178,False,ScoreGap = 10–15 -> SpikeScore = 325–350 -> Spread = <60 -> Gul varning = Nej,"[{""variable"":""ScoreGap"",""column"":""score_gap_bucket"",""value"":""10–15""},{""variable"":""SpikeScore"",""column"":""spike_score_bucket"",""value"":""325–350""},{""variable"":""Spread"",""column"":""spread_bucket"",""value"":""<60""},{""variable"":""Gul varning"",""column"":""yellow_warning"",""value"":false}]",2,43.287,0.1667
456,spike_gap_bucket=0–10 AND spike_score_bucket=325–350 AND spread_bucket=<60 AND yellow_warning=false,spike_score_bucket=325–350 AND spread_bucket=<60 AND yellow_warning=false,4,2,2,100.0,12,57.1757,63.2935,24.0077,6.1178,False,SpikeGap = 0–10 -> SpikeScore = 325–350 -> Spread = <60 -> Gul varning = Nej,"[{""variable"":""SpikeGap"",""column"":""spike_gap_bucket"",""value"":""0–10""},{""variable"":""SpikeScore"",""column"":""spike_score_bucket"",""value"":""325–350""},{""variable"":""Spread"",""column"":""spread_bucket"",""value"":""<60""},{""variable"":""Gul varning"",""column"":""yellow_warning"",""value"":false}]",2,43.287,0.1667
457,race_type=3-hästarslopp AND spike_gap_bucket=10–20 AND yellow_warning=false,race_type=3-hästarslopp AND yellow_warning=false,3,5,2,40.0,33,54.0778,51.2622,11.9765,-2.8156,True,Lopptyp = 3-hästarslopp -> SpikeGap = 10–20 -> Gul varning = Nej,"[{""variable"":""Lopptyp"",""column"":""race_type"",""value"":""3-hästarslopp""},{""variable"":""SpikeGap"",""column"":""spike_gap_bucket"",""value"":""10–20""},{""variable"":""Gul varning"",""column"":""yellow_warning"",""value"":false}]",5,43.2779,0.3333
458,race_type=3-hästarslopp AND spike_gap_bucket=30–40 AND yellow_warning=false,race_type=3-hästarslopp AND yellow_warning=false,3,5,2,40.0,33,54.0778,51.2622,11.9765,-2.8156,True,Lopptyp = 3-hästarslopp -> SpikeGap = 30–40 -> Gul varning = Nej,"[{""variable"":""Lopptyp"",""column"":""race_type"",""value"":""3-hästarslopp""},{""variable"":""SpikeGap"",""column"":""spike_gap_bucket"",""value"":""30–40""},{""variable"":""Gul varning"",""column"":""yellow_warning"",""value"":false}]",5,43.2779,0.3333
459,race_type=Öppet lopp AND spread_bucket=70–80,spread_bucket=70–80,2,15,7,46.6667,37,45.3634,45.9219,6.6362,0.5585,True,Lopptyp = Öppet lopp -> Spread = 70–80,"[{""variable"":""Lopptyp"",""column"":""race_type"",""value"":""Öppet lopp""},{""variable"":""Spread"",""column"":""spread_bucket"",""value"":""70–80""}]",15,43.2674,0.6
460,red_warning=false AND spike_score_bucket=325–350 AND value_count_bucket=1,red_warning=false AND spike_score_bucket=325–350,3,12,5,41.6667,42,49.486,46.5538,7.268,-2.9322,True,Röd varning = Nej -> SpikeScore = 325–350 -> Antal value = 1,"[{""variable"":""Röd varning"",""column"":""red_warning"",""value"":false},{""variable"":""SpikeScore"",""column"":""spike_score_bucket"",""value"":""325–350""},{""variable"":""Antal value"",""column"":""value_count_bucket"",""value"":""1""}]",12,43.2501,0.5455
461,race_type=Öppet lopp AND score_gap_bucket=15–20 AND spike_gap_bucket=40+ AND spike_score_bucket=375–400,race_type=Öppet lopp AND score_gap_bucket=15–20 AND spike_gap_bucket=40+,4,3,2,66.6667,7,52.0447,56.4313,17.1456,4.3866,False,Lopptyp = Öppet lopp -> ScoreGap = 15–20 -> SpikeGap = 40+ -> SpikeScore = 375–400,"[{""variable"":""Lopptyp"",""column"":""race_type"",""value"":""Öppet lopp""},{""variable"":""ScoreGap"",""column"":""score_gap_bucket"",""value"":""15–20""},{""variable"":""SpikeGap"",""column"":""spike_gap_bucket"",""value"":""40+""},{""variable"":""SpikeScore"",""column"":""spike_score_bucket"",""value"":""375–400""}]",3,43.2424,0.2308
462,score_gap_bucket=20+ AND spike_gap_bucket=10–20 AND spike_score_bucket=325–350,score_gap_bucket=20+ AND spike_score_bucket=325–350,3,3,2,66.6667,20,54.874,56.4122,17.1265,1.5382,False,ScoreGap = 20+ -> SpikeGap = 10–20 -> SpikeScore = 325–350,"[{""variable"":""ScoreGap"",""column"":""score_gap_bucket"",""value"":""20+""},{""variable"":""SpikeGap"",""column"":""spike_gap_bucket"",""value"":""10–20""},{""variable"":""SpikeScore"",""column"":""spike_score_bucket"",""value"":""325–350""}]",3,43.238,0.2308
463,score_gap_bucket=20+ AND spike_score_bucket=350–375 AND spread_bucket=70–80 AND value_count_bucket=1,score_gap_bucket=20+ AND spread_bucket=70–80 AND value_count_bucket=1,4,4,2,50.0,9,54.487,53.1064,13.8207,-1.3806,False,ScoreGap = 20+ -> SpikeScore = 350–375 -> Spread = 70–80 -> Antal value = 1,"[{""variable"":""ScoreGap"",""column"":""score_gap_bucket"",""value"":""20+""},{""variable"":""SpikeScore"",""column"":""spike_score_bucket"",""value"":""350–375""},{""variable"":""Spread"",""column"":""spread_bucket"",""value"":""70–80""},{""variable"":""Antal value"",""column"":""value_count_bucket"",""value"":""1""}]",4,43.2345,0.2857
464,race_type=Öppet lopp AND score_gap_bucket=15–20 AND spike_score_bucket=375–400,race_type=Öppet lopp AND score_gap_bucket=15–20,3,5,3,60.0,15,48.0726,51.0545,11.7687,2.9819,True,Lopptyp = Öppet lopp -> ScoreGap = 15–20 -> SpikeScore = 375–400,"[{""variable"":""Lopptyp"",""column"":""race_type"",""value"":""Öppet lopp""},{""variable"":""ScoreGap"",""column"":""score_gap_bucket"",""value"":""15–20""},{""variable"":""SpikeScore"",""column"":""spike_score_bucket"",""value"":""375–400""}]",5,43.2086,0.3333
465,race_type=Öppet lopp AND spike_score_bucket=350–375 AND spread_bucket=80+,spike_score_bucket=350–375 AND spread_bucket=80+,3,6,3,50.0,28,49.6594,49.738,10.4523,0.0786,True,Lopptyp = Öppet lopp -> SpikeScore = 350–375 -> Spread = 80+,"[{""variable"":""Lopptyp"",""column"":""race_type"",""value"":""Öppet lopp""},{""variable"":""SpikeScore"",""column"":""spike_score_bucket"",""value"":""350–375""},{""variable"":""Spread"",""column"":""spread_bucket"",""value"":""80+""}]",6,43.2053,0.375
466,score_gap_bucket=5–10 AND spike_gap_bucket=40+ AND spike_score_bucket=325–350,spike_gap_bucket=40+ AND spike_score_bucket=325–350,3,3,1,33.3333,24,59.7019,56.2625,16.9768,-3.4394,False,ScoreGap = 5–10 -> SpikeGap = 40+ -> SpikeScore = 325–350,"[{""variable"":""ScoreGap"",""column"":""score_gap_bucket"",""value"":""5–10""},{""variable"":""SpikeGap"",""column"":""spike_gap_bucket"",""value"":""40+""},{""variable"":""SpikeScore"",""column"":""spike_score_bucket"",""value"":""325–350""}]",3,43.2034,0.2308
467,red_warning=true AND spike_gap_bucket=40+ AND spike_score_bucket=325–350,spike_gap_bucket=40+ AND spike_score_bucket=325–350,3,3,1,33.3333,24,59.7019,56.2625,16.9768,-3.4394,False,Röd varning = Ja -> SpikeGap = 40+ -> SpikeScore = 325–350,"[{""variable"":""Röd varning"",""column"":""red_warning"",""value"":true},{""variable"":""SpikeGap"",""column"":""spike_gap_bucket"",""value"":""40+""},{""variable"":""SpikeScore"",""column"":""spike_score_bucket"",""value"":""325–350""}]",3,43.2034,0.2308
468,score_gap_bucket=20+ AND spike_gap_bucket=40+ AND spike_score_bucket=375–400 AND spread_bucket=80+ AND yellow_warning=true,score_gap_bucket=20+ AND spike_gap_bucket=40+ AND spread_bucket=80+ AND yellow_warning=true,5,6,2,33.3333,17,55.5124,49.7266,10.4408,-5.7858,False,ScoreGap = 20+ -> SpikeGap = 40+ -> SpikeScore = 375–400 -> Spread = 80+ -> Gul varning = Ja,"[{""variable"":""ScoreGap"",""column"":""score_gap_bucket"",""value"":""20+""},{""variable"":""SpikeGap"",""column"":""spike_gap_bucket"",""value"":""40+""},{""variable"":""SpikeScore"",""column"":""spike_score_bucket"",""value"":""375–400""},{""variable"":""Spread"",""column"":""spread_bucket"",""value"":""80+""},{""variable"":""Gul varning"",""column"":""yellow_warning"",""value"":true}]",6,43.201,0.375
469,score_gap_bucket=15–20 AND spike_score_bucket=375–400 AND spread_bucket=70–80,score_gap_bucket=15–20 AND spread_bucket=70–80,3,2,2,100.0,6,50.2795,62.7096,23.4239,12.4301,False,ScoreGap = 15–20 -> SpikeScore = 375–400 -> Spread = 70–80,"[{""variable"":""ScoreGap"",""column"":""score_gap_bucket"",""value"":""15–20""},{""variable"":""SpikeScore"",""column"":""spike_score_bucket"",""value"":""375–400""},{""variable"":""Spread"",""column"":""spread_bucket"",""value"":""70–80""}]",2,43.1897,0.1667
470,race_type=3-hästarslopp AND red_warning=false AND spike_score_bucket=375–400 AND spread_bucket=70–80,race_type=3-hästarslopp AND red_warning=false AND spread_bucket=70–80,4,4,2,50.0,18,53.6031,52.948,13.6623,-0.6551,False,Lopptyp = 3-hästarslopp -> Röd varning = Nej -> SpikeScore = 375–400 -> Spread = 70–80,"[{""variable"":""Lopptyp"",""column"":""race_type"",""value"":""3-hästarslopp""},{""variable"":""Röd varning"",""column"":""red_warning"",""value"":false},{""variable"":""SpikeScore"",""column"":""spike_score_bucket"",""value"":""375–400""},{""variable"":""Spread"",""column"":""spread_bucket"",""value"":""70–80""}]",4,43.1892,0.2857
471,race_type=3-hästarslopp AND red_warning=false AND spread_bucket=70–80 AND value_count_bucket=1,race_type=3-hästarslopp AND red_warning=false AND spread_bucket=70–80,4,4,2,50.0,18,53.6031,52.948,13.6623,-0.6551,False,Lopptyp = 3-hästarslopp -> Röd varning = Nej -> Spread = 70–80 -> Antal value = 1,"[{""variable"":""Lopptyp"",""column"":""race_type"",""value"":""3-hästarslopp""},{""variable"":""Röd varning"",""column"":""red_warning"",""value"":false},{""variable"":""Spread"",""column"":""spread_bucket"",""value"":""70–80""},{""variable"":""Antal value"",""column"":""value_count_bucket"",""value"":""1""}]",4,43.1892,0.2857
472,score_gap_bucket=20+ AND spike_score_bucket=350–375 AND yellow_warning=true,score_gap_bucket=20+ AND spike_score_bucket=350–375,3,19,8,42.1053,38,48.1889,45.2251,5.9394,-2.9638,True,ScoreGap = 20+ -> SpikeScore = 350–375 -> Gul varning = Ja,"[{""variable"":""ScoreGap"",""column"":""score_gap_bucket"",""value"":""20+""},{""variable"":""SpikeScore"",""column"":""spike_score_bucket"",""value"":""350–375""},{""variable"":""Gul varning"",""column"":""yellow_warning"",""value"":true}]",19,43.177,0.6552
473,red_warning=false AND spike_score_bucket=375–400 AND spread_bucket=70–80 AND yellow_warning=true,red_warning=false AND spread_bucket=70–80 AND yellow_warning=true,4,3,2,66.6667,17,54.1523,56.0295,16.7437,1.8772,False,Röd varning = Nej -> SpikeScore = 375–400 -> Spread = 70–80 -> Gul varning = Ja,"[{""variable"":""Röd varning"",""column"":""red_warning"",""value"":false},{""variable"":""SpikeScore"",""column"":""spike_score_bucket"",""value"":""375–400""},{""variable"":""Spread"",""column"":""spread_bucket"",""value"":""70–80""},{""variable"":""Gul varning"",""column"":""yellow_warning"",""value"":true}]",3,43.1497,0.2308
474,race_type=3-hästarslopp AND spike_gap_bucket=0–10 AND value_count_bucket=1,race_type=3-hästarslopp AND spike_gap_bucket=0–10,3,4,2,50.0,9,54.0043,52.7722,13.4865,-1.2321,False,Lopptyp = 3-hästarslopp -> SpikeGap = 0–10 -> Antal value = 1,"[{""variable"":""Lopptyp"",""column"":""race_type"",""value"":""3-hästarslopp""},{""variable"":""SpikeGap"",""column"":""spike_gap_bucket"",""value"":""0–10""},{""variable"":""Antal value"",""column"":""value_count_bucket"",""value"":""1""}]",4,43.139,0.2857
475,score_gap_bucket=20+ AND spike_gap_bucket=40+ AND spike_score_bucket=325–350 AND spread_bucket=<60 AND yellow_warning=false,spike_gap_bucket=40+ AND spike_score_bucket=325–350 AND spread_bucket=<60 AND yellow_warning=false,5,1,1,100.0,5,77.984,81.6533,42.3676,3.6693,False,ScoreGap = 20+ -> SpikeGap = 40+ -> SpikeScore = 325–350 -> Spread = <60 -> Gul varning = Nej,"[{""variable"":""ScoreGap"",""column"":""score_gap_bucket"",""value"":""20+""},{""variable"":""SpikeGap"",""column"":""spike_gap_bucket"",""value"":""40+""},{""variable"":""SpikeScore"",""column"":""spike_score_bucket"",""value"":""325–350""},{""variable"":""Spread"",""column"":""spread_bucket"",""value"":""<60""},{""variable"":""Gul varning"",""column"":""yellow_warning"",""value"":false}]",1,43.1373,0.0909
476,score_gap_bucket=15–20 AND spike_gap_bucket=40+ AND spike_score_bucket=375–400,score_gap_bucket=15–20 AND spike_gap_bucket=40+,3,6,3,50.0,13,49.2995,49.5207,10.235,0.2212,True,ScoreGap = 15–20 -> SpikeGap = 40+ -> SpikeScore = 375–400,"[{""variable"":""ScoreGap"",""column"":""score_gap_bucket"",""value"":""15–20""},{""variable"":""SpikeGap"",""column"":""spike_gap_bucket"",""value"":""40+""},{""variable"":""SpikeScore"",""column"":""spike_score_bucket"",""value"":""375–400""}]",6,43.1238,0.375
477,score_gap_bucket=15–20 AND spike_gap_bucket=40+ AND spread_bucket=<60,score_gap_bucket=15–20 AND spike_gap_bucket=40+,3,6,3,50.0,13,49.2995,49.5207,10.235,0.2212,True,ScoreGap = 15–20 -> SpikeGap = 40+ -> Spread = <60,"[{""variable"":""ScoreGap"",""column"":""score_gap_bucket"",""value"":""15–20""},{""variable"":""SpikeGap"",""column"":""spike_gap_bucket"",""value"":""40+""},{""variable"":""Spread"",""column"":""spread_bucket"",""value"":""<60""}]",6,43.1238,0.375
478,race_type=Öppet lopp AND spike_gap_bucket=0–10 AND spike_score_bucket=325–350 AND yellow_warning=false,race_type=Öppet lopp AND spike_score_bucket=325–350 AND yellow_warning=false,4,4,2,50.0,20,53.2406,52.7005,13.4148,-0.5401,False,Lopptyp = Öppet lopp -> SpikeGap = 0–10 -> SpikeScore = 325–350 -> Gul varning = Nej,"[{""variable"":""Lopptyp"",""column"":""race_type"",""value"":""Öppet lopp""},{""variable"":""SpikeGap"",""column"":""spike_gap_bucket"",""value"":""0–10""},{""variable"":""SpikeScore"",""column"":""spike_score_bucket"",""value"":""325–350""},{""variable"":""Gul varning"",""column"":""yellow_warning"",""value"":false}]",4,43.1185,0.2857
479,race_type=Öppet lopp AND spike_score_bucket=325–350 AND spread_bucket=80+ AND yellow_warning=false,race_type=Öppet lopp AND spike_score_bucket=325–350 AND yellow_warning=false,4,4,2,50.0,20,53.2406,52.7005,13.4148,-0.5401,False,Lopptyp = Öppet lopp -> SpikeScore = 325–350 -> Spread = 80+ -> Gul varning = Nej,"[{""variable"":""Lopptyp"",""column"":""race_type"",""value"":""Öppet lopp""},{""variable"":""SpikeScore"",""column"":""spike_score_bucket"",""value"":""325–350""},{""variable"":""Spread"",""column"":""spread_bucket"",""value"":""80+""},{""variable"":""Gul varning"",""column"":""yellow_warning"",""value"":false}]",4,43.1185,0.2857
480,race_type=3-hästarslopp AND spike_gap_bucket=40+ AND spike_score_bucket=375–400 AND spread_bucket=80+ AND yellow_warning=true,race_type=3-hästarslopp AND spike_gap_bucket=40+ AND spread_bucket=80+ AND yellow_warning=true,5,6,2,33.3333,15,55.9639,49.498,10.2123,-6.4659,False,Lopptyp = 3-hästarslopp -> SpikeGap = 40+ -> SpikeScore = 375–400 -> Spread = 80+ -> Gul varning = Ja,"[{""variable"":""Lopptyp"",""column"":""race_type"",""value"":""3-hästarslopp""},{""variable"":""SpikeGap"",""column"":""spike_gap_bucket"",""value"":""40+""},{""variable"":""SpikeScore"",""column"":""spike_score_bucket"",""value"":""375–400""},{""variable"":""Spread"",""column"":""spread_bucket"",""value"":""80+""},{""variable"":""Gul varning"",""column"":""yellow_warning"",""value"":true}]",6,43.1153,0.375
481,race_type=3-hästarslopp AND score_gap_bucket=20+ AND spike_score_bucket=375–400 AND value_count_bucket=3+,race_type=3-hästarslopp AND score_gap_bucket=20+ AND value_count_bucket=3+,4,2,1,50.0,5,67.1215,62.2296,22.9439,-4.8919,False,Lopptyp = 3-hästarslopp -> ScoreGap = 20+ -> SpikeScore = 375–400 -> Antal value = 3+,"[{""variable"":""Lopptyp"",""column"":""race_type"",""value"":""3-hästarslopp""},{""variable"":""ScoreGap"",""column"":""score_gap_bucket"",""value"":""20+""},{""variable"":""SpikeScore"",""column"":""spike_score_bucket"",""value"":""375–400""},{""variable"":""Antal value"",""column"":""value_count_bucket"",""value"":""3+""}]",2,43.1097,0.1667
482,red_warning=false AND spike_gap_bucket=40+ AND spike_score_bucket=375–400 AND value_count_bucket=2,red_warning=false AND spike_gap_bucket=40+ AND value_count_bucket=2,4,3,2,66.6667,10,52.607,55.8515,16.5658,3.2445,False,Röd varning = Nej -> SpikeGap = 40+ -> SpikeScore = 375–400 -> Antal value = 2,"[{""variable"":""Röd varning"",""column"":""red_warning"",""value"":false},{""variable"":""SpikeGap"",""column"":""spike_gap_bucket"",""value"":""40+""},{""variable"":""SpikeScore"",""column"":""spike_score_bucket"",""value"":""375–400""},{""variable"":""Antal value"",""column"":""value_count_bucket"",""value"":""2""}]",3,43.1086,0.2308
483,race_type=3-hästarslopp AND spike_score_bucket=350–375 AND spread_bucket=70–80,race_type=3-hästarslopp AND spread_bucket=70–80,3,10,4,40.0,21,50.3933,46.9289,7.6432,-3.4644,True,Lopptyp = 3-hästarslopp -> SpikeScore = 350–375 -> Spread = 70–80,"[{""variable"":""Lopptyp"",""column"":""race_type"",""value"":""3-hästarslopp""},{""variable"":""SpikeScore"",""column"":""spike_score_bucket"",""value"":""350–375""},{""variable"":""Spread"",""column"":""spread_bucket"",""value"":""70–80""}]",10,43.1073,0.5
484,score_gap_bucket=20+ AND spike_score_bucket=350–375 AND spread_bucket=<60,score_gap_bucket=20+ AND spike_score_bucket=350–375,3,4,3,75.0,38,48.1889,52.6574,13.3717,4.4685,False,ScoreGap = 20+ -> SpikeScore = 350–375 -> Spread = <60,"[{""variable"":""ScoreGap"",""column"":""score_gap_bucket"",""value"":""20+""},{""variable"":""SpikeScore"",""column"":""spike_score_bucket"",""value"":""350–375""},{""variable"":""Spread"",""column"":""spread_bucket"",""value"":""<60""}]",4,43.1062,0.2857
485,red_warning=false AND spike_gap_bucket=40+ AND spike_score_bucket=350–375 AND spread_bucket=70–80 AND yellow_warning=true,red_warning=false AND spike_gap_bucket=40+ AND spread_bucket=70–80 AND yellow_warning=true,5,2,1,50.0,6,66.236,62.177,22.8913,-4.059,False,Röd varning = Nej -> SpikeGap = 40+ -> SpikeScore = 350–375 -> Spread = 70–80 -> Gul varning = Ja,"[{""variable"":""Röd varning"",""column"":""red_warning"",""value"":false},{""variable"":""SpikeGap"",""column"":""spike_gap_bucket"",""value"":""40+""},{""variable"":""SpikeScore"",""column"":""spike_score_bucket"",""value"":""350–375""},{""variable"":""Spread"",""column"":""spread_bucket"",""value"":""70–80""},{""variable"":""Gul varning"",""column"":""yellow_warning"",""value"":true}]",2,43.1009,0.1667
486,spike_gap_bucket=40+ AND spike_score_bucket=375–400 AND spread_bucket=80+,spike_gap_bucket=40+ AND spread_bucket=80+,3,14,5,35.7143,41,52.8997,45.8234,6.5376,-7.0763,True,SpikeGap = 40+ -> SpikeScore = 375–400 -> Spread = 80+,"[{""variable"":""SpikeGap"",""column"":""spike_gap_bucket"",""value"":""40+""},{""variable"":""SpikeScore"",""column"":""spike_score_bucket"",""value"":""375–400""},{""variable"":""Spread"",""column"":""spread_bucket"",""value"":""80+""}]",14,43.0994,0.5833
487,spike_score_bucket=325–350 AND spread_bucket=70–80,spread_bucket=70–80,2,10,5,50.0,37,45.3634,46.9089,7.6232,1.5455,True,SpikeScore = 325–350 -> Spread = 70–80,"[{""variable"":""SpikeScore"",""column"":""spike_score_bucket"",""value"":""325–350""},{""variable"":""Spread"",""column"":""spread_bucket"",""value"":""70–80""}]",10,43.0973,0.5
488,race_type=3-hästarslopp AND spike_score_bucket=350–375 AND spread_bucket=70–80 AND yellow_warning=false,race_type=3-hästarslopp AND spread_bucket=70–80 AND yellow_warning=false,4,5,2,40.0,10,56.0519,50.7013,11.4156,-5.3506,True,Lopptyp = 3-hästarslopp -> SpikeScore = 350–375 -> Spread = 70–80 -> Gul varning = Nej,"[{""variable"":""Lopptyp"",""column"":""race_type"",""value"":""3-hästarslopp""},{""variable"":""SpikeScore"",""column"":""spike_score_bucket"",""value"":""350–375""},{""variable"":""Spread"",""column"":""spread_bucket"",""value"":""70–80""},{""variable"":""Gul varning"",""column"":""yellow_warning"",""value"":false}]",5,43.0909,0.3333
489,race_type=Öppet lopp AND spike_gap_bucket=40+ AND spike_score_bucket=350–375 AND spread_bucket=80+,spike_gap_bucket=40+ AND spike_score_bucket=350–375 AND spread_bucket=80+,4,4,2,50.0,11,53.4837,52.5547,13.269,-0.929,False,Lopptyp = Öppet lopp -> SpikeGap = 40+ -> SpikeScore = 350–375 -> Spread = 80+,"[{""variable"":""Lopptyp"",""column"":""race_type"",""value"":""Öppet lopp""},{""variable"":""SpikeGap"",""column"":""spike_gap_bucket"",""value"":""40+""},{""variable"":""SpikeScore"",""column"":""spike_score_bucket"",""value"":""350–375""},{""variable"":""Spread"",""column"":""spread_bucket"",""value"":""80+""}]",4,43.0769,0.2857
490,race_type=3-hästarslopp AND score_gap_bucket=10–15,race_type=3-hästarslopp,2,5,3,60.0,77,48.3063,50.645,11.3593,2.3387,True,Lopptyp = 3-hästarslopp -> ScoreGap = 10–15,"[{""variable"":""Lopptyp"",""column"":""race_type"",""value"":""3-hästarslopp""},{""variable"":""ScoreGap"",""column"":""score_gap_bucket"",""value"":""10–15""}]",5,43.0721,0.3333
491,race_type=Öppet lopp AND spike_gap_bucket=40+ AND spike_score_bucket=325–350 AND yellow_warning=true,race_type=Öppet lopp AND spike_gap_bucket=40+ AND spike_score_bucket=325–350,4,5,1,20.0,14,61.5894,50.6448,11.3591,-10.9446,True,Lopptyp = Öppet lopp -> SpikeGap = 40+ -> SpikeScore = 325–350 -> Gul varning = Ja,"[{""variable"":""Lopptyp"",""column"":""race_type"",""value"":""Öppet lopp""},{""variable"":""SpikeGap"",""column"":""spike_gap_bucket"",""value"":""40+""},{""variable"":""SpikeScore"",""column"":""spike_score_bucket"",""value"":""325–350""},{""variable"":""Gul varning"",""column"":""yellow_warning"",""value"":true}]",5,43.0721,0.3333
492,race_type=3-hästarslopp AND spread_bucket=70–80 AND value_count_bucket=1,race_type=3-hästarslopp AND spread_bucket=70–80,3,7,3,42.8571,21,50.3933,48.4395,9.1538,-1.9538,True,Lopptyp = 3-hästarslopp -> Spread = 70–80 -> Antal value = 1,"[{""variable"":""Lopptyp"",""column"":""race_type"",""value"":""3-hästarslopp""},{""variable"":""Spread"",""column"":""spread_bucket"",""value"":""70–80""},{""variable"":""Antal value"",""column"":""value_count_bucket"",""value"":""1""}]",7,43.0549,0.4118
493,score_gap_bucket=20+ AND spike_gap_bucket=0–10 AND spread_bucket=80+,spike_gap_bucket=0–10 AND spread_bucket=80+,3,8,4,50.0,16,46.6371,47.7581,8.4724,1.121,True,ScoreGap = 20+ -> SpikeGap = 0–10 -> Spread = 80+,"[{""variable"":""ScoreGap"",""column"":""score_gap_bucket"",""value"":""20+""},{""variable"":""SpikeGap"",""column"":""spike_gap_bucket"",""value"":""0–10""},{""variable"":""Spread"",""column"":""spread_bucket"",""value"":""80+""}]",8,43.0512,0.4444
494,spike_gap_bucket=30–40 AND spike_score_bucket=350–375 AND yellow_warning=true,spike_gap_bucket=30–40 AND spike_score_bucket=350–375,3,5,3,60.0,7,43.839,50.5728,11.287,6.7338,True,SpikeGap = 30–40 -> SpikeScore = 350–375 -> Gul varning = Ja,"[{""variable"":""SpikeGap"",""column"":""spike_gap_bucket"",""value"":""30–40""},{""variable"":""SpikeScore"",""column"":""spike_score_bucket"",""value"":""350–375""},{""variable"":""Gul varning"",""column"":""yellow_warning"",""value"":true}]",5,43.0481,0.3333
495,score_gap_bucket=20+ AND spike_gap_bucket=10–20 AND spike_score_bucket=350–375,score_gap_bucket=20+ AND spike_score_bucket=350–375,3,5,3,60.0,38,48.1889,50.5511,11.2654,2.3622,True,ScoreGap = 20+ -> SpikeGap = 10–20 -> SpikeScore = 350–375,"[{""variable"":""ScoreGap"",""column"":""score_gap_bucket"",""value"":""20+""},{""variable"":""SpikeGap"",""column"":""spike_gap_bucket"",""value"":""10–20""},{""variable"":""SpikeScore"",""column"":""spike_score_bucket"",""value"":""350–375""}]",5,43.0408,0.3333
496,race_type=3-hästarslopp AND red_warning=false AND spike_score_bucket=375–400,race_type=3-hästarslopp AND red_warning=false,3,21,8,38.0952,70,51.8458,44.8028,5.5171,-7.043,True,Lopptyp = 3-hästarslopp -> Röd varning = Nej -> SpikeScore = 375–400,"[{""variable"":""Lopptyp"",""column"":""race_type"",""value"":""3-hästarslopp""},{""variable"":""Röd varning"",""column"":""red_warning"",""value"":false},{""variable"":""SpikeScore"",""column"":""spike_score_bucket"",""value"":""375–400""}]",21,43.0231,0.6774
497,score_gap_bucket=0–5 AND spike_gap_bucket=0–10 AND spike_score_bucket=325–350 AND spread_bucket=<60,spike_gap_bucket=0–10 AND spike_score_bucket=325–350 AND spread_bucket=<60,4,3,2,66.6667,5,48.7493,55.4683,16.1826,6.719,False,ScoreGap = 0–5 -> SpikeGap = 0–10 -> SpikeScore = 325–350 -> Spread = <60,"[{""variable"":""ScoreGap"",""column"":""score_gap_bucket"",""value"":""0–5""},{""variable"":""SpikeGap"",""column"":""spike_gap_bucket"",""value"":""0–10""},{""variable"":""SpikeScore"",""column"":""spike_score_bucket"",""value"":""325–350""},{""variable"":""Spread"",""column"":""spread_bucket"",""value"":""<60""}]",3,43.0202,0.2308
498,score_gap_bucket=20+ AND spike_gap_bucket=10–20 AND spread_bucket=70–80,score_gap_bucket=20+ AND spread_bucket=70–80,3,6,3,50.0,23,49.0062,49.2355,9.9498,0.2293,True,ScoreGap = 20+ -> SpikeGap = 10–20 -> Spread = 70–80,"[{""variable"":""ScoreGap"",""column"":""score_gap_bucket"",""value"":""20+""},{""variable"":""SpikeGap"",""column"":""spike_gap_bucket"",""value"":""10–20""},{""variable"":""Spread"",""column"":""spread_bucket"",""value"":""70–80""}]",6,43.0169,0.375
499,race_type=Öppet lopp AND spike_score_bucket=400+ AND value_count_bucket=1,spike_score_bucket=400+ AND value_count_bucket=1,3,2,2,100.0,6,48.8498,61.6373,22.3516,12.7875,False,Lopptyp = Öppet lopp -> SpikeScore = 400+ -> Antal value = 1,"[{""variable"":""Lopptyp"",""column"":""race_type"",""value"":""Öppet lopp""},{""variable"":""SpikeScore"",""column"":""spike_score_bucket"",""value"":""400+""},{""variable"":""Antal value"",""column"":""value_count_bucket"",""value"":""1""}]",2,43.011,0.1667
500,red_warning=false AND spike_gap_bucket=20–30 AND spike_score_bucket=350–375 AND spread_bucket=80+,red_warning=false AND spike_score_bucket=350–375 AND spread_bucket=80+,4,5,2,40.0,27,53.0466,50.4373,11.1516,-2.6093,True,Röd varning = Nej -> SpikeGap = 20–30 -> SpikeScore = 350–375 -> Spread = 80+,"[{""variable"":""Röd varning"",""column"":""red_warning"",""value"":false},{""variable"":""SpikeGap"",""column"":""spike_gap_bucket"",""value"":""20–30""},{""variable"":""SpikeScore"",""column"":""spike_score_bucket"",""value"":""350–375""},{""variable"":""Spread"",""column"":""spread_bucket"",""value"":""80+""}]",5,43.0029,0.3333
501,spike_gap_bucket=0–10 AND value_count_bucket=3+,value_count_bucket=3+,2,3,3,100.0,13,45.0216,55.33,16.0443,10.3085,False,SpikeGap = 0–10 -> Antal value = 3+,"[{""variable"":""SpikeGap"",""column"":""spike_gap_bucket"",""value"":""0–10""},{""variable"":""Antal value"",""column"":""value_count_bucket"",""value"":""3+""}]",3,42.9882,0.2308
502,spread_bucket=80+ AND value_count_bucket=3+,value_count_bucket=3+,2,3,3,100.0,13,45.0216,55.33,16.0443,10.3085,False,Spread = 80+ -> Antal value = 3+,"[{""variable"":""Spread"",""column"":""spread_bucket"",""value"":""80+""},{""variable"":""Antal value"",""column"":""value_count_bucket"",""value"":""3+""}]",3,42.9882,0.2308
503,race_type=3-hästarslopp AND score_gap_bucket=20+ AND spike_gap_bucket=10–20 AND spread_bucket=80+,race_type=3-hästarslopp AND score_gap_bucket=20+ AND spread_bucket=80+,4,5,2,40.0,45,52.9803,50.3842,11.0985,-2.5961,True,Lopptyp = 3-hästarslopp -> ScoreGap = 20+ -> SpikeGap = 10–20 -> Spread = 80+,"[{""variable"":""Lopptyp"",""column"":""race_type"",""value"":""3-hästarslopp""},{""variable"":""ScoreGap"",""column"":""score_gap_bucket"",""value"":""20+""},{""variable"":""SpikeGap"",""column"":""spike_gap_bucket"",""value"":""10–20""},{""variable"":""Spread"",""column"":""spread_bucket"",""value"":""80+""}]",5,42.9852,0.3333
504,spike_score_bucket=350–375 AND spread_bucket=70–80 AND value_count_bucket=1,spread_bucket=70–80 AND value_count_bucket=1,3,6,3,50.0,15,48.7791,49.1279,9.8422,0.3488,True,SpikeScore = 350–375 -> Spread = 70–80 -> Antal value = 1,"[{""variable"":""SpikeScore"",""column"":""spike_score_bucket"",""value"":""350–375""},{""variable"":""Spread"",""column"":""spread_bucket"",""value"":""70–80""},{""variable"":""Antal value"",""column"":""value_count_bucket"",""value"":""1""}]",6,42.9765,0.375
505,race_type=3-hästarslopp AND spike_gap_bucket=40+ AND spike_score_bucket=375–400 AND spread_bucket=80+ AND yellow_warning=false,race_type=3-hästarslopp AND spike_gap_bucket=40+ AND spread_bucket=80+ AND yellow_warning=false,5,2,1,50.0,10,63.4852,61.2377,21.952,-2.2475,False,Lopptyp = 3-hästarslopp -> SpikeGap = 40+ -> SpikeScore = 375–400 -> Spread = 80+ -> Gul varning = Nej,"[{""variable"":""Lopptyp"",""column"":""race_type"",""value"":""3-hästarslopp""},{""variable"":""SpikeGap"",""column"":""spike_gap_bucket"",""value"":""40+""},{""variable"":""SpikeScore"",""column"":""spike_score_bucket"",""value"":""375–400""},{""variable"":""Spread"",""column"":""spread_bucket"",""value"":""80+""},{""variable"":""Gul varning"",""column"":""yellow_warning"",""value"":false}]",2,42.9444,0.1667
506,score_gap_bucket=10–15 AND spike_gap_bucket=40+ AND yellow_warning=false,spike_gap_bucket=40+ AND yellow_warning=false,3,4,2,50.0,53,52.4231,52.0192,12.7335,-0.4038,False,ScoreGap = 10–15 -> SpikeGap = 40+ -> Gul varning = Nej,"[{""variable"":""ScoreGap"",""column"":""score_gap_bucket"",""value"":""10–15""},{""variable"":""SpikeGap"",""column"":""spike_gap_bucket"",""value"":""40+""},{""variable"":""Gul varning"",""column"":""yellow_warning"",""value"":false}]",4,42.9239,0.2857
507,spike_gap_bucket=40+ AND spike_score_bucket=400+ AND yellow_warning=false,spike_gap_bucket=40+ AND yellow_warning=false,3,4,2,50.0,53,52.4231,52.0192,12.7335,-0.4038,False,SpikeGap = 40+ -> SpikeScore = 400+ -> Gul varning = Nej,"[{""variable"":""SpikeGap"",""column"":""spike_gap_bucket"",""value"":""40+""},{""variable"":""SpikeScore"",""column"":""spike_score_bucket"",""value"":""400+""},{""variable"":""Gul varning"",""column"":""yellow_warning"",""value"":false}]",4,42.9239,0.2857
508,score_gap_bucket=20+ AND spike_gap_bucket=20–30 AND spike_score_bucket=375–400 AND yellow_warning=false,score_gap_bucket=20+ AND spike_gap_bucket=20–30 AND spike_score_bucket=375–400,4,3,2,66.6667,5,48.0414,55.0259,15.7402,6.9845,False,ScoreGap = 20+ -> SpikeGap = 20–30 -> SpikeScore = 375–400 -> Gul varning = Nej,"[{""variable"":""ScoreGap"",""column"":""score_gap_bucket"",""value"":""20+""},{""variable"":""SpikeGap"",""column"":""spike_gap_bucket"",""value"":""20–30""},{""variable"":""SpikeScore"",""column"":""spike_score_bucket"",""value"":""375–400""},{""variable"":""Gul varning"",""column"":""yellow_warning"",""value"":false}]",3,42.9181,0.2308
509,race_type=Öppet lopp AND spike_gap_bucket=0–10 AND spread_bucket=80+ AND value_count_bucket=1,spike_gap_bucket=0–10 AND spread_bucket=80+ AND value_count_bucket=1,4,2,2,100.0,7,49.8345,60.9824,21.6967,11.1479,False,Lopptyp = Öppet lopp -> SpikeGap = 0–10 -> Spread = 80+ -> Antal value = 1,"[{""variable"":""Lopptyp"",""column"":""race_type"",""value"":""Öppet lopp""},{""variable"":""SpikeGap"",""column"":""spike_gap_bucket"",""value"":""0–10""},{""variable"":""Spread"",""column"":""spread_bucket"",""value"":""80+""},{""variable"":""Antal value"",""column"":""value_count_bucket"",""value"":""1""}]",2,42.9018,0.1667
510,spike_gap_bucket=0–10 AND spike_score_bucket=375–400 AND spread_bucket=80+ AND value_count_bucket=1,spike_gap_bucket=0–10 AND spread_bucket=80+ AND value_count_bucket=1,4,2,2,100.0,7,49.8345,60.9824,21.6967,11.1479,False,SpikeGap = 0–10 -> SpikeScore = 375–400 -> Spread = 80+ -> Antal value = 1,"[{""variable"":""SpikeGap"",""column"":""spike_gap_bucket"",""value"":""0–10""},{""variable"":""SpikeScore"",""column"":""spike_score_bucket"",""value"":""375–400""},{""variable"":""Spread"",""column"":""spread_bucket"",""value"":""80+""},{""variable"":""Antal value"",""column"":""value_count_bucket"",""value"":""1""}]",2,42.9018,0.1667
511,spike_score_bucket=400+ AND value_count_bucket=1,spike_score_bucket=400+,2,6,4,66.6667,19,43.2234,48.8498,9.5641,5.6264,True,SpikeScore = 400+ -> Antal value = 1,"[{""variable"":""SpikeScore"",""column"":""spike_score_bucket"",""value"":""400+""},{""variable"":""Antal value"",""column"":""value_count_bucket"",""value"":""1""}]",6,42.8722,0.375
512,race_type=Öppet lopp AND score_gap_bucket=20+ AND spike_score_bucket=350–375 AND yellow_warning=true,race_type=Öppet lopp AND score_gap_bucket=20+ AND spike_score_bucket=350–375,4,7,3,42.8571,15,50.3937,47.9957,8.71,-2.398,True,Lopptyp = Öppet lopp -> ScoreGap = 20+ -> SpikeScore = 350–375 -> Gul varning = Ja,"[{""variable"":""Lopptyp"",""column"":""race_type"",""value"":""Öppet lopp""},{""variable"":""ScoreGap"",""column"":""score_gap_bucket"",""value"":""20+""},{""variable"":""SpikeScore"",""column"":""spike_score_bucket"",""value"":""350–375""},{""variable"":""Gul varning"",""column"":""yellow_warning"",""value"":true}]",7,42.8722,0.4118
513,race_type=3-hästarslopp AND red_warning=false AND spike_score_bucket=350–375 AND spread_bucket=70–80,race_type=3-hästarslopp AND red_warning=false AND spread_bucket=70–80,4,9,3,33.3333,18,53.6031,46.8465,7.5608,-6.7566,True,Lopptyp = 3-hästarslopp -> Röd varning = Nej -> SpikeScore = 350–375 -> Spread = 70–80,"[{""variable"":""Lopptyp"",""column"":""race_type"",""value"":""3-hästarslopp""},{""variable"":""Röd varning"",""column"":""red_warning"",""value"":false},{""variable"":""SpikeScore"",""column"":""spike_score_bucket"",""value"":""350–375""},{""variable"":""Spread"",""column"":""spread_bucket"",""value"":""70–80""}]",9,42.8671,0.4737
514,score_gap_bucket=20+ AND spike_score_bucket=400+ AND value_count_bucket=1,spike_score_bucket=400+ AND value_count_bucket=1,3,3,2,66.6667,6,48.8498,54.7888,15.503,5.939,False,ScoreGap = 20+ -> SpikeScore = 400+ -> Antal value = 1,"[{""variable"":""ScoreGap"",""column"":""score_gap_bucket"",""value"":""20+""},{""variable"":""SpikeScore"",""column"":""spike_score_bucket"",""value"":""400+""},{""variable"":""Antal value"",""column"":""value_count_bucket"",""value"":""1""}]",3,42.8633,0.2308
515,race_type=3-hästarslopp AND score_gap_bucket=5–10 AND spike_score_bucket=375–400 AND spread_bucket=80+,race_type=3-hästarslopp AND score_gap_bucket=5–10 AND spread_bucket=80+,4,3,2,66.6667,5,47.6434,54.7771,15.4914,7.1337,False,Lopptyp = 3-hästarslopp -> ScoreGap = 5–10 -> SpikeScore = 375–400 -> Spread = 80+,"[{""variable"":""Lopptyp"",""column"":""race_type"",""value"":""3-hästarslopp""},{""variable"":""ScoreGap"",""column"":""score_gap_bucket"",""value"":""5–10""},{""variable"":""SpikeScore"",""column"":""spike_score_bucket"",""value"":""375–400""},{""variable"":""Spread"",""column"":""spread_bucket"",""value"":""80+""}]",3,42.8606,0.2308
516,red_warning=false AND spike_score_bucket=350–375 AND yellow_warning=true,red_warning=false AND spike_score_bucket=350–375,3,29,12,41.3793,63,47.9958,44.0799,4.7942,-3.9159,True,Röd varning = Nej -> SpikeScore = 350–375 -> Gul varning = Ja,"[{""variable"":""Röd varning"",""column"":""red_warning"",""value"":false},{""variable"":""SpikeScore"",""column"":""spike_score_bucket"",""value"":""350–375""},{""variable"":""Gul varning"",""column"":""yellow_warning"",""value"":true}]",29,42.8506,0.7436
517,spike_gap_bucket=40+ AND spike_score_bucket=325–350 AND spread_bucket=<60 AND value_count_bucket=1,spike_gap_bucket=40+ AND spike_score_bucket=325–350 AND spread_bucket=<60,4,3,1,33.3333,9,61.8634,54.7309,15.4452,-7.1325,False,SpikeGap = 40+ -> SpikeScore = 325–350 -> Spread = <60 -> Antal value = 1,"[{""variable"":""SpikeGap"",""column"":""spike_gap_bucket"",""value"":""40+""},{""variable"":""SpikeScore"",""column"":""spike_score_bucket"",""value"":""325–350""},{""variable"":""Spread"",""column"":""spread_bucket"",""value"":""<60""},{""variable"":""Antal value"",""column"":""value_count_bucket"",""value"":""1""}]",3,42.85,0.2308
518,race_type=3-hästarslopp AND spike_gap_bucket=20–30 AND spread_bucket=80+,race_type=3-hästarslopp AND spread_bucket=80+,3,10,4,40.0,56,49.5543,46.3695,7.0838,-3.1848,True,Lopptyp = 3-hästarslopp -> SpikeGap = 20–30 -> Spread = 80+,"[{""variable"":""Lopptyp"",""column"":""race_type"",""value"":""3-hästarslopp""},{""variable"":""SpikeGap"",""column"":""spike_gap_bucket"",""value"":""20–30""},{""variable"":""Spread"",""column"":""spread_bucket"",""value"":""80+""}]",10,42.8276,0.5
519,race_type=3-hästarslopp AND red_warning=false AND spike_gap_bucket=40+ AND spike_score_bucket=350–375 AND spread_bucket=70–80,race_type=3-hästarslopp AND red_warning=false AND spike_gap_bucket=40+ AND spread_bucket=70–80,5,4,1,25.0,11,61.3743,51.6745,12.3888,-9.6998,False,Lopptyp = 3-hästarslopp -> Röd varning = Nej -> SpikeGap = 40+ -> SpikeScore = 350–375 -> Spread = 70–80,"[{""variable"":""Lopptyp"",""column"":""race_type"",""value"":""3-hästarslopp""},{""variable"":""Röd varning"",""column"":""red_warning"",""value"":false},{""variable"":""SpikeGap"",""column"":""spike_gap_bucket"",""value"":""40+""},{""variable"":""SpikeScore"",""column"":""spike_score_bucket"",""value"":""350–375""},{""variable"":""Spread"",""column"":""spread_bucket"",""value"":""70–80""}]",4,42.8254,0.2857
520,race_type=Öppet lopp AND red_warning=false AND spike_score_bucket=350–375 AND yellow_warning=true,race_type=Öppet lopp AND red_warning=false AND spike_score_bucket=350–375,4,12,5,41.6667,31,48.2336,45.771,6.4853,-2.4626,True,Lopptyp = Öppet lopp -> Röd varning = Nej -> SpikeScore = 350–375 -> Gul varning = Ja,"[{""variable"":""Lopptyp"",""column"":""race_type"",""value"":""Öppet lopp""},{""variable"":""Röd varning"",""column"":""red_warning"",""value"":false},{""variable"":""SpikeScore"",""column"":""spike_score_bucket"",""value"":""350–375""},{""variable"":""Gul varning"",""column"":""yellow_warning"",""value"":true}]",12,42.8231,0.5455
521,score_gap_bucket=15–20 AND spike_score_bucket=375–400 AND yellow_warning=true,score_gap_bucket=15–20 AND spike_score_bucket=375–400,3,5,3,60.0,9,44.2255,49.8592,10.5735,5.6337,True,ScoreGap = 15–20 -> SpikeScore = 375–400 -> Gul varning = Ja,"[{""variable"":""ScoreGap"",""column"":""score_gap_bucket"",""value"":""15–20""},{""variable"":""SpikeScore"",""column"":""spike_score_bucket"",""value"":""375–400""},{""variable"":""Gul varning"",""column"":""yellow_warning"",""value"":true}]",5,42.8102,0.3333
522,spike_score_bucket=325–350,,1,58,26,44.8276,252,39.2857,43.4066,4.1209,4.1209,True,SpikeScore = 325–350,"[{""variable"":""SpikeScore"",""column"":""spike_score_bucket"",""value"":""325–350""}]",58,42.8006,0.8529
523,race_type=3-hästarslopp AND score_gap_bucket=20+ AND spread_bucket=80+ AND value_count_bucket=1,race_type=3-hästarslopp AND score_gap_bucket=20+ AND spread_bucket=80+,4,17,6,35.2941,45,52.9803,44.8542,5.5685,-8.1261,True,Lopptyp = 3-hästarslopp -> ScoreGap = 20+ -> Spread = 80+ -> Antal value = 1,"[{""variable"":""Lopptyp"",""column"":""race_type"",""value"":""3-hästarslopp""},{""variable"":""ScoreGap"",""column"":""score_gap_bucket"",""value"":""20+""},{""variable"":""Spread"",""column"":""spread_bucket"",""value"":""80+""},{""variable"":""Antal value"",""column"":""value_count_bucket"",""value"":""1""}]",17,42.7918,0.6296
524,race_type=Öppet lopp AND red_warning=false AND value_count_bucket=2,red_warning=false AND value_count_bucket=2,3,10,5,50.0,19,44.3354,46.2887,7.003,1.9533,True,Lopptyp = Öppet lopp -> Röd varning = Nej -> Antal value = 2,"[{""variable"":""Lopptyp"",""column"":""race_type"",""value"":""Öppet lopp""},{""variable"":""Röd varning"",""column"":""red_warning"",""value"":false},{""variable"":""Antal value"",""column"":""value_count_bucket"",""value"":""2""}]",10,42.7872,0.5
525,score_gap_bucket=20+ AND spike_gap_bucket=20–30 AND spike_score_bucket=350–375,score_gap_bucket=20+ AND spike_score_bucket=350–375,3,6,3,50.0,38,48.1889,48.6068,9.3211,0.4179,True,ScoreGap = 20+ -> SpikeGap = 20–30 -> SpikeScore = 350–375,"[{""variable"":""ScoreGap"",""column"":""score_gap_bucket"",""value"":""20+""},{""variable"":""SpikeGap"",""column"":""spike_gap_bucket"",""value"":""20–30""},{""variable"":""SpikeScore"",""column"":""spike_score_bucket"",""value"":""350–375""}]",6,42.7811,0.375
526,score_gap_bucket=20+ AND spike_gap_bucket=40+ AND spike_score_bucket=325–350 AND spread_bucket=70–80 AND yellow_warning=false,score_gap_bucket=20+ AND spike_gap_bucket=40+ AND spike_score_bucket=325–350 AND yellow_warning=false,5,1,1,100.0,6,73.8796,77.6111,38.3254,3.7315,False,ScoreGap = 20+ -> SpikeGap = 40+ -> SpikeScore = 325–350 -> Spread = 70–80 -> Gul varning = Nej,"[{""variable"":""ScoreGap"",""column"":""score_gap_bucket"",""value"":""20+""},{""variable"":""SpikeGap"",""column"":""spike_gap_bucket"",""value"":""40+""},{""variable"":""SpikeScore"",""column"":""spike_score_bucket"",""value"":""325–350""},{""variable"":""Spread"",""column"":""spread_bucket"",""value"":""70–80""},{""variable"":""Gul varning"",""column"":""yellow_warning"",""value"":false}]",1,42.7698,0.0909
527,race_type=Öppet lopp AND score_gap_bucket=5–10 AND spike_gap_bucket=40+ AND spike_score_bucket=325–350,race_type=Öppet lopp AND spike_gap_bucket=40+ AND spike_score_bucket=325–350,4,2,1,50.0,14,61.5894,60.1407,20.855,-1.4487,False,Lopptyp = Öppet lopp -> ScoreGap = 5–10 -> SpikeGap = 40+ -> SpikeScore = 325–350,"[{""variable"":""Lopptyp"",""column"":""race_type"",""value"":""Öppet lopp""},{""variable"":""ScoreGap"",""column"":""score_gap_bucket"",""value"":""5–10""},{""variable"":""SpikeGap"",""column"":""spike_gap_bucket"",""value"":""40+""},{""variable"":""SpikeScore"",""column"":""spike_score_bucket"",""value"":""325–350""}]",2,42.7615,0.1667
528,score_gap_bucket=15–20,,1,25,12,48.0,252,39.2857,44.127,4.8413,4.8413,True,ScoreGap = 15–20,"[{""variable"":""ScoreGap"",""column"":""score_gap_bucket"",""value"":""15–20""}]",25,42.7438,0.7143
529,race_type=Öppet lopp AND spike_gap_bucket=20–30 AND spike_score_bucket=375–400 AND spread_bucket=80+,spike_gap_bucket=20–30 AND spike_score_bucket=375–400 AND spread_bucket=80+,4,3,2,66.6667,6,48.0593,54.2618,14.976,6.2025,False,Lopptyp = Öppet lopp -> SpikeGap = 20–30 -> SpikeScore = 375–400 -> Spread = 80+,"[{""variable"":""Lopptyp"",""column"":""race_type"",""value"":""Öppet lopp""},{""variable"":""SpikeGap"",""column"":""spike_gap_bucket"",""value"":""20–30""},{""variable"":""SpikeScore"",""column"":""spike_score_bucket"",""value"":""375–400""},{""variable"":""Spread"",""column"":""spread_bucket"",""value"":""80+""}]",3,42.7417,0.2308
530,race_type=3-hästarslopp AND spike_gap_bucket=20–30 AND spike_score_bucket=350–375,race_type=3-hästarslopp AND spike_score_bucket=350–375,3,7,3,42.8571,32,49.3486,47.6656,8.3799,-1.683,True,Lopptyp = 3-hästarslopp -> SpikeGap = 20–30 -> SpikeScore = 350–375,"[{""variable"":""Lopptyp"",""column"":""race_type"",""value"":""3-hästarslopp""},{""variable"":""SpikeGap"",""column"":""spike_gap_bucket"",""value"":""20–30""},{""variable"":""SpikeScore"",""column"":""spike_score_bucket"",""value"":""350–375""}]",7,42.7363,0.4118
531,race_type=3-hästarslopp AND spike_gap_bucket=20–30 AND spike_score_bucket=375–400 AND yellow_warning=false,race_type=3-hästarslopp AND spike_score_bucket=375–400 AND yellow_warning=false,4,2,2,100.0,9,51.0881,59.9812,20.6955,8.8931,False,Lopptyp = 3-hästarslopp -> SpikeGap = 20–30 -> SpikeScore = 375–400 -> Gul varning = Nej,"[{""variable"":""Lopptyp"",""column"":""race_type"",""value"":""3-hästarslopp""},{""variable"":""SpikeGap"",""column"":""spike_gap_bucket"",""value"":""20–30""},{""variable"":""SpikeScore"",""column"":""spike_score_bucket"",""value"":""375–400""},{""variable"":""Gul varning"",""column"":""yellow_warning"",""value"":false}]",2,42.735,0.1667
532,race_type=Öppet lopp AND score_gap_bucket=15–20 AND spike_score_bucket=350–375 AND yellow_warning=true,race_type=Öppet lopp AND score_gap_bucket=15–20 AND yellow_warning=true,4,3,2,66.6667,11,50.8111,54.2087,14.923,3.3976,False,Lopptyp = Öppet lopp -> ScoreGap = 15–20 -> SpikeScore = 350–375 -> Gul varning = Ja,"[{""variable"":""Lopptyp"",""column"":""race_type"",""value"":""Öppet lopp""},{""variable"":""ScoreGap"",""column"":""score_gap_bucket"",""value"":""15–20""},{""variable"":""SpikeScore"",""column"":""spike_score_bucket"",""value"":""350–375""},{""variable"":""Gul varning"",""column"":""yellow_warning"",""value"":true}]",3,42.7295,0.2308
533,race_type=Öppet lopp AND score_gap_bucket=15–20 AND spike_gap_bucket=40+ AND yellow_warning=true,race_type=Öppet lopp AND score_gap_bucket=15–20 AND spike_gap_bucket=40+,4,4,2,50.0,7,52.0447,51.3012,12.0155,-0.7435,False,Lopptyp = Öppet lopp -> ScoreGap = 15–20 -> SpikeGap = 40+ -> Gul varning = Ja,"[{""variable"":""Lopptyp"",""column"":""race_type"",""value"":""Öppet lopp""},{""variable"":""ScoreGap"",""column"":""score_gap_bucket"",""value"":""15–20""},{""variable"":""SpikeGap"",""column"":""spike_gap_bucket"",""value"":""40+""},{""variable"":""Gul varning"",""column"":""yellow_warning"",""value"":true}]",4,42.7187,0.2857
534,score_gap_bucket=5–10 AND spike_score_bucket=350–375 AND yellow_warning=false,spike_score_bucket=350–375 AND yellow_warning=false,3,4,2,50.0,34,51.5491,51.2909,12.0052,-0.2582,False,ScoreGap = 5–10 -> SpikeScore = 350–375 -> Gul varning = Nej,"[{""variable"":""ScoreGap"",""column"":""score_gap_bucket"",""value"":""5–10""},{""variable"":""SpikeScore"",""column"":""spike_score_bucket"",""value"":""350–375""},{""variable"":""Gul varning"",""column"":""yellow_warning"",""value"":false}]",4,42.7158,0.2857
535,spike_gap_bucket=10–20 AND spike_score_bucket=350–375 AND yellow_warning=false,spike_score_bucket=350–375 AND yellow_warning=false,3,4,2,50.0,34,51.5491,51.2909,12.0052,-0.2582,False,SpikeGap = 10–20 -> SpikeScore = 350–375 -> Gul varning = Nej,"[{""variable"":""SpikeGap"",""column"":""spike_gap_bucket"",""value"":""10–20""},{""variable"":""SpikeScore"",""column"":""spike_score_bucket"",""value"":""350–375""},{""variable"":""Gul varning"",""column"":""yellow_warning"",""value"":false}]",4,42.7158,0.2857
536,spike_gap_bucket=20–30 AND spike_score_bucket=350–375 AND yellow_warning=false,spike_score_bucket=350–375 AND yellow_warning=false,3,4,2,50.0,34,51.5491,51.2909,12.0052,-0.2582,False,SpikeGap = 20–30 -> SpikeScore = 350–375 -> Gul varning = Nej,"[{""variable"":""SpikeGap"",""column"":""spike_gap_bucket"",""value"":""20–30""},{""variable"":""SpikeScore"",""column"":""spike_score_bucket"",""value"":""350–375""},{""variable"":""Gul varning"",""column"":""yellow_warning"",""value"":false}]",4,42.7158,0.2857
537,spike_gap_bucket=40+ AND spike_score_bucket=325–350 AND spread_bucket=70–80 AND value_count_bucket=1,spike_gap_bucket=40+ AND spike_score_bucket=325–350 AND spread_bucket=70–80,4,2,1,50.0,5,63.7615,59.8296,20.5439,-3.9319,False,SpikeGap = 40+ -> SpikeScore = 325–350 -> Spread = 70–80 -> Antal value = 1,"[{""variable"":""SpikeGap"",""column"":""spike_gap_bucket"",""value"":""40+""},{""variable"":""SpikeScore"",""column"":""spike_score_bucket"",""value"":""325–350""},{""variable"":""Spread"",""column"":""spread_bucket"",""value"":""70–80""},{""variable"":""Antal value"",""column"":""value_count_bucket"",""value"":""1""}]",2,42.7097,0.1667
538,score_gap_bucket=15–20 AND spike_score_bucket=350–375 AND spread_bucket=<60,score_gap_bucket=15–20 AND spike_score_bucket=350–375,3,3,2,66.6667,8,49.4161,54.1208,14.8351,4.7047,False,ScoreGap = 15–20 -> SpikeScore = 350–375 -> Spread = <60,"[{""variable"":""ScoreGap"",""column"":""score_gap_bucket"",""value"":""15–20""},{""variable"":""SpikeScore"",""column"":""spike_score_bucket"",""value"":""350–375""},{""variable"":""Spread"",""column"":""spread_bucket"",""value"":""<60""}]",3,42.7092,0.2308
539,race_type=Öppet lopp AND red_warning=false AND spike_gap_bucket=40+ AND spike_score_bucket=325–350 AND yellow_warning=true,race_type=Öppet lopp AND red_warning=false AND spike_gap_bucket=40+ AND spike_score_bucket=325–350,5,3,0,0.0,12,67.5921,54.0737,14.788,-13.5184,False,Lopptyp = Öppet lopp -> Röd varning = Nej -> SpikeGap = 40+ -> SpikeScore = 325–350 -> Gul varning = Ja,"[{""variable"":""Lopptyp"",""column"":""race_type"",""value"":""Öppet lopp""},{""variable"":""Röd varning"",""column"":""red_warning"",""value"":false},{""variable"":""SpikeGap"",""column"":""spike_gap_bucket"",""value"":""40+""},{""variable"":""SpikeScore"",""column"":""spike_score_bucket"",""value"":""325–350""},{""variable"":""Gul varning"",""column"":""yellow_warning"",""value"":true}]",3,42.6983,0.2308
540,red_warning=false AND spike_score_bucket=375–400 AND spread_bucket=70–80 AND value_count_bucket=1,red_warning=false AND spread_bucket=70–80 AND value_count_bucket=1,4,2,2,100.0,12,53.0254,59.7361,20.4503,6.7107,False,Röd varning = Nej -> SpikeScore = 375–400 -> Spread = 70–80 -> Antal value = 1,"[{""variable"":""Röd varning"",""column"":""red_warning"",""value"":false},{""variable"":""SpikeScore"",""column"":""spike_score_bucket"",""value"":""375–400""},{""variable"":""Spread"",""column"":""spread_bucket"",""value"":""70–80""},{""variable"":""Antal value"",""column"":""value_count_bucket"",""value"":""1""}]",2,42.6941,0.1667
541,red_warning=true AND spike_gap_bucket=40+ AND spike_score_bucket=325–350 AND spread_bucket=<60,spike_gap_bucket=40+ AND spike_score_bucket=325–350 AND spread_bucket=<60,4,2,1,50.0,9,61.8634,59.7064,20.4207,-2.157,False,Röd varning = Ja -> SpikeGap = 40+ -> SpikeScore = 325–350 -> Spread = <60,"[{""variable"":""Röd varning"",""column"":""red_warning"",""value"":true},{""variable"":""SpikeGap"",""column"":""spike_gap_bucket"",""value"":""40+""},{""variable"":""SpikeScore"",""column"":""spike_score_bucket"",""value"":""325–350""},{""variable"":""Spread"",""column"":""spread_bucket"",""value"":""<60""}]",2,42.6892,0.1667
542,score_gap_bucket=20+ AND spike_gap_bucket=40+ AND spike_score_bucket=375–400,score_gap_bucket=20+ AND spike_gap_bucket=40+,3,14,5,35.7143,56,51.6695,45.0997,5.814,-6.5698,True,ScoreGap = 20+ -> SpikeGap = 40+ -> SpikeScore = 375–400,"[{""variable"":""ScoreGap"",""column"":""score_gap_bucket"",""value"":""20+""},{""variable"":""SpikeGap"",""column"":""spike_gap_bucket"",""value"":""40+""},{""variable"":""SpikeScore"",""column"":""spike_score_bucket"",""value"":""375–400""}]",14,42.6772,0.5833
543,race_type=Öppet lopp AND spike_gap_bucket=10–20 AND spread_bucket=70–80,race_type=Öppet lopp AND spread_bucket=70–80,3,5,3,60.0,15,45.9219,49.4414,10.1557,3.5195,True,Lopptyp = Öppet lopp -> SpikeGap = 10–20 -> Spread = 70–80,"[{""variable"":""Lopptyp"",""column"":""race_type"",""value"":""Öppet lopp""},{""variable"":""SpikeGap"",""column"":""spike_gap_bucket"",""value"":""10–20""},{""variable"":""Spread"",""column"":""spread_bucket"",""value"":""70–80""}]",5,42.6709,0.3333
544,score_gap_bucket=5–10 AND spike_gap_bucket=0–10 AND spike_score_bucket=350–375,spike_gap_bucket=0–10 AND spike_score_bucket=350–375,3,3,2,66.6667,13,51.0198,53.9536,14.6679,2.9338,False,ScoreGap = 5–10 -> SpikeGap = 0–10 -> SpikeScore = 350–375,"[{""variable"":""ScoreGap"",""column"":""score_gap_bucket"",""value"":""5–10""},{""variable"":""SpikeGap"",""column"":""spike_gap_bucket"",""value"":""0–10""},{""variable"":""SpikeScore"",""column"":""spike_score_bucket"",""value"":""350–375""}]",3,42.6706,0.2308
545,spike_gap_bucket=0–10 AND spike_score_bucket=350–375 AND spread_bucket=70–80,spike_gap_bucket=0–10 AND spike_score_bucket=350–375,3,3,2,66.6667,13,51.0198,53.9536,14.6679,2.9338,False,SpikeGap = 0–10 -> SpikeScore = 350–375 -> Spread = 70–80,"[{""variable"":""SpikeGap"",""column"":""spike_gap_bucket"",""value"":""0–10""},{""variable"":""SpikeScore"",""column"":""spike_score_bucket"",""value"":""350–375""},{""variable"":""Spread"",""column"":""spread_bucket"",""value"":""70–80""}]",3,42.6706,0.2308
546,race_type=3-hästarslopp AND red_warning=false AND spike_gap_bucket=40+ AND spike_score_bucket=375–400 AND value_count_bucket=1,race_type=3-hästarslopp AND red_warning=false AND spike_gap_bucket=40+ AND value_count_bucket=1,5,3,1,33.3333,10,60.0868,53.9129,14.6272,-6.1739,False,Lopptyp = 3-hästarslopp -> Röd varning = Nej -> SpikeGap = 40+ -> SpikeScore = 375–400 -> Antal value = 1,"[{""variable"":""Lopptyp"",""column"":""race_type"",""value"":""3-hästarslopp""},{""variable"":""Röd varning"",""column"":""red_warning"",""value"":false},{""variable"":""SpikeGap"",""column"":""spike_gap_bucket"",""value"":""40+""},{""variable"":""SpikeScore"",""column"":""spike_score_bucket"",""value"":""375–400""},{""variable"":""Antal value"",""column"":""value_count_bucket"",""value"":""1""}]",3,42.6612,0.2308
547,score_gap_bucket=15–20 AND spike_gap_bucket=40+ AND spike_score_bucket=350–375,score_gap_bucket=15–20 AND spike_score_bucket=350–375,3,2,2,100.0,8,49.4161,59.5329,20.2472,10.1168,False,ScoreGap = 15–20 -> SpikeGap = 40+ -> SpikeScore = 350–375,"[{""variable"":""ScoreGap"",""column"":""score_gap_bucket"",""value"":""15–20""},{""variable"":""SpikeGap"",""column"":""spike_gap_bucket"",""value"":""40+""},{""variable"":""SpikeScore"",""column"":""spike_score_bucket"",""value"":""350–375""}]",2,42.6602,0.1667
548,race_type=Öppet lopp AND spike_gap_bucket=40+,spike_gap_bucket=40+,2,64,27,42.1875,107,46.3442,43.1772,3.8915,-3.167,True,Lopptyp = Öppet lopp -> SpikeGap = 40+,"[{""variable"":""Lopptyp"",""column"":""race_type"",""value"":""Öppet lopp""},{""variable"":""SpikeGap"",""column"":""spike_gap_bucket"",""value"":""40+""}]",64,42.6513,0.8649
549,race_type=3-hästarslopp AND score_gap_bucket=20+ AND spike_score_bucket=375–400 AND yellow_warning=true,race_type=3-hästarslopp AND score_gap_bucket=20+ AND yellow_warning=true,4,11,4,36.3636,32,50.8407,45.7037,6.418,-5.137,True,Lopptyp = 3-hästarslopp -> ScoreGap = 20+ -> SpikeScore = 375–400 -> Gul varning = Ja,"[{""variable"":""Lopptyp"",""column"":""race_type"",""value"":""3-hästarslopp""},{""variable"":""ScoreGap"",""column"":""score_gap_bucket"",""value"":""20+""},{""variable"":""SpikeScore"",""column"":""spike_score_bucket"",""value"":""375–400""},{""variable"":""Gul varning"",""column"":""yellow_warning"",""value"":true}]",11,42.6475,0.5238
550,spike_gap_bucket=0–10 AND yellow_warning=true,spike_gap_bucket=0–10,2,26,12,46.1538,43,41.0431,43.9318,4.6461,2.8887,True,SpikeGap = 0–10 -> Gul varning = Ja,"[{""variable"":""SpikeGap"",""column"":""spike_gap_bucket"",""value"":""0–10""},{""variable"":""Gul varning"",""column"":""yellow_warning"",""value"":true}]",26,42.6412,0.7222
551,score_gap_bucket=20+ AND spike_gap_bucket=40+ AND value_count_bucket=3+,score_gap_bucket=20+ AND spike_gap_bucket=40+,3,5,2,40.0,56,51.6695,49.3356,10.0499,-2.3339,True,ScoreGap = 20+ -> SpikeGap = 40+ -> Antal value = 3+,"[{""variable"":""ScoreGap"",""column"":""score_gap_bucket"",""value"":""20+""},{""variable"":""SpikeGap"",""column"":""spike_gap_bucket"",""value"":""40+""},{""variable"":""Antal value"",""column"":""value_count_bucket"",""value"":""3+""}]",5,42.6357,0.3333
552,red_warning=false AND spike_gap_bucket=0–10,red_warning=false,2,31,14,45.1613,204,41.4541,43.7075,4.4218,2.2534,True,Röd varning = Nej -> SpikeGap = 0–10,"[{""variable"":""Röd varning"",""column"":""red_warning"",""value"":false},{""variable"":""SpikeGap"",""column"":""spike_gap_bucket"",""value"":""0–10""}]",31,42.629,0.7561
553,red_warning=false AND spike_gap_bucket=40+ AND spike_score_bucket=375–400 AND spread_bucket=80+ AND yellow_warning=true,red_warning=false AND spike_gap_bucket=40+ AND spread_bucket=80+ AND yellow_warning=true,5,7,2,28.5714,19,54.3418,47.4036,8.1179,-6.9382,False,Röd varning = Nej -> SpikeGap = 40+ -> SpikeScore = 375–400 -> Spread = 80+ -> Gul varning = Ja,"[{""variable"":""Röd varning"",""column"":""red_warning"",""value"":false},{""variable"":""SpikeGap"",""column"":""spike_gap_bucket"",""value"":""40+""},{""variable"":""SpikeScore"",""column"":""spike_score_bucket"",""value"":""375–400""},{""variable"":""Spread"",""column"":""spread_bucket"",""value"":""80+""},{""variable"":""Gul varning"",""column"":""yellow_warning"",""value"":true}]",7,42.6284,0.4118
554,race_type=3-hästarslopp AND red_warning=false AND spike_score_bucket=350–375 AND value_count_bucket=1,race_type=3-hästarslopp AND red_warning=false AND spike_score_bucket=350–375,4,11,4,36.3636,30,50.7383,45.6376,6.3519,-5.1007,True,Lopptyp = 3-hästarslopp -> Röd varning = Nej -> SpikeScore = 350–375 -> Antal value = 1,"[{""variable"":""Lopptyp"",""column"":""race_type"",""value"":""3-hästarslopp""},{""variable"":""Röd varning"",""column"":""red_warning"",""value"":false},{""variable"":""SpikeScore"",""column"":""spike_score_bucket"",""value"":""350–375""},{""variable"":""Antal value"",""column"":""value_count_bucket"",""value"":""1""}]",11,42.6129,0.5238
555,red_warning=false AND value_count_bucket=2,red_warning=false,2,19,9,47.3684,204,41.4541,44.3354,5.0497,2.8813,True,Röd varning = Nej -> Antal value = 2,"[{""variable"":""Röd varning"",""column"":""red_warning"",""value"":false},{""variable"":""Antal value"",""column"":""value_count_bucket"",""value"":""2""}]",19,42.5941,0.6552
556,red_warning=false AND spike_score_bucket=350–375 AND spread_bucket=70–80 AND value_count_bucket=1,red_warning=false AND spread_bucket=70–80 AND value_count_bucket=1,4,5,2,40.0,12,53.0254,49.1944,9.9087,-3.831,True,Röd varning = Nej -> SpikeScore = 350–375 -> Spread = 70–80 -> Antal value = 1,"[{""variable"":""Röd varning"",""column"":""red_warning"",""value"":false},{""variable"":""SpikeScore"",""column"":""spike_score_bucket"",""value"":""350–375""},{""variable"":""Spread"",""column"":""spread_bucket"",""value"":""70–80""},{""variable"":""Antal value"",""column"":""value_count_bucket"",""value"":""1""}]",5,42.5886,0.3333
557,spike_gap_bucket=0–10 AND spike_score_bucket=325–350 AND yellow_warning=false,spike_score_bucket=325–350 AND yellow_warning=false,3,5,2,40.0,26,51.4811,49.1849,9.8992,-2.2962,True,SpikeGap = 0–10 -> SpikeScore = 325–350 -> Gul varning = Nej,"[{""variable"":""SpikeGap"",""column"":""spike_gap_bucket"",""value"":""0–10""},{""variable"":""SpikeScore"",""column"":""spike_score_bucket"",""value"":""325–350""},{""variable"":""Gul varning"",""column"":""yellow_warning"",""value"":false}]",5,42.5854,0.3333
558,spike_score_bucket=325–350 AND spread_bucket=70–80 AND yellow_warning=false,spike_score_bucket=325–350 AND yellow_warning=false,3,5,2,40.0,26,51.4811,49.1849,9.8992,-2.2962,True,SpikeScore = 325–350 -> Spread = 70–80 -> Gul varning = Nej,"[{""variable"":""SpikeScore"",""column"":""spike_score_bucket"",""value"":""325–350""},{""variable"":""Spread"",""column"":""spread_bucket"",""value"":""70–80""},{""variable"":""Gul varning"",""column"":""yellow_warning"",""value"":false}]",5,42.5854,0.3333
559,spike_gap_bucket=20–30 AND spike_score_bucket=375–400 AND spread_bucket=80+,spike_gap_bucket=20–30 AND spread_bucket=80+,3,6,4,66.6667,16,41.0815,48.0593,8.7736,6.9778,True,SpikeGap = 20–30 -> SpikeScore = 375–400 -> Spread = 80+,"[{""variable"":""SpikeGap"",""column"":""spike_gap_bucket"",""value"":""20–30""},{""variable"":""SpikeScore"",""column"":""spike_score_bucket"",""value"":""375–400""},{""variable"":""Spread"",""column"":""spread_bucket"",""value"":""80+""}]",6,42.5758,0.375
560,score_gap_bucket=10–15 AND spike_score_bucket=350–375 AND yellow_warning=false,spike_score_bucket=350–375 AND yellow_warning=false,3,3,2,66.6667,34,51.5491,53.521,14.2352,1.9719,False,ScoreGap = 10–15 -> SpikeScore = 350–375 -> Gul varning = Nej,"[{""variable"":""ScoreGap"",""column"":""score_gap_bucket"",""value"":""10–15""},{""variable"":""SpikeScore"",""column"":""spike_score_bucket"",""value"":""350–375""},{""variable"":""Gul varning"",""column"":""yellow_warning"",""value"":false}]",3,42.5708,0.2308
561,spike_gap_bucket=40+ AND value_count_bucket=2,spike_gap_bucket=40+,2,14,6,42.8571,107,46.3442,44.9084,5.6226,-1.4358,True,SpikeGap = 40+ -> Antal value = 2,"[{""variable"":""SpikeGap"",""column"":""spike_gap_bucket"",""value"":""40+""},{""variable"":""Antal value"",""column"":""value_count_bucket"",""value"":""2""}]",14,42.5656,0.5833
562,score_gap_bucket=20+ AND spike_score_bucket=350–375 AND spread_bucket=<60 AND yellow_warning=false,score_gap_bucket=20+ AND spike_score_bucket=350–375 AND yellow_warning=false,4,2,2,100.0,19,54.6406,58.9605,19.6748,4.3199,False,ScoreGap = 20+ -> SpikeScore = 350–375 -> Spread = <60 -> Gul varning = Nej,"[{""variable"":""ScoreGap"",""column"":""score_gap_bucket"",""value"":""20+""},{""variable"":""SpikeScore"",""column"":""spike_score_bucket"",""value"":""350–375""},{""variable"":""Spread"",""column"":""spread_bucket"",""value"":""<60""},{""variable"":""Gul varning"",""column"":""yellow_warning"",""value"":false}]",2,42.5648,0.1667
563,score_gap_bucket=10–15 AND spike_score_bucket=325–350 AND yellow_warning=false,spike_score_bucket=325–350 AND yellow_warning=false,3,3,2,66.6667,26,51.4811,53.4618,14.1761,1.9807,False,ScoreGap = 10–15 -> SpikeScore = 325–350 -> Gul varning = Nej,"[{""variable"":""ScoreGap"",""column"":""score_gap_bucket"",""value"":""10–15""},{""variable"":""SpikeScore"",""column"":""spike_score_bucket"",""value"":""325–350""},{""variable"":""Gul varning"",""column"":""yellow_warning"",""value"":false}]",3,42.5571,0.2308
564,race_type=3-hästarslopp AND spike_score_bucket=350–375 AND value_count_bucket=1,race_type=3-hästarslopp AND spike_score_bucket=350–375,3,13,5,38.4615,32,49.3486,45.0598,5.774,-4.2888,True,Lopptyp = 3-hästarslopp -> SpikeScore = 350–375 -> Antal value = 1,"[{""variable"":""Lopptyp"",""column"":""race_type"",""value"":""3-hästarslopp""},{""variable"":""SpikeScore"",""column"":""spike_score_bucket"",""value"":""350–375""},{""variable"":""Antal value"",""column"":""value_count_bucket"",""value"":""1""}]",13,42.5493,0.5652
565,spike_gap_bucket=40+ AND spike_score_bucket=375–400 AND yellow_warning=false,spike_gap_bucket=40+ AND yellow_warning=false,3,12,4,33.3333,53,52.4231,45.2644,5.9787,-7.1587,True,SpikeGap = 40+ -> SpikeScore = 375–400 -> Gul varning = Nej,"[{""variable"":""SpikeGap"",""column"":""spike_gap_bucket"",""value"":""40+""},{""variable"":""SpikeScore"",""column"":""spike_score_bucket"",""value"":""375–400""},{""variable"":""Gul varning"",""column"":""yellow_warning"",""value"":false}]",12,42.5468,0.5455
566,score_gap_bucket=10–15 AND spike_gap_bucket=40+ AND spike_score_bucket=325–350,spike_gap_bucket=40+ AND spike_score_bucket=325–350,3,2,1,50.0,24,59.7019,58.8199,19.5342,-0.882,False,ScoreGap = 10–15 -> SpikeGap = 40+ -> SpikeScore = 325–350,"[{""variable"":""ScoreGap"",""column"":""score_gap_bucket"",""value"":""10–15""},{""variable"":""SpikeGap"",""column"":""spike_gap_bucket"",""value"":""40+""},{""variable"":""SpikeScore"",""column"":""spike_score_bucket"",""value"":""325–350""}]",2,42.5414,0.1667
567,spike_gap_bucket=40+ AND spike_score_bucket=325–350 AND spread_bucket=60–70,spike_gap_bucket=40+ AND spike_score_bucket=325–350,3,2,1,50.0,24,59.7019,58.8199,19.5342,-0.882,False,SpikeGap = 40+ -> SpikeScore = 325–350 -> Spread = 60–70,"[{""variable"":""SpikeGap"",""column"":""spike_gap_bucket"",""value"":""40+""},{""variable"":""SpikeScore"",""column"":""spike_score_bucket"",""value"":""325–350""},{""variable"":""Spread"",""column"":""spread_bucket"",""value"":""60–70""}]",2,42.5414,0.1667
568,race_type=3-hästarslopp AND score_gap_bucket=20+ AND spike_gap_bucket=40+ AND spread_bucket=70–80 AND yellow_warning=false,race_type=3-hästarslopp AND score_gap_bucket=20+ AND spike_gap_bucket=40+ AND yellow_warning=false,5,4,1,25.0,12,59.2043,50.6532,11.3675,-8.5511,False,Lopptyp = 3-hästarslopp -> ScoreGap = 20+ -> SpikeGap = 40+ -> Spread = 70–80 -> Gul varning = Nej,"[{""variable"":""Lopptyp"",""column"":""race_type"",""value"":""3-hästarslopp""},{""variable"":""ScoreGap"",""column"":""score_gap_bucket"",""value"":""20+""},{""variable"":""SpikeGap"",""column"":""spike_gap_bucket"",""value"":""40+""},{""variable"":""Spread"",""column"":""spread_bucket"",""value"":""70–80""},{""variable"":""Gul varning"",""column"":""yellow_warning"",""value"":false}]",4,42.5336,0.2857
569,value_count_bucket=3+,,1,13,7,53.8462,252,39.2857,45.0216,5.7359,5.7359,True,Antal value = 3+,"[{""variable"":""Antal value"",""column"":""value_count_bucket"",""value"":""3+""}]",13,42.5277,0.5652
570,race_type=Öppet lopp AND score_gap_bucket=15–20 AND spike_gap_bucket=30–40 AND value_count_bucket=1,race_type=Öppet lopp AND score_gap_bucket=15–20 AND value_count_bucket=1,4,4,2,50.0,7,50.9586,50.61,11.3243,-0.3486,False,Lopptyp = Öppet lopp -> ScoreGap = 15–20 -> SpikeGap = 30–40 -> Antal value = 1,"[{""variable"":""Lopptyp"",""column"":""race_type"",""value"":""Öppet lopp""},{""variable"":""ScoreGap"",""column"":""score_gap_bucket"",""value"":""15–20""},{""variable"":""SpikeGap"",""column"":""spike_gap_bucket"",""value"":""30–40""},{""variable"":""Antal value"",""column"":""value_count_bucket"",""value"":""1""}]",4,42.5212,0.2857
571,spread_bucket=80+ AND yellow_warning=false,spread_bucket=80+,2,49,21,42.8571,98,43.9467,43.173,3.8872,-0.7737,True,Spread = 80+ -> Gul varning = Nej,"[{""variable"":""Spread"",""column"":""spread_bucket"",""value"":""80+""},{""variable"":""Gul varning"",""column"":""yellow_warning"",""value"":false}]",49,42.5141,0.8305
572,spike_gap_bucket=40+ AND spike_score_bucket=325–350 AND spread_bucket=<60 AND yellow_warning=true,spike_gap_bucket=40+ AND spike_score_bucket=325–350 AND spread_bucket=<60,4,4,1,25.0,9,61.8634,50.5208,11.2351,-11.3426,False,SpikeGap = 40+ -> SpikeScore = 325–350 -> Spread = <60 -> Gul varning = Ja,"[{""variable"":""SpikeGap"",""column"":""spike_gap_bucket"",""value"":""40+""},{""variable"":""SpikeScore"",""column"":""spike_score_bucket"",""value"":""325–350""},{""variable"":""Spread"",""column"":""spread_bucket"",""value"":""<60""},{""variable"":""Gul varning"",""column"":""yellow_warning"",""value"":true}]",4,42.4957,0.2857
573,race_type=3-hästarslopp AND score_gap_bucket=20+ AND spike_gap_bucket=10–20,race_type=3-hästarslopp AND score_gap_bucket=20+,3,6,2,33.3333,56,52.1859,47.8353,8.5496,-4.3506,True,Lopptyp = 3-hästarslopp -> ScoreGap = 20+ -> SpikeGap = 10–20,"[{""variable"":""Lopptyp"",""column"":""race_type"",""value"":""3-hästarslopp""},{""variable"":""ScoreGap"",""column"":""score_gap_bucket"",""value"":""20+""},{""variable"":""SpikeGap"",""column"":""spike_gap_bucket"",""value"":""10–20""}]",6,42.4918,0.375
574,score_gap_bucket=20+ AND spike_gap_bucket=40+ AND spike_score_bucket=350–375 AND spread_bucket=<60,score_gap_bucket=20+ AND spike_gap_bucket=40+ AND spike_score_bucket=350–375,4,3,2,66.6667,18,50.8787,53.1341,13.8484,2.2554,False,ScoreGap = 20+ -> SpikeGap = 40+ -> SpikeScore = 350–375 -> Spread = <60,"[{""variable"":""ScoreGap"",""column"":""score_gap_bucket"",""value"":""20+""},{""variable"":""SpikeGap"",""column"":""spike_gap_bucket"",""value"":""40+""},{""variable"":""SpikeScore"",""column"":""spike_score_bucket"",""value"":""350–375""},{""variable"":""Spread"",""column"":""spread_bucket"",""value"":""<60""}]",3,42.4815,0.2308
575,score_gap_bucket=20+ AND spike_gap_bucket=0–10 AND spread_bucket=70–80 AND yellow_warning=true,score_gap_bucket=20+ AND spread_bucket=70–80 AND yellow_warning=true,4,3,1,33.3333,13,57.6859,53.1198,13.8341,-4.5661,False,ScoreGap = 20+ -> SpikeGap = 0–10 -> Spread = 70–80 -> Gul varning = Ja,"[{""variable"":""ScoreGap"",""column"":""score_gap_bucket"",""value"":""20+""},{""variable"":""SpikeGap"",""column"":""spike_gap_bucket"",""value"":""0–10""},{""variable"":""Spread"",""column"":""spread_bucket"",""value"":""70–80""},{""variable"":""Gul varning"",""column"":""yellow_warning"",""value"":true}]",3,42.4782,0.2308
576,race_type=Öppet lopp AND spike_gap_bucket=40+ AND spread_bucket=80+ AND yellow_warning=true,race_type=Öppet lopp AND spike_gap_bucket=40+ AND spread_bucket=80+,4,5,2,40.0,16,51.6109,48.8464,9.5607,-2.7645,True,Lopptyp = Öppet lopp -> SpikeGap = 40+ -> Spread = 80+ -> Gul varning = Ja,"[{""variable"":""Lopptyp"",""column"":""race_type"",""value"":""Öppet lopp""},{""variable"":""SpikeGap"",""column"":""spike_gap_bucket"",""value"":""40+""},{""variable"":""Spread"",""column"":""spread_bucket"",""value"":""80+""},{""variable"":""Gul varning"",""column"":""yellow_warning"",""value"":true}]",5,42.4726,0.3333
577,race_type=3-hästarslopp AND red_warning=false AND spike_gap_bucket=40+ AND spike_score_bucket=350–375 AND value_count_bucket=1,race_type=3-hästarslopp AND red_warning=false AND spike_gap_bucket=40+ AND value_count_bucket=1,5,2,1,50.0,10,60.0868,58.4057,19.12,-1.6811,False,Lopptyp = 3-hästarslopp -> Röd varning = Nej -> SpikeGap = 40+ -> SpikeScore = 350–375 -> Antal value = 1,"[{""variable"":""Lopptyp"",""column"":""race_type"",""value"":""3-hästarslopp""},{""variable"":""Röd varning"",""column"":""red_warning"",""value"":false},{""variable"":""SpikeGap"",""column"":""spike_gap_bucket"",""value"":""40+""},{""variable"":""SpikeScore"",""column"":""spike_score_bucket"",""value"":""350–375""},{""variable"":""Antal value"",""column"":""value_count_bucket"",""value"":""1""}]",2,42.4724,0.1667
578,spike_gap_bucket=0–10 AND spread_bucket=<60,spike_gap_bucket=0–10,2,14,7,50.0,43,41.0431,44.7312,5.4455,3.6881,True,SpikeGap = 0–10 -> Spread = <60,"[{""variable"":""SpikeGap"",""column"":""spike_gap_bucket"",""value"":""0–10""},{""variable"":""Spread"",""column"":""spread_bucket"",""value"":""<60""}]",14,42.4622,0.5833
579,score_gap_bucket=20+ AND spike_gap_bucket=40+ AND spread_bucket=<60,score_gap_bucket=20+ AND spike_gap_bucket=40+,3,9,3,33.3333,56,51.6695,45.979,6.6933,-5.6905,True,ScoreGap = 20+ -> SpikeGap = 40+ -> Spread = <60,"[{""variable"":""ScoreGap"",""column"":""score_gap_bucket"",""value"":""20+""},{""variable"":""SpikeGap"",""column"":""spike_gap_bucket"",""value"":""40+""},{""variable"":""Spread"",""column"":""spread_bucket"",""value"":""<60""}]",9,42.4562,0.4737
580,spike_gap_bucket=0–10 AND spike_score_bucket=325–350 AND spread_bucket=<60,spike_gap_bucket=0–10 AND spread_bucket=<60,3,5,3,60.0,14,44.7312,48.7493,9.4636,4.0181,True,SpikeGap = 0–10 -> SpikeScore = 325–350 -> Spread = <60,"[{""variable"":""SpikeGap"",""column"":""spike_gap_bucket"",""value"":""0–10""},{""variable"":""SpikeScore"",""column"":""spike_score_bucket"",""value"":""325–350""},{""variable"":""Spread"",""column"":""spread_bucket"",""value"":""<60""}]",5,42.4402,0.3333
581,race_type=3-hästarslopp AND spike_gap_bucket=30–40 AND spread_bucket=80+ AND yellow_warning=false,race_type=3-hästarslopp AND spread_bucket=80+ AND yellow_warning=false,4,4,1,25.0,23,55.385,50.3208,11.0351,-5.0642,False,Lopptyp = 3-hästarslopp -> SpikeGap = 30–40 -> Spread = 80+ -> Gul varning = Nej,"[{""variable"":""Lopptyp"",""column"":""race_type"",""value"":""3-hästarslopp""},{""variable"":""SpikeGap"",""column"":""spike_gap_bucket"",""value"":""30–40""},{""variable"":""Spread"",""column"":""spread_bucket"",""value"":""80+""},{""variable"":""Gul varning"",""column"":""yellow_warning"",""value"":false}]",4,42.4386,0.2857
582,spread_bucket=70–80 AND value_count_bucket=3+,spread_bucket=70–80,2,4,3,75.0,37,45.3634,50.3028,11.0171,4.9394,False,Spread = 70–80 -> Antal value = 3+,"[{""variable"":""Spread"",""column"":""spread_bucket"",""value"":""70–80""},{""variable"":""Antal value"",""column"":""value_count_bucket"",""value"":""3+""}]",4,42.4335,0.2857
583,race_type=3-hästarslopp AND red_warning=true AND spike_gap_bucket=40+,race_type=3-hästarslopp AND spike_gap_bucket=40+,3,4,1,25.0,39,55.3581,50.2984,11.0127,-5.0597,False,Lopptyp = 3-hästarslopp -> Röd varning = Ja -> SpikeGap = 40+,"[{""variable"":""Lopptyp"",""column"":""race_type"",""value"":""3-hästarslopp""},{""variable"":""Röd varning"",""column"":""red_warning"",""value"":true},{""variable"":""SpikeGap"",""column"":""spike_gap_bucket"",""value"":""40+""}]",4,42.4322,0.2857
584,race_type=3-hästarslopp AND red_warning=false AND spike_score_bucket=375–400 AND spread_bucket=80+,race_type=3-hästarslopp AND red_warning=false AND spread_bucket=80+,4,17,6,35.2941,52,51.9016,44.2711,4.9854,-7.6305,True,Lopptyp = 3-hästarslopp -> Röd varning = Nej -> SpikeScore = 375–400 -> Spread = 80+,"[{""variable"":""Lopptyp"",""column"":""race_type"",""value"":""3-hästarslopp""},{""variable"":""Röd varning"",""column"":""red_warning"",""value"":false},{""variable"":""SpikeScore"",""column"":""spike_score_bucket"",""value"":""375–400""},{""variable"":""Spread"",""column"":""spread_bucket"",""value"":""80+""}]",17,42.4247,0.6296
585,race_type=3-hästarslopp AND value_count_bucket=2,race_type=3-hästarslopp,2,10,4,40.0,77,48.3063,45.5375,6.2518,-2.7688,True,Lopptyp = 3-hästarslopp -> Antal value = 2,"[{""variable"":""Lopptyp"",""column"":""race_type"",""value"":""3-hästarslopp""},{""variable"":""Antal value"",""column"":""value_count_bucket"",""value"":""2""}]",10,42.4116,0.5
586,red_warning=false AND spike_score_bucket=375–400 AND spread_bucket=70–80,red_warning=false AND spread_bucket=70–80,3,7,3,42.8571,34,48.2827,46.8761,7.5904,-1.4066,True,Röd varning = Nej -> SpikeScore = 375–400 -> Spread = 70–80,"[{""variable"":""Röd varning"",""column"":""red_warning"",""value"":false},{""variable"":""SpikeScore"",""column"":""spike_score_bucket"",""value"":""375–400""},{""variable"":""Spread"",""column"":""spread_bucket"",""value"":""70–80""}]",7,42.4112,0.4118
587,race_type=3-hästarslopp AND red_warning=false AND spike_gap_bucket=10–20 AND spread_bucket=80+,race_type=3-hästarslopp AND red_warning=false AND spread_bucket=80+,4,6,2,33.3333,52,51.9016,47.6166,8.3309,-4.285,True,Lopptyp = 3-hästarslopp -> Röd varning = Nej -> SpikeGap = 10–20 -> Spread = 80+,"[{""variable"":""Lopptyp"",""column"":""race_type"",""value"":""3-hästarslopp""},{""variable"":""Röd varning"",""column"":""red_warning"",""value"":false},{""variable"":""SpikeGap"",""column"":""spike_gap_bucket"",""value"":""10–20""},{""variable"":""Spread"",""column"":""spread_bucket"",""value"":""80+""}]",6,42.4098,0.375
588,race_type=Öppet lopp AND red_warning=false AND spike_gap_bucket=40+ AND spike_score_bucket=325–350 AND value_count_bucket=1,race_type=Öppet lopp AND red_warning=false AND spike_gap_bucket=40+ AND spike_score_bucket=325–350,5,2,0,0.0,12,67.5921,57.9361,18.6504,-9.656,False,Lopptyp = Öppet lopp -> Röd varning = Nej -> SpikeGap = 40+ -> SpikeScore = 325–350 -> Antal value = 1,"[{""variable"":""Lopptyp"",""column"":""race_type"",""value"":""Öppet lopp""},{""variable"":""Röd varning"",""column"":""red_warning"",""value"":false},{""variable"":""SpikeGap"",""column"":""spike_gap_bucket"",""value"":""40+""},{""variable"":""SpikeScore"",""column"":""spike_score_bucket"",""value"":""325–350""},{""variable"":""Antal value"",""column"":""value_count_bucket"",""value"":""1""}]",2,42.3941,0.1667
589,spike_score_bucket=375–400 AND spread_bucket=70–80 AND yellow_warning=true,spread_bucket=70–80 AND yellow_warning=true,3,4,2,50.0,20,50.1817,50.1514,10.8657,-0.0303,False,SpikeScore = 375–400 -> Spread = 70–80 -> Gul varning = Ja,"[{""variable"":""SpikeScore"",""column"":""spike_score_bucket"",""value"":""375–400""},{""variable"":""Spread"",""column"":""spread_bucket"",""value"":""70–80""},{""variable"":""Gul varning"",""column"":""yellow_warning"",""value"":true}]",4,42.3902,0.2857
590,race_type=3-hästarslopp AND score_gap_bucket=20+ AND spike_score_bucket=350–375 AND spread_bucket=70–80 AND yellow_warning=true,race_type=3-hästarslopp AND score_gap_bucket=20+ AND spread_bucket=70–80 AND yellow_warning=true,5,2,1,50.0,6,60.5219,57.8914,18.6057,-2.6305,False,Lopptyp = 3-hästarslopp -> ScoreGap = 20+ -> SpikeScore = 350–375 -> Spread = 70–80 -> Gul varning = Ja,"[{""variable"":""Lopptyp"",""column"":""race_type"",""value"":""3-hästarslopp""},{""variable"":""ScoreGap"",""column"":""score_gap_bucket"",""value"":""20+""},{""variable"":""SpikeScore"",""column"":""spike_score_bucket"",""value"":""350–375""},{""variable"":""Spread"",""column"":""spread_bucket"",""value"":""70–80""},{""variable"":""Gul varning"",""column"":""yellow_warning"",""value"":true}]",2,42.3867,0.1667
591,spike_gap_bucket=0–10 AND spike_score_bucket=375–400 AND spread_bucket=80+,spike_gap_bucket=0–10 AND spread_bucket=80+,3,6,3,50.0,16,46.6371,47.5543,8.2685,0.9172,True,SpikeGap = 0–10 -> SpikeScore = 375–400 -> Spread = 80+,"[{""variable"":""SpikeGap"",""column"":""spike_gap_bucket"",""value"":""0–10""},{""variable"":""SpikeScore"",""column"":""spike_score_bucket"",""value"":""375–400""},{""variable"":""Spread"",""column"":""spread_bucket"",""value"":""80+""}]",6,42.3864,0.375
592,race_type=Öppet lopp AND score_gap_bucket=5–10 AND spike_gap_bucket=40+ AND value_count_bucket=1,score_gap_bucket=5–10 AND spike_gap_bucket=40+ AND value_count_bucket=1,4,3,2,66.6667,7,46.7336,52.7135,13.4278,5.9799,False,Lopptyp = Öppet lopp -> ScoreGap = 5–10 -> SpikeGap = 40+ -> Antal value = 1,"[{""variable"":""Lopptyp"",""column"":""race_type"",""value"":""Öppet lopp""},{""variable"":""ScoreGap"",""column"":""score_gap_bucket"",""value"":""5–10""},{""variable"":""SpikeGap"",""column"":""spike_gap_bucket"",""value"":""40+""},{""variable"":""Antal value"",""column"":""value_count_bucket"",""value"":""1""}]",3,42.3844,0.2308
593,score_gap_bucket=5–10 AND spike_gap_bucket=40+ AND spike_score_bucket=350–375 AND value_count_bucket=1,score_gap_bucket=5–10 AND spike_gap_bucket=40+ AND value_count_bucket=1,4,3,2,66.6667,7,46.7336,52.7135,13.4278,5.9799,False,ScoreGap = 5–10 -> SpikeGap = 40+ -> SpikeScore = 350–375 -> Antal value = 1,"[{""variable"":""ScoreGap"",""column"":""score_gap_bucket"",""value"":""5–10""},{""variable"":""SpikeGap"",""column"":""spike_gap_bucket"",""value"":""40+""},{""variable"":""SpikeScore"",""column"":""spike_score_bucket"",""value"":""350–375""},{""variable"":""Antal value"",""column"":""value_count_bucket"",""value"":""1""}]",3,42.3844,0.2308
594,race_type=Topp 5-profil AND spread_bucket=60–70 AND value_count_bucket=0,spread_bucket=60–70 AND value_count_bucket=0,3,5,3,60.0,9,42.2074,48.5619,9.2762,6.3545,True,Lopptyp = Topp 5-profil -> Spread = 60–70 -> Antal value = 0,"[{""variable"":""Lopptyp"",""column"":""race_type"",""value"":""Topp 5-profil""},{""variable"":""Spread"",""column"":""spread_bucket"",""value"":""60–70""},{""variable"":""Antal value"",""column"":""value_count_bucket"",""value"":""0""}]",5,42.3778,0.3333
595,score_gap_bucket=20+ AND spike_gap_bucket=20–30,score_gap_bucket=20+,2,16,7,43.75,116,44.7479,44.3044,5.0187,-0.4435,True,ScoreGap = 20+ -> SpikeGap = 20–30,"[{""variable"":""ScoreGap"",""column"":""score_gap_bucket"",""value"":""20+""},{""variable"":""SpikeGap"",""column"":""spike_gap_bucket"",""value"":""20–30""}]",16,42.3741,0.6154
596,red_warning=false AND spike_gap_bucket=40+ AND spike_score_bucket=375–400 AND spread_bucket=80+ AND value_count_bucket=2,red_warning=false AND spike_gap_bucket=40+ AND spread_bucket=80+ AND value_count_bucket=2,5,2,1,50.0,7,59.9753,57.7586,18.4729,-2.2167,False,Röd varning = Nej -> SpikeGap = 40+ -> SpikeScore = 375–400 -> Spread = 80+ -> Antal value = 2,"[{""variable"":""Röd varning"",""column"":""red_warning"",""value"":false},{""variable"":""SpikeGap"",""column"":""spike_gap_bucket"",""value"":""40+""},{""variable"":""SpikeScore"",""column"":""spike_score_bucket"",""value"":""375–400""},{""variable"":""Spread"",""column"":""spread_bucket"",""value"":""80+""},{""variable"":""Antal value"",""column"":""value_count_bucket"",""value"":""2""}]",2,42.3645,0.1667
597,race_type=Öppet lopp AND score_gap_bucket=0–5 AND spike_score_bucket=325–350,score_gap_bucket=0–5 AND spike_score_bucket=325–350,3,13,6,46.1538,16,43.5592,44.7223,5.4366,1.1631,True,Lopptyp = Öppet lopp -> ScoreGap = 0–5 -> SpikeScore = 325–350,"[{""variable"":""Lopptyp"",""column"":""race_type"",""value"":""Öppet lopp""},{""variable"":""ScoreGap"",""column"":""score_gap_bucket"",""value"":""0–5""},{""variable"":""SpikeScore"",""column"":""spike_score_bucket"",""value"":""325–350""}]",13,42.3586,0.5652
598,score_gap_bucket=5–10 AND spike_gap_bucket=40+ AND value_count_bucket=1,spike_gap_bucket=40+ AND value_count_bucket=1,3,7,4,57.1429,34,43.0904,46.7336,7.4479,3.6432,True,ScoreGap = 5–10 -> SpikeGap = 40+ -> Antal value = 1,"[{""variable"":""ScoreGap"",""column"":""score_gap_bucket"",""value"":""5–10""},{""variable"":""SpikeGap"",""column"":""spike_gap_bucket"",""value"":""40+""},{""variable"":""Antal value"",""column"":""value_count_bucket"",""value"":""1""}]",7,42.3525,0.4118
599,score_gap_bucket=20+ AND spike_gap_bucket=40+ AND value_count_bucket=1,score_gap_bucket=20+ AND spike_gap_bucket=40+,3,17,6,35.2941,56,51.6695,44.1457,4.86,-7.5238,True,ScoreGap = 20+ -> SpikeGap = 40+ -> Antal value = 1,"[{""variable"":""ScoreGap"",""column"":""score_gap_bucket"",""value"":""20+""},{""variable"":""SpikeGap"",""column"":""spike_gap_bucket"",""value"":""40+""},{""variable"":""Antal value"",""column"":""value_count_bucket"",""value"":""1""}]",17,42.3457,0.6296
600,red_warning=true AND spike_gap_bucket=40+ AND value_count_bucket=1,spike_gap_bucket=40+ AND value_count_bucket=1,3,10,5,50.0,34,43.0904,45.3936,6.1079,2.3032,True,Röd varning = Ja -> SpikeGap = 40+ -> Antal value = 1,"[{""variable"":""Röd varning"",""column"":""red_warning"",""value"":true},{""variable"":""SpikeGap"",""column"":""spike_gap_bucket"",""value"":""40+""},{""variable"":""Antal value"",""column"":""value_count_bucket"",""value"":""1""}]",10,42.3397,0.5
601,spike_gap_bucket=0–10 AND spike_score_bucket=350–375 AND spread_bucket=<60,spike_gap_bucket=0–10 AND spike_score_bucket=350–375,3,2,2,100.0,13,51.0198,57.5505,18.2648,6.5307,False,SpikeGap = 0–10 -> SpikeScore = 350–375 -> Spread = <60,"[{""variable"":""SpikeGap"",""column"":""spike_gap_bucket"",""value"":""0–10""},{""variable"":""SpikeScore"",""column"":""spike_score_bucket"",""value"":""350–375""},{""variable"":""Spread"",""column"":""spread_bucket"",""value"":""<60""}]",2,42.3298,0.1667
602,spike_gap_bucket=0–10 AND spike_score_bucket=350–375 AND value_count_bucket=2,spike_gap_bucket=0–10 AND spike_score_bucket=350–375,3,2,2,100.0,13,51.0198,57.5505,18.2648,6.5307,False,SpikeGap = 0–10 -> SpikeScore = 350–375 -> Antal value = 2,"[{""variable"":""SpikeGap"",""column"":""spike_gap_bucket"",""value"":""0–10""},{""variable"":""SpikeScore"",""column"":""spike_score_bucket"",""value"":""350–375""},{""variable"":""Antal value"",""column"":""value_count_bucket"",""value"":""2""}]",2,42.3298,0.1667
603,score_gap_bucket=15–20 AND spike_gap_bucket=40+ AND spike_score_bucket=375–400 AND yellow_warning=true,score_gap_bucket=15–20 AND spike_score_bucket=375–400 AND yellow_warning=true,4,4,2,50.0,5,49.8592,49.9218,10.6361,0.0626,False,ScoreGap = 15–20 -> SpikeGap = 40+ -> SpikeScore = 375–400 -> Gul varning = Ja,"[{""variable"":""ScoreGap"",""column"":""score_gap_bucket"",""value"":""15–20""},{""variable"":""SpikeGap"",""column"":""spike_gap_bucket"",""value"":""40+""},{""variable"":""SpikeScore"",""column"":""spike_score_bucket"",""value"":""375–400""},{""variable"":""Gul varning"",""column"":""yellow_warning"",""value"":true}]",4,42.3246,0.2857
604,red_warning=false AND spike_score_bucket=350–375 AND value_count_bucket=2,red_warning=false AND spike_score_bucket=350–375,3,7,3,42.8571,63,47.9958,46.6636,7.3778,-1.3322,True,Röd varning = Nej -> SpikeScore = 350–375 -> Antal value = 2,"[{""variable"":""Röd varning"",""column"":""red_warning"",""value"":false},{""variable"":""SpikeScore"",""column"":""spike_score_bucket"",""value"":""350–375""},{""variable"":""Antal value"",""column"":""value_count_bucket"",""value"":""2""}]",7,42.3237,0.4118
605,race_type=Öppet lopp AND score_gap_bucket=20+ AND spread_bucket=80+ AND yellow_warning=true,race_type=Öppet lopp AND spread_bucket=80+ AND yellow_warning=true,4,7,3,42.8571,11,49.0784,46.659,7.3733,-2.4194,True,Lopptyp = Öppet lopp -> ScoreGap = 20+ -> Spread = 80+ -> Gul varning = Ja,"[{""variable"":""Lopptyp"",""column"":""race_type"",""value"":""Öppet lopp""},{""variable"":""ScoreGap"",""column"":""score_gap_bucket"",""value"":""20+""},{""variable"":""Spread"",""column"":""spread_bucket"",""value"":""80+""},{""variable"":""Gul varning"",""column"":""yellow_warning"",""value"":true}]",7,42.3218,0.4118
606,score_gap_bucket=0–5 AND spike_score_bucket=325–350 AND spread_bucket=80+,spike_score_bucket=325–350 AND spread_bucket=80+,3,3,2,66.6667,14,49.3804,52.4309,13.1452,3.0505,False,ScoreGap = 0–5 -> SpikeScore = 325–350 -> Spread = 80+,"[{""variable"":""ScoreGap"",""column"":""score_gap_bucket"",""value"":""0–5""},{""variable"":""SpikeScore"",""column"":""spike_score_bucket"",""value"":""325–350""},{""variable"":""Spread"",""column"":""spread_bucket"",""value"":""80+""}]",3,42.3192,0.2308
607,score_gap_bucket=0–5 AND spike_score_bucket=400+ AND spread_bucket=80+,spike_score_bucket=400+ AND spread_bucket=80+,3,3,2,66.6667,14,49.3804,52.4309,13.1452,3.0505,False,ScoreGap = 0–5 -> SpikeScore = 400+ -> Spread = 80+,"[{""variable"":""ScoreGap"",""column"":""score_gap_bucket"",""value"":""0–5""},{""variable"":""SpikeScore"",""column"":""spike_score_bucket"",""value"":""400+""},{""variable"":""Spread"",""column"":""spread_bucket"",""value"":""80+""}]",3,42.3192,0.2308
608,score_gap_bucket=20+ AND spike_score_bucket=350–375 AND value_count_bucket=2,score_gap_bucket=20+ AND value_count_bucket=2,3,4,2,50.0,12,49.8424,49.8818,10.5961,0.0394,False,ScoreGap = 20+ -> SpikeScore = 350–375 -> Antal value = 2,"[{""variable"":""ScoreGap"",""column"":""score_gap_bucket"",""value"":""20+""},{""variable"":""SpikeScore"",""column"":""spike_score_bucket"",""value"":""350–375""},{""variable"":""Antal value"",""column"":""value_count_bucket"",""value"":""2""}]",4,42.3132,0.2857
609,score_gap_bucket=20+ AND spike_score_bucket=350–375 AND spread_bucket=80+ AND yellow_warning=true,score_gap_bucket=20+ AND spike_score_bucket=350–375 AND spread_bucket=80+,4,11,4,36.3636,24,49.8452,45.0614,5.7757,-4.7838,True,ScoreGap = 20+ -> SpikeScore = 350–375 -> Spread = 80+ -> Gul varning = Ja,"[{""variable"":""ScoreGap"",""column"":""score_gap_bucket"",""value"":""20+""},{""variable"":""SpikeScore"",""column"":""spike_score_bucket"",""value"":""350–375""},{""variable"":""Spread"",""column"":""spread_bucket"",""value"":""80+""},{""variable"":""Gul varning"",""column"":""yellow_warning"",""value"":true}]",11,42.3111,0.5238
610,race_type=Öppet lopp AND spike_score_bucket=350–375,spike_score_bucket=350–375,2,40,17,42.5,77,44.1826,43.0609,3.7752,-1.1217,True,Lopptyp = Öppet lopp -> SpikeScore = 350–375,"[{""variable"":""Lopptyp"",""column"":""race_type"",""value"":""Öppet lopp""},{""variable"":""SpikeScore"",""column"":""spike_score_bucket"",""value"":""350–375""}]",40,42.3059,0.8
611,score_gap_bucket=5–10 AND spike_gap_bucket=0–10 AND spike_score_bucket=375–400,spike_gap_bucket=0–10 AND spike_score_bucket=375–400,3,2,2,100.0,7,45.2171,57.3911,18.1054,12.174,False,ScoreGap = 5–10 -> SpikeGap = 0–10 -> SpikeScore = 375–400,"[{""variable"":""ScoreGap"",""column"":""score_gap_bucket"",""value"":""5–10""},{""variable"":""SpikeGap"",""column"":""spike_gap_bucket"",""value"":""0–10""},{""variable"":""SpikeScore"",""column"":""spike_score_bucket"",""value"":""375–400""}]",2,42.3033,0.1667
612,race_type=3-hästarslopp AND spike_score_bucket=375–400 AND spread_bucket=70–80,race_type=3-hästarslopp AND spread_bucket=70–80,3,5,2,40.0,21,50.3933,48.3146,9.0289,-2.0787,True,Lopptyp = 3-hästarslopp -> SpikeScore = 375–400 -> Spread = 70–80,"[{""variable"":""Lopptyp"",""column"":""race_type"",""value"":""3-hästarslopp""},{""variable"":""SpikeScore"",""column"":""spike_score_bucket"",""value"":""375–400""},{""variable"":""Spread"",""column"":""spread_bucket"",""value"":""70–80""}]",5,42.2953,0.3333
613,race_type=3-hästarslopp AND score_gap_bucket=5–10 AND spike_gap_bucket=40+ AND spread_bucket=80+,race_type=3-hästarslopp AND spike_gap_bucket=40+ AND spread_bucket=80+,4,2,1,50.0,25,57.9369,57.2154,17.9296,-0.7215,False,Lopptyp = 3-hästarslopp -> ScoreGap = 5–10 -> SpikeGap = 40+ -> Spread = 80+,"[{""variable"":""Lopptyp"",""column"":""race_type"",""value"":""3-hästarslopp""},{""variable"":""ScoreGap"",""column"":""score_gap_bucket"",""value"":""5–10""},{""variable"":""SpikeGap"",""column"":""spike_gap_bucket"",""value"":""40+""},{""variable"":""Spread"",""column"":""spread_bucket"",""value"":""80+""}]",2,42.274,0.1667
614,red_warning=false AND spike_gap_bucket=40+ AND spike_score_bucket=325–350 AND spread_bucket=70–80 AND value_count_bucket=1,red_warning=false AND spike_gap_bucket=40+ AND spike_score_bucket=325–350 AND value_count_bucket=1,5,1,1,100.0,5,66.5178,72.0982,32.8125,5.5804,False,Röd varning = Nej -> SpikeGap = 40+ -> SpikeScore = 325–350 -> Spread = 70–80 -> Antal value = 1,"[{""variable"":""Röd varning"",""column"":""red_warning"",""value"":false},{""variable"":""SpikeGap"",""column"":""spike_gap_bucket"",""value"":""40+""},{""variable"":""SpikeScore"",""column"":""spike_score_bucket"",""value"":""325–350""},{""variable"":""Spread"",""column"":""spread_bucket"",""value"":""70–80""},{""variable"":""Antal value"",""column"":""value_count_bucket"",""value"":""1""}]",1,42.2687,0.0909
615,red_warning=false AND spike_gap_bucket=0–10 AND value_count_bucket=3+,red_warning=false AND value_count_bucket=3+,3,2,2,100.0,11,49.3867,57.1734,17.8876,7.7867,False,Röd varning = Nej -> SpikeGap = 0–10 -> Antal value = 3+,"[{""variable"":""Röd varning"",""column"":""red_warning"",""value"":false},{""variable"":""SpikeGap"",""column"":""spike_gap_bucket"",""value"":""0–10""},{""variable"":""Antal value"",""column"":""value_count_bucket"",""value"":""3+""}]",2,42.267,0.1667
616,red_warning=false AND spike_score_bucket=<300 AND value_count_bucket=3+,red_warning=false AND value_count_bucket=3+,3,2,2,100.0,11,49.3867,57.1734,17.8876,7.7867,False,Röd varning = Nej -> SpikeScore = <300 -> Antal value = 3+,"[{""variable"":""Röd varning"",""column"":""red_warning"",""value"":false},{""variable"":""SpikeScore"",""column"":""spike_score_bucket"",""value"":""<300""},{""variable"":""Antal value"",""column"":""value_count_bucket"",""value"":""3+""}]",2,42.267,0.1667
617,red_warning=false AND spread_bucket=80+ AND value_count_bucket=3+,red_warning=false AND value_count_bucket=3+,3,2,2,100.0,11,49.3867,57.1734,17.8876,7.7867,False,Röd varning = Nej -> Spread = 80+ -> Antal value = 3+,"[{""variable"":""Röd varning"",""column"":""red_warning"",""value"":false},{""variable"":""Spread"",""column"":""spread_bucket"",""value"":""80+""},{""variable"":""Antal value"",""column"":""value_count_bucket"",""value"":""3+""}]",2,42.267,0.1667
618,race_type=3-hästarslopp AND spread_bucket=80+ AND value_count_bucket=1,race_type=3-hästarslopp AND spread_bucket=80+,3,21,8,38.0952,56,49.5543,43.685,4.3993,-5.8693,True,Lopptyp = 3-hästarslopp -> Spread = 80+ -> Antal value = 1,"[{""variable"":""Lopptyp"",""column"":""race_type"",""value"":""3-hästarslopp""},{""variable"":""Spread"",""column"":""spread_bucket"",""value"":""80+""},{""variable"":""Antal value"",""column"":""value_count_bucket"",""value"":""1""}]",21,42.2659,0.6774
619,spike_score_bucket=350–375 AND spread_bucket=80+ AND value_count_bucket=1,spike_score_bucket=350–375 AND spread_bucket=80+,3,11,4,36.3636,28,49.6594,44.9415,5.6558,-4.7179,True,SpikeScore = 350–375 -> Spread = 80+ -> Antal value = 1,"[{""variable"":""SpikeScore"",""column"":""spike_score_bucket"",""value"":""350–375""},{""variable"":""Spread"",""column"":""spread_bucket"",""value"":""80+""},{""variable"":""Antal value"",""column"":""value_count_bucket"",""value"":""1""}]",11,42.2483,0.5238
620,score_gap_bucket=15–20 AND spike_score_bucket=350–375 AND yellow_warning=true,score_gap_bucket=15–20 AND spike_score_bucket=350–375,3,4,2,50.0,8,49.4161,49.6107,10.325,0.1946,False,ScoreGap = 15–20 -> SpikeScore = 350–375 -> Gul varning = Ja,"[{""variable"":""ScoreGap"",""column"":""score_gap_bucket"",""value"":""15–20""},{""variable"":""SpikeScore"",""column"":""spike_score_bucket"",""value"":""350–375""},{""variable"":""Gul varning"",""column"":""yellow_warning"",""value"":true}]",4,42.2357,0.2857
621,score_gap_bucket=20+ AND spike_score_bucket=325–350 AND spread_bucket=60–70,score_gap_bucket=20+ AND spike_score_bucket=325–350,3,3,1,33.3333,20,54.874,52.0643,12.7786,-2.8097,False,ScoreGap = 20+ -> SpikeScore = 325–350 -> Spread = 60–70,"[{""variable"":""ScoreGap"",""column"":""score_gap_bucket"",""value"":""20+""},{""variable"":""SpikeScore"",""column"":""spike_score_bucket"",""value"":""325–350""},{""variable"":""Spread"",""column"":""spread_bucket"",""value"":""60–70""}]",3,42.2346,0.2308
622,score_gap_bucket=10–15 AND spike_gap_bucket=40+ AND spike_score_bucket=325–350 AND yellow_warning=false,spike_gap_bucket=40+ AND spike_score_bucket=325–350 AND yellow_warning=false,4,1,1,100.0,13,69.5163,71.6937,32.408,2.1774,False,ScoreGap = 10–15 -> SpikeGap = 40+ -> SpikeScore = 325–350 -> Gul varning = Nej,"[{""variable"":""ScoreGap"",""column"":""score_gap_bucket"",""value"":""10–15""},{""variable"":""SpikeGap"",""column"":""spike_gap_bucket"",""value"":""40+""},{""variable"":""SpikeScore"",""column"":""spike_score_bucket"",""value"":""325–350""},{""variable"":""Gul varning"",""column"":""yellow_warning"",""value"":false}]",1,42.2319,0.0909
623,spike_gap_bucket=40+ AND spike_score_bucket=325–350 AND spread_bucket=60–70 AND yellow_warning=false,spike_gap_bucket=40+ AND spike_score_bucket=325–350 AND yellow_warning=false,4,1,1,100.0,13,69.5163,71.6937,32.408,2.1774,False,SpikeGap = 40+ -> SpikeScore = 325–350 -> Spread = 60–70 -> Gul varning = Nej,"[{""variable"":""SpikeGap"",""column"":""spike_gap_bucket"",""value"":""40+""},{""variable"":""SpikeScore"",""column"":""spike_score_bucket"",""value"":""325–350""},{""variable"":""Spread"",""column"":""spread_bucket"",""value"":""60–70""},{""variable"":""Gul varning"",""column"":""yellow_warning"",""value"":false}]",1,42.2319,0.0909
624,spike_gap_bucket=40+ AND value_count_bucket=1,spike_gap_bucket=40+,2,34,14,41.1765,107,46.3442,43.0904,3.8047,-3.2538,True,SpikeGap = 40+ -> Antal value = 1,"[{""variable"":""SpikeGap"",""column"":""spike_gap_bucket"",""value"":""40+""},{""variable"":""Antal value"",""column"":""value_count_bucket"",""value"":""1""}]",34,42.2257,0.7727
625,red_warning=false AND spike_score_bucket=325–350 AND spread_bucket=60–70,red_warning=false AND spike_score_bucket=325–350,3,4,2,50.0,42,49.486,49.5717,10.286,0.0857,False,Röd varning = Nej -> SpikeScore = 325–350 -> Spread = 60–70,"[{""variable"":""Röd varning"",""column"":""red_warning"",""value"":false},{""variable"":""SpikeScore"",""column"":""spike_score_bucket"",""value"":""325–350""},{""variable"":""Spread"",""column"":""spread_bucket"",""value"":""60–70""}]",4,42.2246,0.2857
626,spike_gap_bucket=40+ AND spike_score_bucket=350–375 AND value_count_bucket=1,spike_gap_bucket=40+ AND spike_score_bucket=350–375,3,9,4,44.4444,35,45.9433,45.4781,6.1924,-0.4652,True,SpikeGap = 40+ -> SpikeScore = 350–375 -> Antal value = 1,"[{""variable"":""SpikeGap"",""column"":""spike_gap_bucket"",""value"":""40+""},{""variable"":""SpikeScore"",""column"":""spike_score_bucket"",""value"":""350–375""},{""variable"":""Antal value"",""column"":""value_count_bucket"",""value"":""1""}]",9,42.2189,0.4737
627,score_gap_bucket=5–10 AND spike_gap_bucket=40+ AND spread_bucket=80+ AND yellow_warning=false,spike_gap_bucket=40+ AND spread_bucket=80+ AND yellow_warning=false,4,2,1,50.0,21,57.512,56.8291,17.5434,-0.6829,False,ScoreGap = 5–10 -> SpikeGap = 40+ -> Spread = 80+ -> Gul varning = Nej,"[{""variable"":""ScoreGap"",""column"":""score_gap_bucket"",""value"":""5–10""},{""variable"":""SpikeGap"",""column"":""spike_gap_bucket"",""value"":""40+""},{""variable"":""Spread"",""column"":""spread_bucket"",""value"":""80+""},{""variable"":""Gul varning"",""column"":""yellow_warning"",""value"":false}]",2,42.2096,0.1667
628,score_gap_bucket=20+ AND spike_gap_bucket=20–30 AND spike_score_bucket=375–400,score_gap_bucket=20+ AND spike_gap_bucket=20–30,3,5,3,60.0,16,44.3044,48.0414,8.7557,3.737,True,ScoreGap = 20+ -> SpikeGap = 20–30 -> SpikeScore = 375–400,"[{""variable"":""ScoreGap"",""column"":""score_gap_bucket"",""value"":""20+""},{""variable"":""SpikeGap"",""column"":""spike_gap_bucket"",""value"":""20–30""},{""variable"":""SpikeScore"",""column"":""spike_score_bucket"",""value"":""375–400""}]",5,42.2043,0.3333
629,score_gap_bucket=20+ AND spike_gap_bucket=10–20 AND spike_score_bucket=325–350 AND yellow_warning=false,score_gap_bucket=20+ AND spike_score_bucket=325–350 AND yellow_warning=false,4,2,1,50.0,11,57.9832,56.755,17.4693,-1.2282,False,ScoreGap = 20+ -> SpikeGap = 10–20 -> SpikeScore = 325–350 -> Gul varning = Nej,"[{""variable"":""ScoreGap"",""column"":""score_gap_bucket"",""value"":""20+""},{""variable"":""SpikeGap"",""column"":""spike_gap_bucket"",""value"":""10–20""},{""variable"":""SpikeScore"",""column"":""spike_score_bucket"",""value"":""325–350""},{""variable"":""Gul varning"",""column"":""yellow_warning"",""value"":false}]",2,42.1973,0.1667
630,score_gap_bucket=20+ AND spike_score_bucket=325–350 AND spread_bucket=70–80 AND yellow_warning=false,score_gap_bucket=20+ AND spike_score_bucket=325–350 AND yellow_warning=false,4,2,1,50.0,11,57.9832,56.755,17.4693,-1.2282,False,ScoreGap = 20+ -> SpikeScore = 325–350 -> Spread = 70–80 -> Gul varning = Nej,"[{""variable"":""ScoreGap"",""column"":""score_gap_bucket"",""value"":""20+""},{""variable"":""SpikeScore"",""column"":""spike_score_bucket"",""value"":""325–350""},{""variable"":""Spread"",""column"":""spread_bucket"",""value"":""70–80""},{""variable"":""Gul varning"",""column"":""yellow_warning"",""value"":false}]",2,42.1973,0.1667
631,spike_gap_bucket=10–20 AND spike_score_bucket=350–375 AND spread_bucket=80+,spike_score_bucket=350–375 AND spread_bucket=80+,3,3,2,66.6667,28,49.6594,51.8777,12.592,2.2183,False,SpikeGap = 10–20 -> SpikeScore = 350–375 -> Spread = 80+,"[{""variable"":""SpikeGap"",""column"":""spike_gap_bucket"",""value"":""10–20""},{""variable"":""SpikeScore"",""column"":""spike_score_bucket"",""value"":""350–375""},{""variable"":""Spread"",""column"":""spread_bucket"",""value"":""80+""}]",3,42.1916,0.2308
632,spike_score_bucket=350–375 AND spread_bucket=80+ AND value_count_bucket=2,spike_score_bucket=350–375 AND spread_bucket=80+,3,3,2,66.6667,28,49.6594,51.8777,12.592,2.2183,False,SpikeScore = 350–375 -> Spread = 80+ -> Antal value = 2,"[{""variable"":""SpikeScore"",""column"":""spike_score_bucket"",""value"":""350–375""},{""variable"":""Spread"",""column"":""spread_bucket"",""value"":""80+""},{""variable"":""Antal value"",""column"":""value_count_bucket"",""value"":""2""}]",3,42.1916,0.2308
633,score_gap_bucket=5–10 AND spike_gap_bucket=40+ AND spike_score_bucket=325–350 AND yellow_warning=true,spike_gap_bucket=40+ AND spike_score_bucket=325–350 AND yellow_warning=true,4,2,1,50.0,11,57.8722,56.6611,17.3754,-1.2111,False,ScoreGap = 5–10 -> SpikeGap = 40+ -> SpikeScore = 325–350 -> Gul varning = Ja,"[{""variable"":""ScoreGap"",""column"":""score_gap_bucket"",""value"":""5–10""},{""variable"":""SpikeGap"",""column"":""spike_gap_bucket"",""value"":""40+""},{""variable"":""SpikeScore"",""column"":""spike_score_bucket"",""value"":""325–350""},{""variable"":""Gul varning"",""column"":""yellow_warning"",""value"":true}]",2,42.1816,0.1667
634,score_gap_bucket=20+ AND spike_score_bucket=375–400 AND spread_bucket=70–80 AND yellow_warning=true,score_gap_bucket=20+ AND spread_bucket=70–80 AND yellow_warning=true,4,2,1,50.0,13,57.6859,56.6611,17.3754,-1.0248,False,ScoreGap = 20+ -> SpikeScore = 375–400 -> Spread = 70–80 -> Gul varning = Ja,"[{""variable"":""ScoreGap"",""column"":""score_gap_bucket"",""value"":""20+""},{""variable"":""SpikeScore"",""column"":""spike_score_bucket"",""value"":""375–400""},{""variable"":""Spread"",""column"":""spread_bucket"",""value"":""70–80""},{""variable"":""Gul varning"",""column"":""yellow_warning"",""value"":true}]",2,42.1816,0.1667
635,score_gap_bucket=0–5 AND spread_bucket=80+ AND yellow_warning=true,spread_bucket=80+ AND yellow_warning=true,3,6,3,50.0,49,46.0715,46.9781,7.6924,0.9066,True,ScoreGap = 0–5 -> Spread = 80+ -> Gul varning = Ja,"[{""variable"":""ScoreGap"",""column"":""score_gap_bucket"",""value"":""0–5""},{""variable"":""Spread"",""column"":""spread_bucket"",""value"":""80+""},{""variable"":""Gul varning"",""column"":""yellow_warning"",""value"":true}]",6,42.1704,0.375
636,race_type=3-hästarslopp AND score_gap_bucket=20+ AND spike_score_bucket=350–375 AND spread_bucket=80+ AND value_count_bucket=1,race_type=3-hästarslopp AND score_gap_bucket=20+ AND spike_score_bucket=350–375 AND spread_bucket=80+,5,7,2,28.5714,19,52.8104,46.2845,6.9988,-6.5259,False,Lopptyp = 3-hästarslopp -> ScoreGap = 20+ -> SpikeScore = 350–375 -> Spread = 80+ -> Antal value = 1,"[{""variable"":""Lopptyp"",""column"":""race_type"",""value"":""3-hästarslopp""},{""variable"":""ScoreGap"",""column"":""score_gap_bucket"",""value"":""20+""},{""variable"":""SpikeScore"",""column"":""spike_score_bucket"",""value"":""350–375""},{""variable"":""Spread"",""column"":""spread_bucket"",""value"":""80+""},{""variable"":""Antal value"",""column"":""value_count_bucket"",""value"":""1""}]",7,42.1676,0.4118
637,race_type=3-hästarslopp AND spike_gap_bucket=10–20 AND spike_score_bucket=350–375 AND spread_bucket=80+,race_type=3-hästarslopp AND spike_score_bucket=350–375 AND spread_bucket=80+,4,2,2,100.0,22,52.2188,56.5625,17.2768,4.3437,False,Lopptyp = 3-hästarslopp -> SpikeGap = 10–20 -> SpikeScore = 350–375 -> Spread = 80+,"[{""variable"":""Lopptyp"",""column"":""race_type"",""value"":""3-hästarslopp""},{""variable"":""SpikeGap"",""column"":""spike_gap_bucket"",""value"":""10–20""},{""variable"":""SpikeScore"",""column"":""spike_score_bucket"",""value"":""350–375""},{""variable"":""Spread"",""column"":""spread_bucket"",""value"":""80+""}]",2,42.1652,0.1667
638,spike_score_bucket=375–400 AND spread_bucket=70–80 AND value_count_bucket=1,spread_bucket=70–80 AND value_count_bucket=1,3,3,2,66.6667,15,48.7791,51.7604,12.4746,2.9813,False,SpikeScore = 375–400 -> Spread = 70–80 -> Antal value = 1,"[{""variable"":""SpikeScore"",""column"":""spike_score_bucket"",""value"":""375–400""},{""variable"":""Spread"",""column"":""spread_bucket"",""value"":""70–80""},{""variable"":""Antal value"",""column"":""value_count_bucket"",""value"":""1""}]",3,42.1645,0.2308
639,red_warning=false AND spike_gap_bucket=20–30 AND spread_bucket=80+,red_warning=false AND spread_bucket=80+,3,14,6,42.8571,88,45.1753,44.2208,4.9351,-0.9545,True,Röd varning = Nej -> SpikeGap = 20–30 -> Spread = 80+,"[{""variable"":""Röd varning"",""column"":""red_warning"",""value"":false},{""variable"":""SpikeGap"",""column"":""spike_gap_bucket"",""value"":""20–30""},{""variable"":""Spread"",""column"":""spread_bucket"",""value"":""80+""}]",14,42.1645,0.5833
640,race_type=Öppet lopp AND score_gap_bucket=20+ AND yellow_warning=true,score_gap_bucket=20+ AND yellow_warning=true,3,24,10,41.6667,57,45.3891,43.3587,4.073,-2.0304,True,Lopptyp = Öppet lopp -> ScoreGap = 20+ -> Gul varning = Ja,"[{""variable"":""Lopptyp"",""column"":""race_type"",""value"":""Öppet lopp""},{""variable"":""ScoreGap"",""column"":""score_gap_bucket"",""value"":""20+""},{""variable"":""Gul varning"",""column"":""yellow_warning"",""value"":true}]",24,42.1608,0.7059
641,score_gap_bucket=20+ AND spike_score_bucket=350–375 AND spread_bucket=70–80 AND yellow_warning=false,score_gap_bucket=20+ AND spike_score_bucket=350–375 AND yellow_warning=false,4,3,1,33.3333,19,54.6406,51.7351,12.4493,-2.9055,False,ScoreGap = 20+ -> SpikeScore = 350–375 -> Spread = 70–80 -> Gul varning = Nej,"[{""variable"":""ScoreGap"",""column"":""score_gap_bucket"",""value"":""20+""},{""variable"":""SpikeScore"",""column"":""spike_score_bucket"",""value"":""350–375""},{""variable"":""Spread"",""column"":""spread_bucket"",""value"":""70–80""},{""variable"":""Gul varning"",""column"":""yellow_warning"",""value"":false}]",3,42.1586,0.2308
642,race_type=Öppet lopp AND score_gap_bucket=20+ AND spike_gap_bucket=0–10 AND spike_score_bucket=350–375,race_type=Öppet lopp AND spike_gap_bucket=0–10 AND spike_score_bucket=350–375,4,2,1,50.0,5,59.0699,56.4785,17.1928,-2.5914,False,Lopptyp = Öppet lopp -> ScoreGap = 20+ -> SpikeGap = 0–10 -> SpikeScore = 350–375,"[{""variable"":""Lopptyp"",""column"":""race_type"",""value"":""Öppet lopp""},{""variable"":""ScoreGap"",""column"":""score_gap_bucket"",""value"":""20+""},{""variable"":""SpikeGap"",""column"":""spike_gap_bucket"",""value"":""0–10""},{""variable"":""SpikeScore"",""column"":""spike_score_bucket"",""value"":""350–375""}]",2,42.1512,0.1667
643,race_type=3-hästarslopp AND red_warning=false AND spike_gap_bucket=0–10 AND spike_score_bucket=375–400,race_type=3-hästarslopp AND red_warning=false AND spike_gap_bucket=0–10,4,2,1,50.0,8,58.0023,56.4018,17.1161,-1.6005,False,Lopptyp = 3-hästarslopp -> Röd varning = Nej -> SpikeGap = 0–10 -> SpikeScore = 375–400,"[{""variable"":""Lopptyp"",""column"":""race_type"",""value"":""3-hästarslopp""},{""variable"":""Röd varning"",""column"":""red_warning"",""value"":false},{""variable"":""SpikeGap"",""column"":""spike_gap_bucket"",""value"":""0–10""},{""variable"":""SpikeScore"",""column"":""spike_score_bucket"",""value"":""375–400""}]",2,42.1384,0.1667
644,race_type=3-hästarslopp AND spike_gap_bucket=10–20 AND spike_score_bucket=350–375,race_type=3-hästarslopp AND spike_score_bucket=350–375,3,3,2,66.6667,32,49.3486,51.6075,12.3218,2.2589,False,Lopptyp = 3-hästarslopp -> SpikeGap = 10–20 -> SpikeScore = 350–375,"[{""variable"":""Lopptyp"",""column"":""race_type"",""value"":""3-hästarslopp""},{""variable"":""SpikeGap"",""column"":""spike_gap_bucket"",""value"":""10–20""},{""variable"":""SpikeScore"",""column"":""spike_score_bucket"",""value"":""350–375""}]",3,42.1292,0.2308
645,race_type=Öppet lopp AND score_gap_bucket=20+ AND spike_score_bucket=350–375 AND spread_bucket=80+,race_type=Öppet lopp AND score_gap_bucket=20+ AND spike_score_bucket=350–375,4,5,2,40.0,15,50.3937,47.7953,8.5096,-2.5984,True,Lopptyp = Öppet lopp -> ScoreGap = 20+ -> SpikeScore = 350–375 -> Spread = 80+,"[{""variable"":""Lopptyp"",""column"":""race_type"",""value"":""Öppet lopp""},{""variable"":""ScoreGap"",""column"":""score_gap_bucket"",""value"":""20+""},{""variable"":""SpikeScore"",""column"":""spike_score_bucket"",""value"":""350–375""},{""variable"":""Spread"",""column"":""spread_bucket"",""value"":""80+""}]",5,42.1222,0.3333
646,race_type=Öppet lopp AND score_gap_bucket=20+ AND spike_score_bucket=350–375 AND value_count_bucket=1,race_type=Öppet lopp AND score_gap_bucket=20+ AND spike_score_bucket=350–375,4,5,2,40.0,15,50.3937,47.7953,8.5096,-2.5984,True,Lopptyp = Öppet lopp -> ScoreGap = 20+ -> SpikeScore = 350–375 -> Antal value = 1,"[{""variable"":""Lopptyp"",""column"":""race_type"",""value"":""Öppet lopp""},{""variable"":""ScoreGap"",""column"":""score_gap_bucket"",""value"":""20+""},{""variable"":""SpikeScore"",""column"":""spike_score_bucket"",""value"":""350–375""},{""variable"":""Antal value"",""column"":""value_count_bucket"",""value"":""1""}]",5,42.1222,0.3333
647,score_gap_bucket=20+ AND spike_gap_bucket=20–30 AND spike_score_bucket=350–375 AND yellow_warning=true,score_gap_bucket=20+ AND spike_gap_bucket=20–30 AND spike_score_bucket=350–375,4,4,2,50.0,6,48.6068,49.1641,9.8784,0.5573,False,ScoreGap = 20+ -> SpikeGap = 20–30 -> SpikeScore = 350–375 -> Gul varning = Ja,"[{""variable"":""ScoreGap"",""column"":""score_gap_bucket"",""value"":""20+""},{""variable"":""SpikeGap"",""column"":""spike_gap_bucket"",""value"":""20–30""},{""variable"":""SpikeScore"",""column"":""spike_score_bucket"",""value"":""350–375""},{""variable"":""Gul varning"",""column"":""yellow_warning"",""value"":true}]",4,42.1081,0.2857
648,score_gap_bucket=0–5 AND spike_gap_bucket=0–10 AND spread_bucket=80+ AND yellow_warning=true,spike_gap_bucket=0–10 AND spread_bucket=80+ AND yellow_warning=true,4,2,1,50.0,11,57.2664,56.1485,16.8628,-1.1179,False,ScoreGap = 0–5 -> SpikeGap = 0–10 -> Spread = 80+ -> Gul varning = Ja,"[{""variable"":""ScoreGap"",""column"":""score_gap_bucket"",""value"":""0–5""},{""variable"":""SpikeGap"",""column"":""spike_gap_bucket"",""value"":""0–10""},{""variable"":""Spread"",""column"":""spread_bucket"",""value"":""80+""},{""variable"":""Gul varning"",""column"":""yellow_warning"",""value"":true}]",2,42.0962,0.1667
649,race_type=Öppet lopp AND spike_gap_bucket=0–10 AND yellow_warning=true,spike_gap_bucket=0–10 AND yellow_warning=true,3,16,7,43.75,26,43.9318,43.851,4.5653,-0.0808,True,Lopptyp = Öppet lopp -> SpikeGap = 0–10 -> Gul varning = Ja,"[{""variable"":""Lopptyp"",""column"":""race_type"",""value"":""Öppet lopp""},{""variable"":""SpikeGap"",""column"":""spike_gap_bucket"",""value"":""0–10""},{""variable"":""Gul varning"",""column"":""yellow_warning"",""value"":true}]",16,42.0951,0.6154
650,race_type=3-hästarslopp AND spike_gap_bucket=20–30 AND spike_score_bucket=375–400,race_type=3-hästarslopp AND spike_gap_bucket=20–30,3,3,2,66.6667,11,47.2944,51.4456,12.1599,4.1512,False,Lopptyp = 3-hästarslopp -> SpikeGap = 20–30 -> SpikeScore = 375–400,"[{""variable"":""Lopptyp"",""column"":""race_type"",""value"":""3-hästarslopp""},{""variable"":""SpikeGap"",""column"":""spike_gap_bucket"",""value"":""20–30""},{""variable"":""SpikeScore"",""column"":""spike_score_bucket"",""value"":""375–400""}]",3,42.0918,0.2308
651,race_type=3-hästarslopp AND score_gap_bucket=20+ AND spike_gap_bucket=30–40,race_type=3-hästarslopp AND score_gap_bucket=20+,3,7,2,28.5714,56,52.1859,46.0636,6.7779,-6.1223,True,Lopptyp = 3-hästarslopp -> ScoreGap = 20+ -> SpikeGap = 30–40,"[{""variable"":""Lopptyp"",""column"":""race_type"",""value"":""3-hästarslopp""},{""variable"":""ScoreGap"",""column"":""score_gap_bucket"",""value"":""20+""},{""variable"":""SpikeGap"",""column"":""spike_gap_bucket"",""value"":""30–40""}]",7,42.0766,0.4118
652,race_type=3-hästarslopp AND score_gap_bucket=5–10 AND spread_bucket=80+,race_type=3-hästarslopp AND spread_bucket=80+,3,5,2,40.0,56,49.5543,47.6434,8.3577,-1.9109,True,Lopptyp = 3-hästarslopp -> ScoreGap = 5–10 -> Spread = 80+,"[{""variable"":""Lopptyp"",""column"":""race_type"",""value"":""3-hästarslopp""},{""variable"":""ScoreGap"",""column"":""score_gap_bucket"",""value"":""5–10""},{""variable"":""Spread"",""column"":""spread_bucket"",""value"":""80+""}]",5,42.0716,0.3333
653,spike_score_bucket=325–350 AND spread_bucket=70–80 AND value_count_bucket=1,spread_bucket=70–80 AND value_count_bucket=1,3,4,2,50.0,15,48.7791,49.0361,9.7504,0.257,False,SpikeScore = 325–350 -> Spread = 70–80 -> Antal value = 1,"[{""variable"":""SpikeScore"",""column"":""spike_score_bucket"",""value"":""325–350""},{""variable"":""Spread"",""column"":""spread_bucket"",""value"":""70–80""},{""variable"":""Antal value"",""column"":""value_count_bucket"",""value"":""1""}]",4,42.0715,0.2857
654,spike_score_bucket=375–400 AND spread_bucket=80+ AND value_count_bucket=3+,spike_score_bucket=375–400 AND value_count_bucket=3+,3,2,2,100.0,6,41.3306,55.9979,16.7122,14.6673,False,SpikeScore = 375–400 -> Spread = 80+ -> Antal value = 3+,"[{""variable"":""SpikeScore"",""column"":""spike_score_bucket"",""value"":""375–400""},{""variable"":""Spread"",""column"":""spread_bucket"",""value"":""80+""},{""variable"":""Antal value"",""column"":""value_count_bucket"",""value"":""3+""}]",2,42.0711,0.1667
655,race_type=3-hästarslopp AND value_count_bucket=1,race_type=3-hästarslopp,2,28,11,39.2857,77,48.3063,43.0443,3.7586,-5.262,True,Lopptyp = 3-hästarslopp -> Antal value = 1,"[{""variable"":""Lopptyp"",""column"":""race_type"",""value"":""3-hästarslopp""},{""variable"":""Antal value"",""column"":""value_count_bucket"",""value"":""1""}]",28,42.0552,0.7368
656,race_type=Öppet lopp AND spike_gap_bucket=40+ AND spike_score_bucket=350–375,spike_gap_bucket=40+ AND spike_score_bucket=350–375,3,22,9,40.9091,35,45.9433,43.3063,4.0206,-2.637,True,Lopptyp = Öppet lopp -> SpikeGap = 40+ -> SpikeScore = 350–375,"[{""variable"":""Lopptyp"",""column"":""race_type"",""value"":""Öppet lopp""},{""variable"":""SpikeGap"",""column"":""spike_gap_bucket"",""value"":""40+""},{""variable"":""SpikeScore"",""column"":""spike_score_bucket"",""value"":""350–375""}]",22,42.0499,0.6875
657,race_type=3-hästarslopp AND spike_gap_bucket=40+ AND spike_score_bucket=350–375 AND spread_bucket=70–80 AND yellow_warning=false,race_type=3-hästarslopp AND spike_gap_bucket=40+ AND spike_score_bucket=350–375 AND yellow_warning=false,5,3,1,33.3333,7,58.9209,51.2446,11.9589,-7.6763,False,Lopptyp = 3-hästarslopp -> SpikeGap = 40+ -> SpikeScore = 350–375 -> Spread = 70–80 -> Gul varning = Nej,"[{""variable"":""Lopptyp"",""column"":""race_type"",""value"":""3-hästarslopp""},{""variable"":""SpikeGap"",""column"":""spike_gap_bucket"",""value"":""40+""},{""variable"":""SpikeScore"",""column"":""spike_score_bucket"",""value"":""350–375""},{""variable"":""Spread"",""column"":""spread_bucket"",""value"":""70–80""},{""variable"":""Gul varning"",""column"":""yellow_warning"",""value"":false}]",3,42.0455,0.2308
658,race_type=3-hästarslopp AND spike_gap_bucket=40+ AND spike_score_bucket=350–375 AND spread_bucket=70–80 AND yellow_warning=true,race_type=3-hästarslopp AND spike_gap_bucket=40+ AND spread_bucket=70–80 AND yellow_warning=true,5,2,1,50.0,7,57.5022,55.835,16.5493,-1.6672,False,Lopptyp = 3-hästarslopp -> SpikeGap = 40+ -> SpikeScore = 350–375 -> Spread = 70–80 -> Gul varning = Ja,"[{""variable"":""Lopptyp"",""column"":""race_type"",""value"":""3-hästarslopp""},{""variable"":""SpikeGap"",""column"":""spike_gap_bucket"",""value"":""40+""},{""variable"":""SpikeScore"",""column"":""spike_score_bucket"",""value"":""350–375""},{""variable"":""Spread"",""column"":""spread_bucket"",""value"":""70–80""},{""variable"":""Gul varning"",""column"":""yellow_warning"",""value"":true}]",2,42.0439,0.1667
659,race_type=Öppet lopp AND spike_gap_bucket=40+ AND spike_score_bucket=375–400 AND spread_bucket=80+,race_type=Öppet lopp AND spike_gap_bucket=40+ AND spread_bucket=80+,4,6,2,33.3333,16,51.6109,46.6261,7.3404,-4.9848,True,Lopptyp = Öppet lopp -> SpikeGap = 40+ -> SpikeScore = 375–400 -> Spread = 80+,"[{""variable"":""Lopptyp"",""column"":""race_type"",""value"":""Öppet lopp""},{""variable"":""SpikeGap"",""column"":""spike_gap_bucket"",""value"":""40+""},{""variable"":""SpikeScore"",""column"":""spike_score_bucket"",""value"":""375–400""},{""variable"":""Spread"",""column"":""spread_bucket"",""value"":""80+""}]",6,42.0384,0.375
660,score_gap_bucket=20+ AND spike_gap_bucket=10–20 AND yellow_warning=true,score_gap_bucket=20+ AND yellow_warning=true,3,9,4,44.4444,57,45.3891,45.0959,5.8102,-0.2932,True,ScoreGap = 20+ -> SpikeGap = 10–20 -> Gul varning = Ja,"[{""variable"":""ScoreGap"",""column"":""score_gap_bucket"",""value"":""20+""},{""variable"":""SpikeGap"",""column"":""spike_gap_bucket"",""value"":""10–20""},{""variable"":""Gul varning"",""column"":""yellow_warning"",""value"":true}]",9,42.0379,0.4737
661,score_gap_bucket=20+ AND spike_gap_bucket=20–30 AND yellow_warning=true,score_gap_bucket=20+ AND yellow_warning=true,3,9,4,44.4444,57,45.3891,45.0959,5.8102,-0.2932,True,ScoreGap = 20+ -> SpikeGap = 20–30 -> Gul varning = Ja,"[{""variable"":""ScoreGap"",""column"":""score_gap_bucket"",""value"":""20+""},{""variable"":""SpikeGap"",""column"":""spike_gap_bucket"",""value"":""20–30""},{""variable"":""Gul varning"",""column"":""yellow_warning"",""value"":true}]",9,42.0379,0.4737
662,score_gap_bucket=20+ AND spike_score_bucket=350–375 AND spread_bucket=80+ AND value_count_bucket=2,score_gap_bucket=20+ AND spread_bucket=80+ AND value_count_bucket=2,4,2,1,50.0,9,57.0528,55.7705,16.4848,-1.2823,False,ScoreGap = 20+ -> SpikeScore = 350–375 -> Spread = 80+ -> Antal value = 2,"[{""variable"":""ScoreGap"",""column"":""score_gap_bucket"",""value"":""20+""},{""variable"":""SpikeScore"",""column"":""spike_score_bucket"",""value"":""350–375""},{""variable"":""Spread"",""column"":""spread_bucket"",""value"":""80+""},{""variable"":""Antal value"",""column"":""value_count_bucket"",""value"":""2""}]",2,42.0332,0.1667
663,race_type=Öppet lopp AND score_gap_bucket=15–20 AND spread_bucket=80+,race_type=Öppet lopp AND score_gap_bucket=15–20,3,3,2,66.6667,15,48.0726,51.1716,11.8859,3.099,False,Lopptyp = Öppet lopp -> ScoreGap = 15–20 -> Spread = 80+,"[{""variable"":""Lopptyp"",""column"":""race_type"",""value"":""Öppet lopp""},{""variable"":""ScoreGap"",""column"":""score_gap_bucket"",""value"":""15–20""},{""variable"":""Spread"",""column"":""spread_bucket"",""value"":""80+""}]",3,42.0286,0.2308
664,race_type=Öppet lopp AND score_gap_bucket=15–20 AND value_count_bucket=2,race_type=Öppet lopp AND score_gap_bucket=15–20,3,3,2,66.6667,15,48.0726,51.1716,11.8859,3.099,False,Lopptyp = Öppet lopp -> ScoreGap = 15–20 -> Antal value = 2,"[{""variable"":""Lopptyp"",""column"":""race_type"",""value"":""Öppet lopp""},{""variable"":""ScoreGap"",""column"":""score_gap_bucket"",""value"":""15–20""},{""variable"":""Antal value"",""column"":""value_count_bucket"",""value"":""2""}]",3,42.0286,0.2308
665,score_gap_bucket=15–20 AND spike_gap_bucket=40+ AND spike_score_bucket=375–400 AND yellow_warning=false,score_gap_bucket=15–20 AND spike_gap_bucket=40+ AND yellow_warning=false,4,2,1,50.0,7,57.3504,55.717,16.4313,-1.6334,False,ScoreGap = 15–20 -> SpikeGap = 40+ -> SpikeScore = 375–400 -> Gul varning = Nej,"[{""variable"":""ScoreGap"",""column"":""score_gap_bucket"",""value"":""15–20""},{""variable"":""SpikeGap"",""column"":""spike_gap_bucket"",""value"":""40+""},{""variable"":""SpikeScore"",""column"":""spike_score_bucket"",""value"":""375–400""},{""variable"":""Gul varning"",""column"":""yellow_warning"",""value"":false}]",2,42.0243,0.1667
666,spike_score_bucket=325–350 AND spread_bucket=80+ AND value_count_bucket=2,spike_score_bucket=325–350 AND spread_bucket=80+,3,2,2,100.0,14,49.3804,55.7079,16.4221,6.3274,False,SpikeScore = 325–350 -> Spread = 80+ -> Antal value = 2,"[{""variable"":""SpikeScore"",""column"":""spike_score_bucket"",""value"":""325–350""},{""variable"":""Spread"",""column"":""spread_bucket"",""value"":""80+""},{""variable"":""Antal value"",""column"":""value_count_bucket"",""value"":""2""}]",2,42.0227,0.1667
667,red_warning=true AND spike_score_bucket=400+ AND spread_bucket=80+,spike_score_bucket=400+ AND spread_bucket=80+,3,2,2,100.0,14,49.3804,55.7079,16.4221,6.3274,False,Röd varning = Ja -> SpikeScore = 400+ -> Spread = 80+,"[{""variable"":""Röd varning"",""column"":""red_warning"",""value"":true},{""variable"":""SpikeScore"",""column"":""spike_score_bucket"",""value"":""400+""},{""variable"":""Spread"",""column"":""spread_bucket"",""value"":""80+""}]",2,42.0227,0.1667
668,score_gap_bucket=20+ AND spread_bucket=<60,score_gap_bucket=20+,2,14,6,42.8571,116,44.7479,43.9694,4.6836,-0.7785,True,ScoreGap = 20+ -> Spread = <60,"[{""variable"":""ScoreGap"",""column"":""score_gap_bucket"",""value"":""20+""},{""variable"":""Spread"",""column"":""spread_bucket"",""value"":""<60""}]",14,42.0179,0.5833
669,spike_score_bucket=400+ AND value_count_bucket=2,spike_score_bucket=400+,2,4,3,75.0,19,43.2234,48.7498,9.4641,5.5264,False,SpikeScore = 400+ -> Antal value = 2,"[{""variable"":""SpikeScore"",""column"":""spike_score_bucket"",""value"":""400+""},{""variable"":""Antal value"",""column"":""value_count_bucket"",""value"":""2""}]",4,41.9897,0.2857
670,score_gap_bucket=10–15 AND spike_gap_bucket=0–10 AND yellow_warning=false,score_gap_bucket=10–15 AND spike_gap_bucket=0–10,3,3,2,66.6667,6,43.1101,50.9623,11.6766,7.8522,False,ScoreGap = 10–15 -> SpikeGap = 0–10 -> Gul varning = Nej,"[{""variable"":""ScoreGap"",""column"":""score_gap_bucket"",""value"":""10–15""},{""variable"":""SpikeGap"",""column"":""spike_gap_bucket"",""value"":""0–10""},{""variable"":""Gul varning"",""column"":""yellow_warning"",""value"":false}]",3,41.9803,0.2308
671,race_type=3-hästarslopp AND score_gap_bucket=20+ AND spike_gap_bucket=40+ AND spike_score_bucket=350–375 AND yellow_warning=true,race_type=3-hästarslopp AND score_gap_bucket=20+ AND spike_gap_bucket=40+ AND yellow_warning=true,5,2,0,0.0,15,62.7011,55.3245,16.0388,-7.3766,False,Lopptyp = 3-hästarslopp -> ScoreGap = 20+ -> SpikeGap = 40+ -> SpikeScore = 350–375 -> Gul varning = Ja,"[{""variable"":""Lopptyp"",""column"":""race_type"",""value"":""3-hästarslopp""},{""variable"":""ScoreGap"",""column"":""score_gap_bucket"",""value"":""20+""},{""variable"":""SpikeGap"",""column"":""spike_gap_bucket"",""value"":""40+""},{""variable"":""SpikeScore"",""column"":""spike_score_bucket"",""value"":""350–375""},{""variable"":""Gul varning"",""column"":""yellow_warning"",""value"":true}]",2,41.9588,0.1667
672,score_gap_bucket=15–20 AND spike_score_bucket=325–350,score_gap_bucket=15–20,2,5,3,60.0,25,44.127,47.3016,8.0159,3.1746,True,ScoreGap = 15–20 -> SpikeScore = 325–350,"[{""variable"":""ScoreGap"",""column"":""score_gap_bucket"",""value"":""15–20""},{""variable"":""SpikeScore"",""column"":""spike_score_bucket"",""value"":""325–350""}]",5,41.9577,0.3333
673,race_type=3-hästarslopp AND spike_score_bucket=375–400 AND spread_bucket=80+,race_type=3-hästarslopp AND spread_bucket=80+,3,19,7,36.8421,56,49.5543,43.3612,4.0755,-6.1931,True,Lopptyp = 3-hästarslopp -> SpikeScore = 375–400 -> Spread = 80+,"[{""variable"":""Lopptyp"",""column"":""race_type"",""value"":""3-hästarslopp""},{""variable"":""SpikeScore"",""column"":""spike_score_bucket"",""value"":""375–400""},{""variable"":""Spread"",""column"":""spread_bucket"",""value"":""80+""}]",19,41.9559,0.6552
674,score_gap_bucket=0–5 AND spike_score_bucket=325–350 AND spread_bucket=<60,score_gap_bucket=0–5 AND spike_score_bucket=325–350,3,11,5,45.4545,16,43.5592,44.3314,5.0457,0.7722,True,ScoreGap = 0–5 -> SpikeScore = 325–350 -> Spread = <60,"[{""variable"":""ScoreGap"",""column"":""score_gap_bucket"",""value"":""0–5""},{""variable"":""SpikeScore"",""column"":""spike_score_bucket"",""value"":""325–350""},{""variable"":""Spread"",""column"":""spread_bucket"",""value"":""<60""}]",11,41.9287,0.5238
675,race_type=Öppet lopp AND red_warning=false AND spike_score_bucket=350–375 AND value_count_bucket=2,race_type=Öppet lopp AND red_warning=false AND spike_score_bucket=350–375,4,4,2,50.0,31,48.2336,48.528,9.2423,0.2944,False,Lopptyp = Öppet lopp -> Röd varning = Nej -> SpikeScore = 350–375 -> Antal value = 2,"[{""variable"":""Lopptyp"",""column"":""race_type"",""value"":""Öppet lopp""},{""variable"":""Röd varning"",""column"":""red_warning"",""value"":false},{""variable"":""SpikeScore"",""column"":""spike_score_bucket"",""value"":""350–375""},{""variable"":""Antal value"",""column"":""value_count_bucket"",""value"":""2""}]",4,41.9264,0.2857
676,race_type=3-hästarslopp AND score_gap_bucket=15–20,race_type=3-hästarslopp,2,8,3,37.5,77,48.3063,45.2188,5.9331,-3.0875,True,Lopptyp = 3-hästarslopp -> ScoreGap = 15–20,"[{""variable"":""Lopptyp"",""column"":""race_type"",""value"":""3-hästarslopp""},{""variable"":""ScoreGap"",""column"":""score_gap_bucket"",""value"":""15–20""}]",8,41.9226,0.4444
677,race_type=3-hästarslopp AND score_gap_bucket=5–10,race_type=3-hästarslopp,2,8,3,37.5,77,48.3063,45.2188,5.9331,-3.0875,True,Lopptyp = 3-hästarslopp -> ScoreGap = 5–10,"[{""variable"":""Lopptyp"",""column"":""race_type"",""value"":""3-hästarslopp""},{""variable"":""ScoreGap"",""column"":""score_gap_bucket"",""value"":""5–10""}]",8,41.9226,0.4444
678,score_gap_bucket=5–10 AND spike_gap_bucket=0–10 AND spread_bucket=<60,spike_gap_bucket=0–10 AND spread_bucket=<60,3,6,3,50.0,14,44.7312,46.3118,7.0261,1.5806,True,ScoreGap = 5–10 -> SpikeGap = 0–10 -> Spread = <60,"[{""variable"":""ScoreGap"",""column"":""score_gap_bucket"",""value"":""5–10""},{""variable"":""SpikeGap"",""column"":""spike_gap_bucket"",""value"":""0–10""},{""variable"":""Spread"",""column"":""spread_bucket"",""value"":""<60""}]",6,41.9205,0.375
679,race_type=Öppet lopp AND spike_gap_bucket=30–40 AND spike_score_bucket=350–375,spike_gap_bucket=30–40 AND spike_score_bucket=350–375,3,3,2,66.6667,7,43.839,50.6873,11.4016,6.8483,False,Lopptyp = Öppet lopp -> SpikeGap = 30–40 -> SpikeScore = 350–375,"[{""variable"":""Lopptyp"",""column"":""race_type"",""value"":""Öppet lopp""},{""variable"":""SpikeGap"",""column"":""spike_gap_bucket"",""value"":""30–40""},{""variable"":""SpikeScore"",""column"":""spike_score_bucket"",""value"":""350–375""}]",3,41.9168,0.2308
680,score_gap_bucket=0–5 AND spike_score_bucket=325–350,spike_score_bucket=325–350,2,16,7,43.75,58,43.4066,43.5592,4.2735,0.1526,True,ScoreGap = 0–5 -> SpikeScore = 325–350,"[{""variable"":""ScoreGap"",""column"":""score_gap_bucket"",""value"":""0–5""},{""variable"":""SpikeScore"",""column"":""spike_score_bucket"",""value"":""325–350""}]",16,41.9156,0.6154
681,score_gap_bucket=5–10 AND spike_gap_bucket=40+ AND spread_bucket=60–70,spike_gap_bucket=40+ AND spread_bucket=60–70,3,2,2,100.0,8,43.8173,55.0538,15.7681,11.2365,False,ScoreGap = 5–10 -> SpikeGap = 40+ -> Spread = 60–70,"[{""variable"":""ScoreGap"",""column"":""score_gap_bucket"",""value"":""5–10""},{""variable"":""SpikeGap"",""column"":""spike_gap_bucket"",""value"":""40+""},{""variable"":""Spread"",""column"":""spread_bucket"",""value"":""60–70""}]",2,41.9137,0.1667
682,race_type=Öppet lopp AND score_gap_bucket=15–20 AND spike_score_bucket=325–350,race_type=Öppet lopp AND score_gap_bucket=15–20,3,4,2,50.0,15,48.0726,48.4784,9.1927,0.4058,False,Lopptyp = Öppet lopp -> ScoreGap = 15–20 -> SpikeScore = 325–350,"[{""variable"":""Lopptyp"",""column"":""race_type"",""value"":""Öppet lopp""},{""variable"":""ScoreGap"",""column"":""score_gap_bucket"",""value"":""15–20""},{""variable"":""SpikeScore"",""column"":""spike_score_bucket"",""value"":""325–350""}]",4,41.9122,0.2857
683,race_type=Öppet lopp AND score_gap_bucket=15–20 AND yellow_warning=false,race_type=Öppet lopp AND score_gap_bucket=15–20,3,4,2,50.0,15,48.0726,48.4784,9.1927,0.4058,False,Lopptyp = Öppet lopp -> ScoreGap = 15–20 -> Gul varning = Nej,"[{""variable"":""Lopptyp"",""column"":""race_type"",""value"":""Öppet lopp""},{""variable"":""ScoreGap"",""column"":""score_gap_bucket"",""value"":""15–20""},{""variable"":""Gul varning"",""column"":""yellow_warning"",""value"":false}]",4,41.9122,0.2857
684,race_type=3-hästarslopp AND spike_score_bucket=375–400 AND spread_bucket=70–80 AND yellow_warning=false,race_type=3-hästarslopp AND spread_bucket=70–80 AND yellow_warning=false,4,2,1,50.0,10,56.0519,55.0433,15.7575,-1.0087,False,Lopptyp = 3-hästarslopp -> SpikeScore = 375–400 -> Spread = 70–80 -> Gul varning = Nej,"[{""variable"":""Lopptyp"",""column"":""race_type"",""value"":""3-hästarslopp""},{""variable"":""SpikeScore"",""column"":""spike_score_bucket"",""value"":""375–400""},{""variable"":""Spread"",""column"":""spread_bucket"",""value"":""70–80""},{""variable"":""Gul varning"",""column"":""yellow_warning"",""value"":false}]",2,41.912,0.1667
685,score_gap_bucket=10–15 AND spread_bucket=80+,spread_bucket=80+,2,5,3,60.0,98,43.9467,47.1574,7.8716,3.2107,True,ScoreGap = 10–15 -> Spread = 80+,"[{""variable"":""ScoreGap"",""column"":""score_gap_bucket"",""value"":""10–15""},{""variable"":""Spread"",""column"":""spread_bucket"",""value"":""80+""}]",5,41.9096,0.3333
686,score_gap_bucket=0–5 AND spike_gap_bucket=40+ AND spike_score_bucket=325–350 AND spread_bucket=80+,spike_gap_bucket=40+ AND spike_score_bucket=325–350 AND spread_bucket=80+,4,1,1,100.0,8,64.0728,68.0647,28.779,3.9919,False,ScoreGap = 0–5 -> SpikeGap = 40+ -> SpikeScore = 325–350 -> Spread = 80+,"[{""variable"":""ScoreGap"",""column"":""score_gap_bucket"",""value"":""0–5""},{""variable"":""SpikeGap"",""column"":""spike_gap_bucket"",""value"":""40+""},{""variable"":""SpikeScore"",""column"":""spike_score_bucket"",""value"":""325–350""},{""variable"":""Spread"",""column"":""spread_bucket"",""value"":""80+""}]",1,41.902,0.0909
687,spread_bucket=70–80 AND yellow_warning=false,spread_bucket=70–80,2,17,7,41.1765,37,45.3634,43.4397,4.154,-1.9237,True,Spread = 70–80 -> Gul varning = Nej,"[{""variable"":""Spread"",""column"":""spread_bucket"",""value"":""70–80""},{""variable"":""Gul varning"",""column"":""yellow_warning"",""value"":false}]",17,41.9012,0.6296
688,race_type=Öppet lopp AND red_warning=false AND spike_score_bucket=350–375 AND value_count_bucket=1,race_type=Öppet lopp AND red_warning=false AND spike_score_bucket=350–375,4,8,3,37.5,31,48.2336,45.1669,5.8811,-3.0667,True,Lopptyp = Öppet lopp -> Röd varning = Nej -> SpikeScore = 350–375 -> Antal value = 1,"[{""variable"":""Lopptyp"",""column"":""race_type"",""value"":""Öppet lopp""},{""variable"":""Röd varning"",""column"":""red_warning"",""value"":false},{""variable"":""SpikeScore"",""column"":""spike_score_bucket"",""value"":""350–375""},{""variable"":""Antal value"",""column"":""value_count_bucket"",""value"":""1""}]",8,41.8996,0.4444
689,race_type=3-hästarslopp AND score_gap_bucket=10–15 AND spike_gap_bucket=40+,race_type=3-hästarslopp AND spike_gap_bucket=40+,3,2,1,50.0,39,55.3581,54.871,15.5853,-0.4871,False,Lopptyp = 3-hästarslopp -> ScoreGap = 10–15 -> SpikeGap = 40+,"[{""variable"":""Lopptyp"",""column"":""race_type"",""value"":""3-hästarslopp""},{""variable"":""ScoreGap"",""column"":""score_gap_bucket"",""value"":""10–15""},{""variable"":""SpikeGap"",""column"":""spike_gap_bucket"",""value"":""40+""}]",2,41.8833,0.1667
690,spike_gap_bucket=20–30 AND spread_bucket=80+ AND yellow_warning=false,spread_bucket=80+ AND yellow_warning=false,3,8,4,50.0,49,43.173,45.1236,5.8379,1.9506,True,SpikeGap = 20–30 -> Spread = 80+ -> Gul varning = Nej,"[{""variable"":""SpikeGap"",""column"":""spike_gap_bucket"",""value"":""20–30""},{""variable"":""Spread"",""column"":""spread_bucket"",""value"":""80+""},{""variable"":""Gul varning"",""column"":""yellow_warning"",""value"":false}]",8,41.8803,0.4444
691,spike_gap_bucket=10–20 AND spread_bucket=70–80 AND value_count_bucket=1,spread_bucket=70–80 AND value_count_bucket=1,3,2,2,100.0,15,48.7791,54.8051,15.5194,6.026,False,SpikeGap = 10–20 -> Spread = 70–80 -> Antal value = 1,"[{""variable"":""SpikeGap"",""column"":""spike_gap_bucket"",""value"":""10–20""},{""variable"":""Spread"",""column"":""spread_bucket"",""value"":""70–80""},{""variable"":""Antal value"",""column"":""value_count_bucket"",""value"":""1""}]",2,41.8723,0.1667
692,race_type=3-hästarslopp AND spike_gap_bucket=0–10 AND spike_score_bucket=350–375 AND value_count_bucket=1,race_type=3-hästarslopp AND spike_gap_bucket=0–10 AND spike_score_bucket=350–375,4,3,1,33.3333,6,59.0692,50.4906,11.2049,-8.5786,False,Lopptyp = 3-hästarslopp -> SpikeGap = 0–10 -> SpikeScore = 350–375 -> Antal value = 1,"[{""variable"":""Lopptyp"",""column"":""race_type"",""value"":""3-hästarslopp""},{""variable"":""SpikeGap"",""column"":""spike_gap_bucket"",""value"":""0–10""},{""variable"":""SpikeScore"",""column"":""spike_score_bucket"",""value"":""350–375""},{""variable"":""Antal value"",""column"":""value_count_bucket"",""value"":""1""}]",3,41.8715,0.2308
693,score_gap_bucket=20+ AND spike_gap_bucket=40+ AND spike_score_bucket=375–400 AND spread_bucket=70–80,score_gap_bucket=20+ AND spike_gap_bucket=40+ AND spread_bucket=70–80,4,2,1,50.0,10,55.718,54.765,15.4793,-0.953,False,ScoreGap = 20+ -> SpikeGap = 40+ -> SpikeScore = 375–400 -> Spread = 70–80,"[{""variable"":""ScoreGap"",""column"":""score_gap_bucket"",""value"":""20+""},{""variable"":""SpikeGap"",""column"":""spike_gap_bucket"",""value"":""40+""},{""variable"":""SpikeScore"",""column"":""spike_score_bucket"",""value"":""375–400""},{""variable"":""Spread"",""column"":""spread_bucket"",""value"":""70–80""}]",2,41.8656,0.1667
694,spike_score_bucket=400+,,1,19,9,47.3684,252,39.2857,43.2234,3.9377,3.9377,True,SpikeScore = 400+,"[{""variable"":""SpikeScore"",""column"":""spike_score_bucket"",""value"":""400+""}]",19,41.8656,0.6552
695,spike_gap_bucket=20–30 AND spike_score_bucket=350–375 AND spread_bucket=80+ AND yellow_warning=false,spike_score_bucket=350–375 AND spread_bucket=80+ AND yellow_warning=false,4,2,1,50.0,13,55.4843,54.7531,15.4673,-0.7312,False,SpikeGap = 20–30 -> SpikeScore = 350–375 -> Spread = 80+ -> Gul varning = Nej,"[{""variable"":""SpikeGap"",""column"":""spike_gap_bucket"",""value"":""20–30""},{""variable"":""SpikeScore"",""column"":""spike_score_bucket"",""value"":""350–375""},{""variable"":""Spread"",""column"":""spread_bucket"",""value"":""80+""},{""variable"":""Gul varning"",""column"":""yellow_warning"",""value"":false}]",2,41.8636,0.1667
696,red_warning=false AND spike_score_bucket=400+,spike_score_bucket=400+,2,16,7,43.75,19,43.2234,43.4641,4.1784,0.2407,True,Röd varning = Nej -> SpikeScore = 400+,"[{""variable"":""Röd varning"",""column"":""red_warning"",""value"":false},{""variable"":""SpikeScore"",""column"":""spike_score_bucket"",""value"":""400+""}]",16,41.857,0.6154
697,score_gap_bucket=20+ AND spike_gap_bucket=10–20 AND spread_bucket=80+ AND yellow_warning=false,score_gap_bucket=20+ AND spread_bucket=80+ AND yellow_warning=false,4,4,2,50.0,37,47.9335,48.2779,8.9922,0.3444,False,ScoreGap = 20+ -> SpikeGap = 10–20 -> Spread = 80+ -> Gul varning = Nej,"[{""variable"":""ScoreGap"",""column"":""score_gap_bucket"",""value"":""20+""},{""variable"":""SpikeGap"",""column"":""spike_gap_bucket"",""value"":""10–20""},{""variable"":""Spread"",""column"":""spread_bucket"",""value"":""80+""},{""variable"":""Gul varning"",""column"":""yellow_warning"",""value"":false}]",4,41.8549,0.2857
698,race_type=3-hästarslopp AND spike_gap_bucket=40+ AND spike_score_bucket=350–375 AND spread_bucket=80+ AND yellow_warning=true,race_type=3-hästarslopp AND spike_gap_bucket=40+ AND spike_score_bucket=350–375 AND spread_bucket=80+,5,3,1,33.3333,7,57.731,50.4117,11.126,-7.3193,False,Lopptyp = 3-hästarslopp -> SpikeGap = 40+ -> SpikeScore = 350–375 -> Spread = 80+ -> Gul varning = Ja,"[{""variable"":""Lopptyp"",""column"":""race_type"",""value"":""3-hästarslopp""},{""variable"":""SpikeGap"",""column"":""spike_gap_bucket"",""value"":""40+""},{""variable"":""SpikeScore"",""column"":""spike_score_bucket"",""value"":""350–375""},{""variable"":""Spread"",""column"":""spread_bucket"",""value"":""80+""},{""variable"":""Gul varning"",""column"":""yellow_warning"",""value"":true}]",3,41.8532,0.2308
699,race_type=Öppet lopp AND spike_score_bucket=400+ AND spread_bucket=80+,spike_score_bucket=400+ AND spread_bucket=80+,3,8,3,37.5,14,49.3804,45.0603,5.7745,-4.3201,True,Lopptyp = Öppet lopp -> SpikeScore = 400+ -> Spread = 80+,"[{""variable"":""Lopptyp"",""column"":""race_type"",""value"":""Öppet lopp""},{""variable"":""SpikeScore"",""column"":""spike_score_bucket"",""value"":""400+""},{""variable"":""Spread"",""column"":""spread_bucket"",""value"":""80+""}]",8,41.8522,0.4444
700,race_type=Öppet lopp AND score_gap_bucket=20+ AND spike_score_bucket=325–350 AND spread_bucket=80+,score_gap_bucket=20+ AND spike_score_bucket=325–350 AND spread_bucket=80+,4,1,1,100.0,7,62.8696,67.5109,28.2252,4.6413,False,Lopptyp = Öppet lopp -> ScoreGap = 20+ -> SpikeScore = 325–350 -> Spread = 80+,"[{""variable"":""Lopptyp"",""column"":""race_type"",""value"":""Öppet lopp""},{""variable"":""ScoreGap"",""column"":""score_gap_bucket"",""value"":""20+""},{""variable"":""SpikeScore"",""column"":""spike_score_bucket"",""value"":""325–350""},{""variable"":""Spread"",""column"":""spread_bucket"",""value"":""80+""}]",1,41.8516,0.0909
701,race_type=3-hästarslopp AND score_gap_bucket=15–20 AND spike_score_bucket=350–375 AND yellow_warning=false,race_type=3-hästarslopp AND spike_score_bucket=350–375 AND yellow_warning=false,4,2,1,50.0,14,55.3399,54.6724,15.3867,-0.6675,False,Lopptyp = 3-hästarslopp -> ScoreGap = 15–20 -> SpikeScore = 350–375 -> Gul varning = Nej,"[{""variable"":""Lopptyp"",""column"":""race_type"",""value"":""3-hästarslopp""},{""variable"":""ScoreGap"",""column"":""score_gap_bucket"",""value"":""15–20""},{""variable"":""SpikeScore"",""column"":""spike_score_bucket"",""value"":""350–375""},{""variable"":""Gul varning"",""column"":""yellow_warning"",""value"":false}]",2,41.8502,0.1667
702,race_type=Öppet lopp AND spike_gap_bucket=0–10 AND spread_bucket=80+,spike_gap_bucket=0–10 AND spread_bucket=80+,3,7,3,42.8571,16,46.6371,45.4867,6.201,-1.1504,True,Lopptyp = Öppet lopp -> SpikeGap = 0–10 -> Spread = 80+,"[{""variable"":""Lopptyp"",""column"":""race_type"",""value"":""Öppet lopp""},{""variable"":""SpikeGap"",""column"":""spike_gap_bucket"",""value"":""0–10""},{""variable"":""Spread"",""column"":""spread_bucket"",""value"":""80+""}]",7,41.8391,0.4118
703,score_gap_bucket=5–10 AND spike_gap_bucket=40+ AND spread_bucket=80+,spike_gap_bucket=40+ AND spread_bucket=80+,3,3,1,33.3333,41,52.8997,50.3476,11.0619,-2.5521,False,ScoreGap = 5–10 -> SpikeGap = 40+ -> Spread = 80+,"[{""variable"":""ScoreGap"",""column"":""score_gap_bucket"",""value"":""5–10""},{""variable"":""SpikeGap"",""column"":""spike_gap_bucket"",""value"":""40+""},{""variable"":""Spread"",""column"":""spread_bucket"",""value"":""80+""}]",3,41.8385,0.2308
704,race_type=Öppet lopp AND score_gap_bucket=20+ AND spike_score_bucket=325–350 AND yellow_warning=true,score_gap_bucket=20+ AND spike_score_bucket=325–350 AND yellow_warning=true,4,4,1,25.0,9,58.5338,48.2157,8.93,-10.3181,False,Lopptyp = Öppet lopp -> ScoreGap = 20+ -> SpikeScore = 325–350 -> Gul varning = Ja,"[{""variable"":""Lopptyp"",""column"":""race_type"",""value"":""Öppet lopp""},{""variable"":""ScoreGap"",""column"":""score_gap_bucket"",""value"":""20+""},{""variable"":""SpikeScore"",""column"":""spike_score_bucket"",""value"":""325–350""},{""variable"":""Gul varning"",""column"":""yellow_warning"",""value"":true}]",4,41.8371,0.2857
705,race_type=Öppet lopp AND spike_score_bucket=325–350 AND spread_bucket=80+,spike_score_bucket=325–350 AND spread_bucket=80+,3,5,2,40.0,14,49.3804,46.9119,7.6262,-2.4685,True,Lopptyp = Öppet lopp -> SpikeScore = 325–350 -> Spread = 80+,"[{""variable"":""Lopptyp"",""column"":""race_type"",""value"":""Öppet lopp""},{""variable"":""SpikeScore"",""column"":""spike_score_bucket"",""value"":""325–350""},{""variable"":""Spread"",""column"":""spread_bucket"",""value"":""80+""}]",5,41.8278,0.3333
706,spike_score_bucket=325–350 AND spread_bucket=80+ AND value_count_bucket=1,spike_score_bucket=325–350 AND spread_bucket=80+,3,5,2,40.0,14,49.3804,46.9119,7.6262,-2.4685,True,SpikeScore = 325–350 -> Spread = 80+ -> Antal value = 1,"[{""variable"":""SpikeScore"",""column"":""spike_score_bucket"",""value"":""325–350""},{""variable"":""Spread"",""column"":""spread_bucket"",""value"":""80+""},{""variable"":""Antal value"",""column"":""value_count_bucket"",""value"":""1""}]",5,41.8278,0.3333
707,race_type=Öppet lopp AND score_gap_bucket=20+ AND spike_gap_bucket=40+ AND spread_bucket=70–80 AND yellow_warning=true,race_type=Öppet lopp AND score_gap_bucket=20+ AND spread_bucket=70–80 AND yellow_warning=true,5,1,1,100.0,7,62.4958,67.1838,27.8981,4.688,False,Lopptyp = Öppet lopp -> ScoreGap = 20+ -> SpikeGap = 40+ -> Spread = 70–80 -> Gul varning = Ja,"[{""variable"":""Lopptyp"",""column"":""race_type"",""value"":""Öppet lopp""},{""variable"":""ScoreGap"",""column"":""score_gap_bucket"",""value"":""20+""},{""variable"":""SpikeGap"",""column"":""spike_gap_bucket"",""value"":""40+""},{""variable"":""Spread"",""column"":""spread_bucket"",""value"":""70–80""},{""variable"":""Gul varning"",""column"":""yellow_warning"",""value"":true}]",1,41.8219,0.0909
708,score_gap_bucket=20+ AND spike_gap_bucket=30–40 AND spike_score_bucket=325–350,score_gap_bucket=20+ AND spike_score_bucket=325–350,3,2,1,50.0,20,54.874,54.4309,15.1452,-0.4431,False,ScoreGap = 20+ -> SpikeGap = 30–40 -> SpikeScore = 325–350,"[{""variable"":""ScoreGap"",""column"":""score_gap_bucket"",""value"":""20+""},{""variable"":""SpikeGap"",""column"":""spike_gap_bucket"",""value"":""30–40""},{""variable"":""SpikeScore"",""column"":""spike_score_bucket"",""value"":""325–350""}]",2,41.8099,0.1667
709,score_gap_bucket=0–5 AND spike_gap_bucket=40+ AND spike_score_bucket=350–375 AND yellow_warning=false,spike_gap_bucket=40+ AND spike_score_bucket=350–375 AND yellow_warning=false,4,2,1,50.0,21,54.8405,54.4005,15.1147,-0.44,False,ScoreGap = 0–5 -> SpikeGap = 40+ -> SpikeScore = 350–375 -> Gul varning = Nej,"[{""variable"":""ScoreGap"",""column"":""score_gap_bucket"",""value"":""0–5""},{""variable"":""SpikeGap"",""column"":""spike_gap_bucket"",""value"":""40+""},{""variable"":""SpikeScore"",""column"":""spike_score_bucket"",""value"":""350–375""},{""variable"":""Gul varning"",""column"":""yellow_warning"",""value"":false}]",2,41.8048,0.1667
710,score_gap_bucket=10–15 AND spike_gap_bucket=40+ AND spike_score_bucket=350–375 AND yellow_warning=false,spike_gap_bucket=40+ AND spike_score_bucket=350–375 AND yellow_warning=false,4,2,1,50.0,21,54.8405,54.4005,15.1147,-0.44,False,ScoreGap = 10–15 -> SpikeGap = 40+ -> SpikeScore = 350–375 -> Gul varning = Nej,"[{""variable"":""ScoreGap"",""column"":""score_gap_bucket"",""value"":""10–15""},{""variable"":""SpikeGap"",""column"":""spike_gap_bucket"",""value"":""40+""},{""variable"":""SpikeScore"",""column"":""spike_score_bucket"",""value"":""350–375""},{""variable"":""Gul varning"",""column"":""yellow_warning"",""value"":false}]",2,41.8048,0.1667
711,score_gap_bucket=15–20 AND yellow_warning=true,score_gap_bucket=15–20,2,14,6,42.8571,25,44.127,43.6041,4.3184,-0.5229,True,ScoreGap = 15–20 -> Gul varning = Ja,"[{""variable"":""ScoreGap"",""column"":""score_gap_bucket"",""value"":""15–20""},{""variable"":""Gul varning"",""column"":""yellow_warning"",""value"":true}]",14,41.8048,0.5833
712,score_gap_bucket=15–20 AND spike_score_bucket=375–400 AND value_count_bucket=1,score_gap_bucket=15–20 AND spike_score_bucket=375–400,3,2,2,100.0,9,44.2255,54.3663,15.0806,10.1408,False,ScoreGap = 15–20 -> SpikeScore = 375–400 -> Antal value = 1,"[{""variable"":""ScoreGap"",""column"":""score_gap_bucket"",""value"":""15–20""},{""variable"":""SpikeScore"",""column"":""spike_score_bucket"",""value"":""375–400""},{""variable"":""Antal value"",""column"":""value_count_bucket"",""value"":""1""}]",2,41.7991,0.1667
713,race_type=Öppet lopp AND spike_score_bucket=325–350 AND spread_bucket=70–80 AND yellow_warning=true,race_type=Öppet lopp AND spread_bucket=70–80 AND yellow_warning=true,4,2,1,50.0,9,55.2977,54.3345,15.0488,-0.9632,False,Lopptyp = Öppet lopp -> SpikeScore = 325–350 -> Spread = 70–80 -> Gul varning = Ja,"[{""variable"":""Lopptyp"",""column"":""race_type"",""value"":""Öppet lopp""},{""variable"":""SpikeScore"",""column"":""spike_score_bucket"",""value"":""325–350""},{""variable"":""Spread"",""column"":""spread_bucket"",""value"":""70–80""},{""variable"":""Gul varning"",""column"":""yellow_warning"",""value"":true}]",2,41.7938,0.1667
714,spike_gap_bucket=40+ AND yellow_warning=true,spike_gap_bucket=40+,2,54,22,40.7407,107,46.3442,42.2552,2.9695,-4.089,True,SpikeGap = 40+ -> Gul varning = Ja,"[{""variable"":""SpikeGap"",""column"":""spike_gap_bucket"",""value"":""40+""},{""variable"":""Gul varning"",""column"":""yellow_warning"",""value"":true}]",54,41.7912,0.8438
715,race_type=Öppet lopp AND score_gap_bucket=20+ AND spike_gap_bucket=10–20,score_gap_bucket=20+ AND spike_gap_bucket=10–20,3,11,5,45.4545,17,43.107,44.0292,4.7435,0.9222,True,Lopptyp = Öppet lopp -> ScoreGap = 20+ -> SpikeGap = 10–20,"[{""variable"":""Lopptyp"",""column"":""race_type"",""value"":""Öppet lopp""},{""variable"":""ScoreGap"",""column"":""score_gap_bucket"",""value"":""20+""},{""variable"":""SpikeGap"",""column"":""spike_gap_bucket"",""value"":""10–20""}]",11,41.7704,0.5238
716,red_warning=true AND spike_gap_bucket=40+ AND spread_bucket=60–70,spike_gap_bucket=40+ AND spread_bucket=60–70,3,3,2,66.6667,8,43.8173,50.0489,10.7632,6.2316,False,Röd varning = Ja -> SpikeGap = 40+ -> Spread = 60–70,"[{""variable"":""Röd varning"",""column"":""red_warning"",""value"":true},{""variable"":""SpikeGap"",""column"":""spike_gap_bucket"",""value"":""40+""},{""variable"":""Spread"",""column"":""spread_bucket"",""value"":""60–70""}]",3,41.7695,0.2308
717,race_type=Öppet lopp AND score_gap_bucket=15–20 AND spike_gap_bucket=0–10,race_type=Öppet lopp AND score_gap_bucket=15–20,3,2,2,100.0,15,48.0726,54.1817,14.896,6.1091,False,Lopptyp = Öppet lopp -> ScoreGap = 15–20 -> SpikeGap = 0–10,"[{""variable"":""Lopptyp"",""column"":""race_type"",""value"":""Öppet lopp""},{""variable"":""ScoreGap"",""column"":""score_gap_bucket"",""value"":""15–20""},{""variable"":""SpikeGap"",""column"":""spike_gap_bucket"",""value"":""0–10""}]",2,41.7684,0.1667
718,spike_gap_bucket=20–30 AND spike_score_bucket=350–375 AND spread_bucket=80+,spike_score_bucket=350–375 AND spread_bucket=80+,3,6,2,33.3333,28,49.6594,45.8918,6.6061,-3.7676,True,SpikeGap = 20–30 -> SpikeScore = 350–375 -> Spread = 80+,"[{""variable"":""SpikeGap"",""column"":""spike_gap_bucket"",""value"":""20–30""},{""variable"":""SpikeScore"",""column"":""spike_score_bucket"",""value"":""350–375""},{""variable"":""Spread"",""column"":""spread_bucket"",""value"":""80+""}]",6,41.763,0.375
719,score_gap_bucket=10–15 AND spike_gap_bucket=40+,spike_gap_bucket=40+,2,10,4,40.0,107,46.3442,44.2295,4.9438,-2.1147,True,ScoreGap = 10–15 -> SpikeGap = 40+,"[{""variable"":""ScoreGap"",""column"":""score_gap_bucket"",""value"":""10–15""},{""variable"":""SpikeGap"",""column"":""spike_gap_bucket"",""value"":""40+""}]",10,41.7576,0.5
720,spike_gap_bucket=20–30 AND spike_score_bucket=375–400 AND value_count_bucket=0,spike_gap_bucket=20–30 AND value_count_bucket=0,3,4,3,75.0,15,40.6862,47.9102,8.6244,7.224,False,SpikeGap = 20–30 -> SpikeScore = 375–400 -> Antal value = 0,"[{""variable"":""SpikeGap"",""column"":""spike_gap_bucket"",""value"":""20–30""},{""variable"":""SpikeScore"",""column"":""spike_score_bucket"",""value"":""375–400""},{""variable"":""Antal value"",""column"":""value_count_bucket"",""value"":""0""}]",4,41.7499,0.2857
721,race_type=3-hästarslopp AND spike_gap_bucket=30–40 AND spread_bucket=80+,race_type=3-hästarslopp AND spread_bucket=80+,3,6,2,33.3333,56,49.5543,45.811,6.5253,-3.7433,True,Lopptyp = 3-hästarslopp -> SpikeGap = 30–40 -> Spread = 80+,"[{""variable"":""Lopptyp"",""column"":""race_type"",""value"":""3-hästarslopp""},{""variable"":""SpikeGap"",""column"":""spike_gap_bucket"",""value"":""30–40""},{""variable"":""Spread"",""column"":""spread_bucket"",""value"":""80+""}]",6,41.7327,0.375
722,spike_gap_bucket=0–10 AND spike_score_bucket=375–400,spike_gap_bucket=0–10,2,7,4,57.1429,43,41.0431,45.2171,5.9314,4.174,True,SpikeGap = 0–10 -> SpikeScore = 375–400,"[{""variable"":""SpikeGap"",""column"":""spike_gap_bucket"",""value"":""0–10""},{""variable"":""SpikeScore"",""column"":""spike_score_bucket"",""value"":""375–400""}]",7,41.728,0.4118
723,red_warning=false AND spike_gap_bucket=0–10 AND spike_score_bucket=325–350,red_warning=false AND spike_score_bucket=325–350,3,6,2,33.3333,42,49.486,45.7585,6.4727,-3.7275,True,Röd varning = Nej -> SpikeGap = 0–10 -> SpikeScore = 325–350,"[{""variable"":""Röd varning"",""column"":""red_warning"",""value"":false},{""variable"":""SpikeGap"",""column"":""spike_gap_bucket"",""value"":""0–10""},{""variable"":""SpikeScore"",""column"":""spike_score_bucket"",""value"":""325–350""}]",6,41.713,0.375
724,red_warning=false AND spike_gap_bucket=10–20 AND spike_score_bucket=325–350,red_warning=false AND spike_score_bucket=325–350,3,6,2,33.3333,42,49.486,45.7585,6.4727,-3.7275,True,Röd varning = Nej -> SpikeGap = 10–20 -> SpikeScore = 325–350,"[{""variable"":""Röd varning"",""column"":""red_warning"",""value"":false},{""variable"":""SpikeGap"",""column"":""spike_gap_bucket"",""value"":""10–20""},{""variable"":""SpikeScore"",""column"":""spike_score_bucket"",""value"":""325–350""}]",6,41.713,0.375
725,red_warning=true AND spike_gap_bucket=0–10 AND spread_bucket=80+,spike_gap_bucket=0–10 AND spread_bucket=80+,3,3,2,66.6667,16,46.6371,49.7997,10.5139,3.1626,False,Röd varning = Ja -> SpikeGap = 0–10 -> Spread = 80+,"[{""variable"":""Röd varning"",""column"":""red_warning"",""value"":true},{""variable"":""SpikeGap"",""column"":""spike_gap_bucket"",""value"":""0–10""},{""variable"":""Spread"",""column"":""spread_bucket"",""value"":""80+""}]",3,41.712,0.2308
726,red_warning=false AND spike_gap_bucket=30–40 AND spike_score_bucket=325–350 AND spread_bucket=80+,red_warning=false AND spike_score_bucket=325–350 AND spread_bucket=80+,4,2,1,50.0,11,54.5071,53.8137,14.528,-0.6934,False,Röd varning = Nej -> SpikeGap = 30–40 -> SpikeScore = 325–350 -> Spread = 80+,"[{""variable"":""Röd varning"",""column"":""red_warning"",""value"":false},{""variable"":""SpikeGap"",""column"":""spike_gap_bucket"",""value"":""30–40""},{""variable"":""SpikeScore"",""column"":""spike_score_bucket"",""value"":""325–350""},{""variable"":""Spread"",""column"":""spread_bucket"",""value"":""80+""}]",2,41.707,0.1667
727,race_type=3-hästarslopp AND spike_gap_bucket=40+ AND spike_score_bucket=375–400 AND value_count_bucket=1,race_type=3-hästarslopp AND spike_gap_bucket=40+ AND value_count_bucket=1,4,4,1,25.0,13,54.7625,47.7596,8.4738,-7.0029,False,Lopptyp = 3-hästarslopp -> SpikeGap = 40+ -> SpikeScore = 375–400 -> Antal value = 1,"[{""variable"":""Lopptyp"",""column"":""race_type"",""value"":""3-hästarslopp""},{""variable"":""SpikeGap"",""column"":""spike_gap_bucket"",""value"":""40+""},{""variable"":""SpikeScore"",""column"":""spike_score_bucket"",""value"":""375–400""},{""variable"":""Antal value"",""column"":""value_count_bucket"",""value"":""1""}]",4,41.7068,0.2857
728,score_gap_bucket=20+ AND spike_gap_bucket=10–20,score_gap_bucket=20+,2,17,7,41.1765,116,44.7479,43.107,3.8213,-1.6409,True,ScoreGap = 20+ -> SpikeGap = 10–20,"[{""variable"":""ScoreGap"",""column"":""score_gap_bucket"",""value"":""20+""},{""variable"":""SpikeGap"",""column"":""spike_gap_bucket"",""value"":""10–20""}]",17,41.6917,0.6296
729,race_type=3-hästarslopp AND score_gap_bucket=10–15 AND yellow_warning=false,race_type=3-hästarslopp AND yellow_warning=false,3,2,1,50.0,33,54.0778,53.7071,14.4214,-0.3707,False,Lopptyp = 3-hästarslopp -> ScoreGap = 10–15 -> Gul varning = Nej,"[{""variable"":""Lopptyp"",""column"":""race_type"",""value"":""3-hästarslopp""},{""variable"":""ScoreGap"",""column"":""score_gap_bucket"",""value"":""10–15""},{""variable"":""Gul varning"",""column"":""yellow_warning"",""value"":false}]",2,41.6893,0.1667
730,race_type=3-hästarslopp AND spike_gap_bucket=0–10 AND yellow_warning=false,race_type=3-hästarslopp AND yellow_warning=false,3,2,1,50.0,33,54.0778,53.7071,14.4214,-0.3707,False,Lopptyp = 3-hästarslopp -> SpikeGap = 0–10 -> Gul varning = Nej,"[{""variable"":""Lopptyp"",""column"":""race_type"",""value"":""3-hästarslopp""},{""variable"":""SpikeGap"",""column"":""spike_gap_bucket"",""value"":""0–10""},{""variable"":""Gul varning"",""column"":""yellow_warning"",""value"":false}]",2,41.6893,0.1667
731,red_warning=false AND spike_gap_bucket=40+ AND value_count_bucket=1,red_warning=false AND spike_gap_bucket=40+,3,24,9,37.5,93,48.9105,42.6866,3.4009,-6.2239,True,Röd varning = Nej -> SpikeGap = 40+ -> Antal value = 1,"[{""variable"":""Röd varning"",""column"":""red_warning"",""value"":false},{""variable"":""SpikeGap"",""column"":""spike_gap_bucket"",""value"":""40+""},{""variable"":""Antal value"",""column"":""value_count_bucket"",""value"":""1""}]",24,41.6863,0.7059
732,score_gap_bucket=15–20 AND spike_gap_bucket=40+ AND spike_score_bucket=325–350 AND spread_bucket=<60,spike_gap_bucket=40+ AND spike_score_bucket=325–350 AND spread_bucket=<60,4,1,1,100.0,9,61.8634,65.6771,26.3913,3.8137,False,ScoreGap = 15–20 -> SpikeGap = 40+ -> SpikeScore = 325–350 -> Spread = <60,"[{""variable"":""ScoreGap"",""column"":""score_gap_bucket"",""value"":""15–20""},{""variable"":""SpikeGap"",""column"":""spike_gap_bucket"",""value"":""40+""},{""variable"":""SpikeScore"",""column"":""spike_score_bucket"",""value"":""325–350""},{""variable"":""Spread"",""column"":""spread_bucket"",""value"":""<60""}]",1,41.6849,0.0909
733,score_gap_bucket=5–10 AND spike_gap_bucket=40+ AND spike_score_bucket=325–350 AND spread_bucket=<60,spike_gap_bucket=40+ AND spike_score_bucket=325–350 AND spread_bucket=<60,4,1,1,100.0,9,61.8634,65.6771,26.3913,3.8137,False,ScoreGap = 5–10 -> SpikeGap = 40+ -> SpikeScore = 325–350 -> Spread = <60,"[{""variable"":""ScoreGap"",""column"":""score_gap_bucket"",""value"":""5–10""},{""variable"":""SpikeGap"",""column"":""spike_gap_bucket"",""value"":""40+""},{""variable"":""SpikeScore"",""column"":""spike_score_bucket"",""value"":""325–350""},{""variable"":""Spread"",""column"":""spread_bucket"",""value"":""<60""}]",1,41.6849,0.0909
734,red_warning=false AND spike_gap_bucket=40+ AND spike_score_bucket=325–350 AND spread_bucket=<60 AND yellow_warning=true,red_warning=false AND spike_gap_bucket=40+ AND spike_score_bucket=325–350 AND spread_bucket=<60,5,2,0,0.0,7,68.998,53.6651,14.3794,-15.3329,False,Röd varning = Nej -> SpikeGap = 40+ -> SpikeScore = 325–350 -> Spread = <60 -> Gul varning = Ja,"[{""variable"":""Röd varning"",""column"":""red_warning"",""value"":false},{""variable"":""SpikeGap"",""column"":""spike_gap_bucket"",""value"":""40+""},{""variable"":""SpikeScore"",""column"":""spike_score_bucket"",""value"":""325–350""},{""variable"":""Spread"",""column"":""spread_bucket"",""value"":""<60""},{""variable"":""Gul varning"",""column"":""yellow_warning"",""value"":true}]",2,41.6823,0.1667
735,score_gap_bucket=20+ AND spike_score_bucket=300–325 AND spread_bucket=70–80,score_gap_bucket=20+ AND spread_bucket=70–80,3,2,2,100.0,23,49.0062,53.642,14.3563,4.6358,False,ScoreGap = 20+ -> SpikeScore = 300–325 -> Spread = 70–80,"[{""variable"":""ScoreGap"",""column"":""score_gap_bucket"",""value"":""20+""},{""variable"":""SpikeScore"",""column"":""spike_score_bucket"",""value"":""300–325""},{""variable"":""Spread"",""column"":""spread_bucket"",""value"":""70–80""}]",2,41.6784,0.1667
736,race_type=Öppet lopp AND red_warning=false AND value_count_bucket=3+,red_warning=false AND value_count_bucket=3+,3,5,2,40.0,11,49.3867,46.4534,7.1676,-2.9333,True,Lopptyp = Öppet lopp -> Röd varning = Nej -> Antal value = 3+,"[{""variable"":""Lopptyp"",""column"":""race_type"",""value"":""Öppet lopp""},{""variable"":""Röd varning"",""column"":""red_warning"",""value"":false},{""variable"":""Antal value"",""column"":""value_count_bucket"",""value"":""3+""}]",5,41.6749,0.3333
737,race_type=Öppet lopp AND red_warning=false AND spike_gap_bucket=0–10,red_warning=false AND spike_gap_bucket=0–10,3,19,8,42.1053,31,43.7075,42.9269,3.6412,-0.7806,True,Lopptyp = Öppet lopp -> Röd varning = Nej -> SpikeGap = 0–10,"[{""variable"":""Lopptyp"",""column"":""race_type"",""value"":""Öppet lopp""},{""variable"":""Röd varning"",""column"":""red_warning"",""value"":false},{""variable"":""SpikeGap"",""column"":""spike_gap_bucket"",""value"":""0–10""}]",19,41.6713,0.6552
738,spike_gap_bucket=40+ AND spike_score_bucket=375–400 AND spread_bucket=80+ AND value_count_bucket=2,spike_gap_bucket=40+ AND spread_bucket=80+ AND value_count_bucket=2,4,3,1,33.3333,8,55.6426,49.5583,10.2725,-6.0843,False,SpikeGap = 40+ -> SpikeScore = 375–400 -> Spread = 80+ -> Antal value = 2,"[{""variable"":""SpikeGap"",""column"":""spike_gap_bucket"",""value"":""40+""},{""variable"":""SpikeScore"",""column"":""spike_score_bucket"",""value"":""375–400""},{""variable"":""Spread"",""column"":""spread_bucket"",""value"":""80+""},{""variable"":""Antal value"",""column"":""value_count_bucket"",""value"":""2""}]",3,41.6563,0.2308
739,race_type=3-hästarslopp AND score_gap_bucket=20+ AND spike_gap_bucket=30–40 AND spread_bucket=80+,race_type=3-hästarslopp AND score_gap_bucket=20+ AND spread_bucket=80+,4,5,1,20.0,45,52.9803,46.3842,7.0985,-6.5961,True,Lopptyp = 3-hästarslopp -> ScoreGap = 20+ -> SpikeGap = 30–40 -> Spread = 80+,"[{""variable"":""Lopptyp"",""column"":""race_type"",""value"":""3-hästarslopp""},{""variable"":""ScoreGap"",""column"":""score_gap_bucket"",""value"":""20+""},{""variable"":""SpikeGap"",""column"":""spike_gap_bucket"",""value"":""30–40""},{""variable"":""Spread"",""column"":""spread_bucket"",""value"":""80+""}]",5,41.6519,0.3333
740,race_type=Öppet lopp AND score_gap_bucket=20+ AND spike_score_bucket=325–350 AND spread_bucket=70–80,score_gap_bucket=20+ AND spike_score_bucket=325–350 AND spread_bucket=70–80,4,3,1,33.3333,6,57.5954,49.508,10.2223,-8.0874,False,Lopptyp = Öppet lopp -> ScoreGap = 20+ -> SpikeScore = 325–350 -> Spread = 70–80,"[{""variable"":""Lopptyp"",""column"":""race_type"",""value"":""Öppet lopp""},{""variable"":""ScoreGap"",""column"":""score_gap_bucket"",""value"":""20+""},{""variable"":""SpikeScore"",""column"":""spike_score_bucket"",""value"":""325–350""},{""variable"":""Spread"",""column"":""spread_bucket"",""value"":""70–80""}]",3,41.6447,0.2308
741,race_type=Öppet lopp AND score_gap_bucket=20+ AND spike_score_bucket=325–350 AND value_count_bucket=1,score_gap_bucket=20+ AND spike_score_bucket=325–350 AND value_count_bucket=1,4,3,1,33.3333,6,57.5954,49.508,10.2223,-8.0874,False,Lopptyp = Öppet lopp -> ScoreGap = 20+ -> SpikeScore = 325–350 -> Antal value = 1,"[{""variable"":""Lopptyp"",""column"":""race_type"",""value"":""Öppet lopp""},{""variable"":""ScoreGap"",""column"":""score_gap_bucket"",""value"":""20+""},{""variable"":""SpikeScore"",""column"":""spike_score_bucket"",""value"":""325–350""},{""variable"":""Antal value"",""column"":""value_count_bucket"",""value"":""1""}]",3,41.6447,0.2308
742,race_type=Öppet lopp AND spike_gap_bucket=40+ AND spike_score_bucket=400+,spike_gap_bucket=40+ AND spike_score_bucket=400+,3,5,2,40.0,11,49.2543,46.3623,7.0766,-2.892,True,Lopptyp = Öppet lopp -> SpikeGap = 40+ -> SpikeScore = 400+,"[{""variable"":""Lopptyp"",""column"":""race_type"",""value"":""Öppet lopp""},{""variable"":""SpikeGap"",""column"":""spike_gap_bucket"",""value"":""40+""},{""variable"":""SpikeScore"",""column"":""spike_score_bucket"",""value"":""400+""}]",5,41.6446,0.3333
743,score_gap_bucket=10–15 AND spike_score_bucket=350–375,spike_score_bucket=350–375,2,9,4,44.4444,77,44.1826,44.2639,4.9781,0.0813,True,ScoreGap = 10–15 -> SpikeScore = 350–375,"[{""variable"":""ScoreGap"",""column"":""score_gap_bucket"",""value"":""10–15""},{""variable"":""SpikeScore"",""column"":""spike_score_bucket"",""value"":""350–375""}]",9,41.6438,0.4737
744,race_type=3-hästarslopp AND red_warning=false AND spike_score_bucket=375–400 AND yellow_warning=true,race_type=3-hästarslopp AND red_warning=false AND yellow_warning=true,4,12,4,33.3333,37,49.7705,43.6066,4.3208,-6.1639,True,Lopptyp = 3-hästarslopp -> Röd varning = Nej -> SpikeScore = 375–400 -> Gul varning = Ja,"[{""variable"":""Lopptyp"",""column"":""race_type"",""value"":""3-hästarslopp""},{""variable"":""Röd varning"",""column"":""red_warning"",""value"":false},{""variable"":""SpikeScore"",""column"":""spike_score_bucket"",""value"":""375–400""},{""variable"":""Gul varning"",""column"":""yellow_warning"",""value"":true}]",12,41.6426,0.5455
745,race_type=Öppet lopp AND spike_gap_bucket=40+ AND spread_bucket=70–80 AND yellow_warning=false,spike_gap_bucket=40+ AND spread_bucket=70–80 AND yellow_warning=false,4,2,1,50.0,9,54.0779,53.3365,14.0507,-0.7414,False,Lopptyp = Öppet lopp -> SpikeGap = 40+ -> Spread = 70–80 -> Gul varning = Nej,"[{""variable"":""Lopptyp"",""column"":""race_type"",""value"":""Öppet lopp""},{""variable"":""SpikeGap"",""column"":""spike_gap_bucket"",""value"":""40+""},{""variable"":""Spread"",""column"":""spread_bucket"",""value"":""70–80""},{""variable"":""Gul varning"",""column"":""yellow_warning"",""value"":false}]",2,41.6275,0.1667
746,red_warning=false AND spike_score_bucket=375–400 AND spread_bucket=80+ AND value_count_bucket=2,red_warning=false AND spread_bucket=80+ AND value_count_bucket=2,4,4,1,25.0,11,55.653,47.4789,8.1932,-8.1741,False,Röd varning = Nej -> SpikeScore = 375–400 -> Spread = 80+ -> Antal value = 2,"[{""variable"":""Röd varning"",""column"":""red_warning"",""value"":false},{""variable"":""SpikeScore"",""column"":""spike_score_bucket"",""value"":""375–400""},{""variable"":""Spread"",""column"":""spread_bucket"",""value"":""80+""},{""variable"":""Antal value"",""column"":""value_count_bucket"",""value"":""2""}]",4,41.6266,0.2857
747,score_gap_bucket=15–20 AND spike_score_bucket=375–400,score_gap_bucket=15–20,2,9,4,44.4444,25,44.127,44.2255,4.9398,0.0985,True,ScoreGap = 15–20 -> SpikeScore = 375–400,"[{""variable"":""ScoreGap"",""column"":""score_gap_bucket"",""value"":""15–20""},{""variable"":""SpikeScore"",""column"":""spike_score_bucket"",""value"":""375–400""}]",9,41.6256,0.4737
748,score_gap_bucket=15–20 AND value_count_bucket=1,score_gap_bucket=15–20,2,9,4,44.4444,25,44.127,44.2255,4.9398,0.0985,True,ScoreGap = 15–20 -> Antal value = 1,"[{""variable"":""ScoreGap"",""column"":""score_gap_bucket"",""value"":""15–20""},{""variable"":""Antal value"",""column"":""value_count_bucket"",""value"":""1""}]",9,41.6256,0.4737
749,race_type=3-hästarslopp AND spike_score_bucket=400+ AND value_count_bucket=1,race_type=3-hästarslopp AND spike_score_bucket=400+,3,2,1,50.0,5,54.645,53.3179,14.0321,-1.3271,False,Lopptyp = 3-hästarslopp -> SpikeScore = 400+ -> Antal value = 1,"[{""variable"":""Lopptyp"",""column"":""race_type"",""value"":""3-hästarslopp""},{""variable"":""SpikeScore"",""column"":""spike_score_bucket"",""value"":""400+""},{""variable"":""Antal value"",""column"":""value_count_bucket"",""value"":""1""}]",2,41.6244,0.1667
750,race_type=3-hästarslopp AND score_gap_bucket=20+ AND spike_score_bucket=375–400 AND spread_bucket=80+ AND yellow_warning=true,race_type=3-hästarslopp AND score_gap_bucket=20+ AND spread_bucket=80+ AND yellow_warning=true,5,9,3,33.3333,26,49.1219,44.222,4.9363,-4.8999,False,Lopptyp = 3-hästarslopp -> ScoreGap = 20+ -> SpikeScore = 375–400 -> Spread = 80+ -> Gul varning = Ja,"[{""variable"":""Lopptyp"",""column"":""race_type"",""value"":""3-hästarslopp""},{""variable"":""ScoreGap"",""column"":""score_gap_bucket"",""value"":""20+""},{""variable"":""SpikeScore"",""column"":""spike_score_bucket"",""value"":""375–400""},{""variable"":""Spread"",""column"":""spread_bucket"",""value"":""80+""},{""variable"":""Gul varning"",""column"":""yellow_warning"",""value"":true}]",9,41.624,0.4737
751,score_gap_bucket=0–5 AND spike_gap_bucket=0–10 AND spike_score_bucket=325–350 AND spread_bucket=<60 AND yellow_warning=false,score_gap_bucket=0–5 AND spike_score_bucket=325–350 AND spread_bucket=<60 AND yellow_warning=false,5,1,1,100.0,5,58.0064,65.0053,25.7196,6.9989,False,ScoreGap = 0–5 -> SpikeGap = 0–10 -> SpikeScore = 325–350 -> Spread = <60 -> Gul varning = Nej,"[{""variable"":""ScoreGap"",""column"":""score_gap_bucket"",""value"":""0–5""},{""variable"":""SpikeGap"",""column"":""spike_gap_bucket"",""value"":""0–10""},{""variable"":""SpikeScore"",""column"":""spike_score_bucket"",""value"":""325–350""},{""variable"":""Spread"",""column"":""spread_bucket"",""value"":""<60""},{""variable"":""Gul varning"",""column"":""yellow_warning"",""value"":false}]",1,41.6239,0.0909
752,race_type=3-hästarslopp AND score_gap_bucket=20+ AND spike_gap_bucket=0–10 AND spike_score_bucket=375–400,race_type=3-hästarslopp AND score_gap_bucket=20+ AND spike_gap_bucket=0–10,4,1,1,100.0,6,59.0692,64.9165,25.6307,5.8473,False,Lopptyp = 3-hästarslopp -> ScoreGap = 20+ -> SpikeGap = 0–10 -> SpikeScore = 375–400,"[{""variable"":""Lopptyp"",""column"":""race_type"",""value"":""3-hästarslopp""},{""variable"":""ScoreGap"",""column"":""score_gap_bucket"",""value"":""20+""},{""variable"":""SpikeGap"",""column"":""spike_gap_bucket"",""value"":""0–10""},{""variable"":""SpikeScore"",""column"":""spike_score_bucket"",""value"":""375–400""}]",1,41.6158,0.0909
753,score_gap_bucket=20+ AND spike_gap_bucket=20–30 AND spread_bucket=80+,score_gap_bucket=20+ AND spread_bucket=80+,3,13,5,38.4615,70,46.6106,43.4004,4.1146,-3.2102,True,ScoreGap = 20+ -> SpikeGap = 20–30 -> Spread = 80+,"[{""variable"":""ScoreGap"",""column"":""score_gap_bucket"",""value"":""20+""},{""variable"":""SpikeGap"",""column"":""spike_gap_bucket"",""value"":""20–30""},{""variable"":""Spread"",""column"":""spread_bucket"",""value"":""80+""}]",13,41.6114,0.5652
754,score_gap_bucket=20+ AND spike_gap_bucket=40+ AND spike_score_bucket=375–400 AND value_count_bucket=2,score_gap_bucket=20+ AND spike_gap_bucket=40+ AND value_count_bucket=2,4,1,1,100.0,6,58.9765,64.837,25.5513,5.8605,False,ScoreGap = 20+ -> SpikeGap = 40+ -> SpikeScore = 375–400 -> Antal value = 2,"[{""variable"":""ScoreGap"",""column"":""score_gap_bucket"",""value"":""20+""},{""variable"":""SpikeGap"",""column"":""spike_gap_bucket"",""value"":""40+""},{""variable"":""SpikeScore"",""column"":""spike_score_bucket"",""value"":""375–400""},{""variable"":""Antal value"",""column"":""value_count_bucket"",""value"":""2""}]",1,41.6086,0.0909
755,race_type=Öppet lopp AND score_gap_bucket=20+ AND spike_gap_bucket=40+ AND spike_score_bucket=350–375 AND yellow_warning=true,race_type=Öppet lopp AND score_gap_bucket=20+ AND spike_gap_bucket=40+ AND spike_score_bucket=350–375,5,3,1,33.3333,10,54.1363,49.3356,10.0499,-4.8007,False,Lopptyp = Öppet lopp -> ScoreGap = 20+ -> SpikeGap = 40+ -> SpikeScore = 350–375 -> Gul varning = Ja,"[{""variable"":""Lopptyp"",""column"":""race_type"",""value"":""Öppet lopp""},{""variable"":""ScoreGap"",""column"":""score_gap_bucket"",""value"":""20+""},{""variable"":""SpikeGap"",""column"":""spike_gap_bucket"",""value"":""40+""},{""variable"":""SpikeScore"",""column"":""spike_score_bucket"",""value"":""350–375""},{""variable"":""Gul varning"",""column"":""yellow_warning"",""value"":true}]",3,41.6049,0.2308
756,race_type=Öppet lopp AND spike_score_bucket=375–400 AND spread_bucket=80+ AND yellow_warning=true,race_type=Öppet lopp AND spread_bucket=80+ AND yellow_warning=true,4,5,2,40.0,11,49.0784,46.2414,6.9557,-2.837,True,Lopptyp = Öppet lopp -> SpikeScore = 375–400 -> Spread = 80+ -> Gul varning = Ja,"[{""variable"":""Lopptyp"",""column"":""race_type"",""value"":""Öppet lopp""},{""variable"":""SpikeScore"",""column"":""spike_score_bucket"",""value"":""375–400""},{""variable"":""Spread"",""column"":""spread_bucket"",""value"":""80+""},{""variable"":""Gul varning"",""column"":""yellow_warning"",""value"":true}]",5,41.6043,0.3333
757,score_gap_bucket=20+ AND spike_score_bucket=375–400 AND yellow_warning=false,score_gap_bucket=20+ AND yellow_warning=false,3,15,6,40.0,59,45.5058,43.1462,3.8605,-2.3596,True,ScoreGap = 20+ -> SpikeScore = 375–400 -> Gul varning = Nej,"[{""variable"":""ScoreGap"",""column"":""score_gap_bucket"",""value"":""20+""},{""variable"":""SpikeScore"",""column"":""spike_score_bucket"",""value"":""375–400""},{""variable"":""Gul varning"",""column"":""yellow_warning"",""value"":false}]",15,41.602,0.6
758,race_type=3-hästarslopp AND spike_score_bucket=350–375 AND spread_bucket=70–80 AND yellow_warning=true,spike_score_bucket=350–375 AND spread_bucket=70–80 AND yellow_warning=true,4,5,2,40.0,8,50.1298,46.2337,6.948,-3.8961,True,Lopptyp = 3-hästarslopp -> SpikeScore = 350–375 -> Spread = 70–80 -> Gul varning = Ja,"[{""variable"":""Lopptyp"",""column"":""race_type"",""value"":""3-hästarslopp""},{""variable"":""SpikeScore"",""column"":""spike_score_bucket"",""value"":""350–375""},{""variable"":""Spread"",""column"":""spread_bucket"",""value"":""70–80""},{""variable"":""Gul varning"",""column"":""yellow_warning"",""value"":true}]",5,41.6017,0.3333
759,score_gap_bucket=5–10 AND spike_gap_bucket=40+ AND spike_score_bucket=325–350 AND yellow_warning=false,spike_gap_bucket=40+ AND spike_score_bucket=325–350 AND yellow_warning=false,4,1,0,0.0,13,69.5163,64.5508,25.2651,-4.9655,False,ScoreGap = 5–10 -> SpikeGap = 40+ -> SpikeScore = 325–350 -> Gul varning = Nej,"[{""variable"":""ScoreGap"",""column"":""score_gap_bucket"",""value"":""5–10""},{""variable"":""SpikeGap"",""column"":""spike_gap_bucket"",""value"":""40+""},{""variable"":""SpikeScore"",""column"":""spike_score_bucket"",""value"":""325–350""},{""variable"":""Gul varning"",""column"":""yellow_warning"",""value"":false}]",1,41.5825,0.0909
760,race_type=Öppet lopp AND score_gap_bucket=20+ AND spike_gap_bucket=40+ AND spike_score_bucket=325–350 AND yellow_warning=true,score_gap_bucket=20+ AND spike_gap_bucket=40+ AND spike_score_bucket=325–350 AND yellow_warning=true,5,2,0,0.0,7,68.2159,53.0568,13.7711,-15.1591,False,Lopptyp = Öppet lopp -> ScoreGap = 20+ -> SpikeGap = 40+ -> SpikeScore = 325–350 -> Gul varning = Ja,"[{""variable"":""Lopptyp"",""column"":""race_type"",""value"":""Öppet lopp""},{""variable"":""ScoreGap"",""column"":""score_gap_bucket"",""value"":""20+""},{""variable"":""SpikeGap"",""column"":""spike_gap_bucket"",""value"":""40+""},{""variable"":""SpikeScore"",""column"":""spike_score_bucket"",""value"":""325–350""},{""variable"":""Gul varning"",""column"":""yellow_warning"",""value"":true}]",2,41.5809,0.1667
761,spike_gap_bucket=40+ AND spike_score_bucket=350–375 AND spread_bucket=80+ AND value_count_bucket=1,spike_gap_bucket=40+ AND spike_score_bucket=350–375 AND spread_bucket=80+,4,3,1,33.3333,11,53.4837,49.1658,9.88,-4.3179,False,SpikeGap = 40+ -> SpikeScore = 350–375 -> Spread = 80+ -> Antal value = 1,"[{""variable"":""SpikeGap"",""column"":""spike_gap_bucket"",""value"":""40+""},{""variable"":""SpikeScore"",""column"":""spike_score_bucket"",""value"":""350–375""},{""variable"":""Spread"",""column"":""spread_bucket"",""value"":""80+""},{""variable"":""Antal value"",""column"":""value_count_bucket"",""value"":""1""}]",3,41.5657,0.2308
762,score_gap_bucket=20+ AND spike_gap_bucket=20–30 AND yellow_warning=false,score_gap_bucket=20+ AND yellow_warning=false,3,7,3,42.8571,59,45.5058,44.8191,5.5334,-0.6867,True,ScoreGap = 20+ -> SpikeGap = 20–30 -> Gul varning = Nej,"[{""variable"":""ScoreGap"",""column"":""score_gap_bucket"",""value"":""20+""},{""variable"":""SpikeGap"",""column"":""spike_gap_bucket"",""value"":""20–30""},{""variable"":""Gul varning"",""column"":""yellow_warning"",""value"":false}]",7,41.5642,0.4118
763,score_gap_bucket=20+ AND spike_gap_bucket=40+ AND spread_bucket=60–70,score_gap_bucket=20+ AND spike_gap_bucket=40+,3,4,1,25.0,56,51.6695,47.2246,7.9389,-4.4449,False,ScoreGap = 20+ -> SpikeGap = 40+ -> Spread = 60–70,"[{""variable"":""ScoreGap"",""column"":""score_gap_bucket"",""value"":""20+""},{""variable"":""SpikeGap"",""column"":""spike_gap_bucket"",""value"":""40+""},{""variable"":""Spread"",""column"":""spread_bucket"",""value"":""60–70""}]",4,41.554,0.2857
764,spike_gap_bucket=10–20 AND spike_score_bucket=325–350 AND yellow_warning=false,spike_score_bucket=325–350 AND yellow_warning=false,3,3,1,33.3333,26,51.4811,49.114,9.8283,-2.3671,False,SpikeGap = 10–20 -> SpikeScore = 325–350 -> Gul varning = Nej,"[{""variable"":""SpikeGap"",""column"":""spike_gap_bucket"",""value"":""10–20""},{""variable"":""SpikeScore"",""column"":""spike_score_bucket"",""value"":""325–350""},{""variable"":""Gul varning"",""column"":""yellow_warning"",""value"":false}]",3,41.5538,0.2308
765,spike_score_bucket=<300 AND value_count_bucket=3+,value_count_bucket=3+,2,3,2,66.6667,13,45.0216,49.08,9.7943,4.0585,False,SpikeScore = <300 -> Antal value = 3+,"[{""variable"":""SpikeScore"",""column"":""spike_score_bucket"",""value"":""<300""},{""variable"":""Antal value"",""column"":""value_count_bucket"",""value"":""3+""}]",3,41.5459,0.2308
766,red_warning=false AND score_gap_bucket=0–5 AND spike_gap_bucket=0–10 AND spread_bucket=<60,red_warning=false AND spike_gap_bucket=0–10 AND spread_bucket=<60,4,2,1,50.0,7,53.6303,52.8236,13.5379,-0.8067,False,Röd varning = Nej -> ScoreGap = 0–5 -> SpikeGap = 0–10 -> Spread = <60,"[{""variable"":""Röd varning"",""column"":""red_warning"",""value"":false},{""variable"":""ScoreGap"",""column"":""score_gap_bucket"",""value"":""0–5""},{""variable"":""SpikeGap"",""column"":""spike_gap_bucket"",""value"":""0–10""},{""variable"":""Spread"",""column"":""spread_bucket"",""value"":""<60""}]",2,41.542,0.1667
767,race_type=Öppet lopp AND score_gap_bucket=15–20 AND spike_gap_bucket=30–40,race_type=Öppet lopp AND score_gap_bucket=15–20,3,5,2,40.0,15,48.0726,46.0545,6.7687,-2.0181,True,Lopptyp = Öppet lopp -> ScoreGap = 15–20 -> SpikeGap = 30–40,"[{""variable"":""Lopptyp"",""column"":""race_type"",""value"":""Öppet lopp""},{""variable"":""ScoreGap"",""column"":""score_gap_bucket"",""value"":""15–20""},{""variable"":""SpikeGap"",""column"":""spike_gap_bucket"",""value"":""30–40""}]",5,41.542,0.3333
768,score_gap_bucket=0–5 AND spike_score_bucket=350–375 AND yellow_warning=false,spike_score_bucket=350–375 AND yellow_warning=false,3,4,1,25.0,34,51.5491,47.1242,7.8385,-4.4249,False,ScoreGap = 0–5 -> SpikeScore = 350–375 -> Gul varning = Nej,"[{""variable"":""ScoreGap"",""column"":""score_gap_bucket"",""value"":""0–5""},{""variable"":""SpikeScore"",""column"":""spike_score_bucket"",""value"":""350–375""},{""variable"":""Gul varning"",""column"":""yellow_warning"",""value"":false}]",4,41.5253,0.2857
769,spike_gap_bucket=20–30 AND spread_bucket=60–70 AND value_count_bucket=0,spread_bucket=60–70 AND value_count_bucket=0,3,2,2,100.0,9,42.2074,52.7151,13.4294,10.5077,False,SpikeGap = 20–30 -> Spread = 60–70 -> Antal value = 0,"[{""variable"":""SpikeGap"",""column"":""spike_gap_bucket"",""value"":""20–30""},{""variable"":""Spread"",""column"":""spread_bucket"",""value"":""60–70""},{""variable"":""Antal value"",""column"":""value_count_bucket"",""value"":""0""}]",2,41.5239,0.1667
770,red_warning=false AND yellow_warning=true,red_warning=false,2,86,36,41.8605,204,41.4541,41.7838,2.4981,0.3297,True,Röd varning = Nej -> Gul varning = Ja,"[{""variable"":""Röd varning"",""column"":""red_warning"",""value"":false},{""variable"":""Gul varning"",""column"":""yellow_warning"",""value"":true}]",86,41.5236,0.8958
771,spike_gap_bucket=10–20 AND spread_bucket=70–80,spread_bucket=70–80,2,7,3,42.8571,37,45.3634,44.7136,5.4279,-0.6498,True,SpikeGap = 10–20 -> Spread = 70–80,"[{""variable"":""SpikeGap"",""column"":""spike_gap_bucket"",""value"":""10–20""},{""variable"":""Spread"",""column"":""spread_bucket"",""value"":""70–80""}]",7,41.5207,0.4118
772,score_gap_bucket=0–5 AND spike_gap_bucket=40+,spike_gap_bucket=40+,2,13,5,38.4615,107,46.3442,43.2389,3.9532,-3.1053,True,ScoreGap = 0–5 -> SpikeGap = 40+,"[{""variable"":""ScoreGap"",""column"":""score_gap_bucket"",""value"":""0–5""},{""variable"":""SpikeGap"",""column"":""spike_gap_bucket"",""value"":""40+""}]",13,41.5201,0.5652
773,score_gap_bucket=0–5 AND spike_gap_bucket=40+ AND spread_bucket=80+,spike_gap_bucket=40+ AND spread_bucket=80+,3,2,1,50.0,41,52.8997,52.6361,13.3504,-0.2636,False,ScoreGap = 0–5 -> SpikeGap = 40+ -> Spread = 80+,"[{""variable"":""ScoreGap"",""column"":""score_gap_bucket"",""value"":""0–5""},{""variable"":""SpikeGap"",""column"":""spike_gap_bucket"",""value"":""40+""},{""variable"":""Spread"",""column"":""spread_bucket"",""value"":""80+""}]",2,41.5108,0.1667
774,spike_gap_bucket=30–40 AND spike_score_bucket=325–350 AND yellow_warning=false,spike_score_bucket=325–350 AND yellow_warning=false,3,4,1,25.0,26,51.4811,47.0676,7.7819,-4.4135,False,SpikeGap = 30–40 -> SpikeScore = 325–350 -> Gul varning = Nej,"[{""variable"":""SpikeGap"",""column"":""spike_gap_bucket"",""value"":""30–40""},{""variable"":""SpikeScore"",""column"":""spike_score_bucket"",""value"":""325–350""},{""variable"":""Gul varning"",""column"":""yellow_warning"",""value"":false}]",4,41.5091,0.2857
775,race_type=Öppet lopp AND score_gap_bucket=20+ AND spike_score_bucket=400+ AND spread_bucket=80+,score_gap_bucket=20+ AND spike_score_bucket=400+ AND spread_bucket=80+,4,6,2,33.3333,11,51.653,45.1872,5.9015,-6.4658,True,Lopptyp = Öppet lopp -> ScoreGap = 20+ -> SpikeScore = 400+ -> Spread = 80+,"[{""variable"":""Lopptyp"",""column"":""race_type"",""value"":""Öppet lopp""},{""variable"":""ScoreGap"",""column"":""score_gap_bucket"",""value"":""20+""},{""variable"":""SpikeScore"",""column"":""spike_score_bucket"",""value"":""400+""},{""variable"":""Spread"",""column"":""spread_bucket"",""value"":""80+""}]",6,41.4988,0.375
776,score_gap_bucket=20+ AND spike_score_bucket=400+ AND spread_bucket=80+ AND yellow_warning=false,score_gap_bucket=20+ AND spike_score_bucket=400+ AND spread_bucket=80+,4,6,2,33.3333,11,51.653,45.1872,5.9015,-6.4658,True,ScoreGap = 20+ -> SpikeScore = 400+ -> Spread = 80+ -> Gul varning = Nej,"[{""variable"":""ScoreGap"",""column"":""score_gap_bucket"",""value"":""20+""},{""variable"":""SpikeScore"",""column"":""spike_score_bucket"",""value"":""400+""},{""variable"":""Spread"",""column"":""spread_bucket"",""value"":""80+""},{""variable"":""Gul varning"",""column"":""yellow_warning"",""value"":false}]",6,41.4988,0.375
777,race_type=3-hästarslopp AND score_gap_bucket=15–20 AND spike_gap_bucket=40+ AND spike_score_bucket=350–375,race_type=3-hästarslopp AND score_gap_bucket=15–20 AND spike_gap_bucket=40+,4,1,1,100.0,5,56.2865,63.5721,24.2864,7.2856,False,Lopptyp = 3-hästarslopp -> ScoreGap = 15–20 -> SpikeGap = 40+ -> SpikeScore = 350–375,"[{""variable"":""Lopptyp"",""column"":""race_type"",""value"":""3-hästarslopp""},{""variable"":""ScoreGap"",""column"":""score_gap_bucket"",""value"":""15–20""},{""variable"":""SpikeGap"",""column"":""spike_gap_bucket"",""value"":""40+""},{""variable"":""SpikeScore"",""column"":""spike_score_bucket"",""value"":""350–375""}]",1,41.4936,0.0909
778,race_type=3-hästarslopp AND spike_score_bucket=375–400,race_type=3-hästarslopp,2,24,9,37.5,77,48.3063,42.412,3.1262,-5.8943,True,Lopptyp = 3-hästarslopp -> SpikeScore = 375–400,"[{""variable"":""Lopptyp"",""column"":""race_type"",""value"":""3-hästarslopp""},{""variable"":""SpikeScore"",""column"":""spike_score_bucket"",""value"":""375–400""}]",24,41.4925,0.7059
779,race_type=3-hästarslopp AND score_gap_bucket=20+ AND spike_score_bucket=375–400 AND spread_bucket=70–80,race_type=3-hästarslopp AND score_gap_bucket=20+ AND spread_bucket=70–80,4,3,1,33.3333,11,53.0232,48.8039,9.5182,-4.2193,False,Lopptyp = 3-hästarslopp -> ScoreGap = 20+ -> SpikeScore = 375–400 -> Spread = 70–80,"[{""variable"":""Lopptyp"",""column"":""race_type"",""value"":""3-hästarslopp""},{""variable"":""ScoreGap"",""column"":""score_gap_bucket"",""value"":""20+""},{""variable"":""SpikeScore"",""column"":""spike_score_bucket"",""value"":""375–400""},{""variable"":""Spread"",""column"":""spread_bucket"",""value"":""70–80""}]",3,41.4822,0.2308
780,race_type=Öppet lopp AND spike_gap_bucket=0–10 AND spike_score_bucket=375–400,spike_gap_bucket=0–10 AND spike_score_bucket=375–400,3,4,2,50.0,7,45.2171,46.9563,7.6706,1.7392,False,Lopptyp = Öppet lopp -> SpikeGap = 0–10 -> SpikeScore = 375–400,"[{""variable"":""Lopptyp"",""column"":""race_type"",""value"":""Öppet lopp""},{""variable"":""SpikeGap"",""column"":""spike_gap_bucket"",""value"":""0–10""},{""variable"":""SpikeScore"",""column"":""spike_score_bucket"",""value"":""375–400""}]",4,41.4773,0.2857
781,spike_gap_bucket=40+ AND spike_score_bucket=300–325,spike_gap_bucket=40+,2,4,2,50.0,107,46.3442,46.9535,7.6678,0.6093,False,SpikeGap = 40+ -> SpikeScore = 300–325,"[{""variable"":""SpikeGap"",""column"":""spike_gap_bucket"",""value"":""40+""},{""variable"":""SpikeScore"",""column"":""spike_score_bucket"",""value"":""300–325""}]",4,41.4765,0.2857
782,race_type=Öppet lopp AND score_gap_bucket=20+ AND spike_score_bucket=400+,score_gap_bucket=20+ AND spike_score_bucket=400+,3,8,3,37.5,13,48.3321,44.2056,4.9199,-4.1265,True,Lopptyp = Öppet lopp -> ScoreGap = 20+ -> SpikeScore = 400+,"[{""variable"":""Lopptyp"",""column"":""race_type"",""value"":""Öppet lopp""},{""variable"":""ScoreGap"",""column"":""score_gap_bucket"",""value"":""20+""},{""variable"":""SpikeScore"",""column"":""spike_score_bucket"",""value"":""400+""}]",8,41.4723,0.4444
783,spike_score_bucket=350–375 AND value_count_bucket=3+,value_count_bucket=3+,2,2,2,100.0,13,45.0216,52.3521,13.0663,7.3305,False,SpikeScore = 350–375 -> Antal value = 3+,"[{""variable"":""SpikeScore"",""column"":""spike_score_bucket"",""value"":""350–375""},{""variable"":""Antal value"",""column"":""value_count_bucket"",""value"":""3+""}]",2,41.4634,0.1667
784,race_type=3-hästarslopp AND red_warning=false AND spike_gap_bucket=10–20,race_type=3-hästarslopp AND red_warning=false,3,8,2,25.0,70,51.8458,44.1756,4.8899,-7.6702,True,Lopptyp = 3-hästarslopp -> Röd varning = Nej -> SpikeGap = 10–20,"[{""variable"":""Lopptyp"",""column"":""race_type"",""value"":""3-hästarslopp""},{""variable"":""Röd varning"",""column"":""red_warning"",""value"":false},{""variable"":""SpikeGap"",""column"":""spike_gap_bucket"",""value"":""10–20""}]",8,41.459,0.4444
785,score_gap_bucket=0–5 AND spike_gap_bucket=0–10 AND spike_score_bucket=325–350 AND yellow_warning=false,score_gap_bucket=0–5 AND spike_score_bucket=325–350 AND yellow_warning=false,4,2,1,50.0,7,52.949,52.2937,13.008,-0.6553,False,ScoreGap = 0–5 -> SpikeGap = 0–10 -> SpikeScore = 325–350 -> Gul varning = Nej,"[{""variable"":""ScoreGap"",""column"":""score_gap_bucket"",""value"":""0–5""},{""variable"":""SpikeGap"",""column"":""spike_gap_bucket"",""value"":""0–10""},{""variable"":""SpikeScore"",""column"":""spike_score_bucket"",""value"":""325–350""},{""variable"":""Gul varning"",""column"":""yellow_warning"",""value"":false}]",2,41.4537,0.1667
786,spike_gap_bucket=40+ AND spread_bucket=60–70 AND yellow_warning=false,spike_gap_bucket=40+ AND yellow_warning=false,3,2,1,50.0,53,52.4231,52.2028,12.9171,-0.2203,False,SpikeGap = 40+ -> Spread = 60–70 -> Gul varning = Nej,"[{""variable"":""SpikeGap"",""column"":""spike_gap_bucket"",""value"":""40+""},{""variable"":""Spread"",""column"":""spread_bucket"",""value"":""60–70""},{""variable"":""Gul varning"",""column"":""yellow_warning"",""value"":false}]",2,41.4386,0.1667
787,red_warning=false AND spike_gap_bucket=40+ AND spike_score_bucket=350–375 AND value_count_bucket=1,red_warning=false AND spike_gap_bucket=40+ AND spike_score_bucket=350–375,4,6,2,33.3333,29,48.5349,45.0268,5.7411,-3.5081,True,Röd varning = Nej -> SpikeGap = 40+ -> SpikeScore = 350–375 -> Antal value = 1,"[{""variable"":""Röd varning"",""column"":""red_warning"",""value"":false},{""variable"":""SpikeGap"",""column"":""spike_gap_bucket"",""value"":""40+""},{""variable"":""SpikeScore"",""column"":""spike_score_bucket"",""value"":""350–375""},{""variable"":""Antal value"",""column"":""value_count_bucket"",""value"":""1""}]",6,41.4386,0.375
788,race_type=3-hästarslopp AND score_gap_bucket=5–10 AND spike_score_bucket=375–400,race_type=3-hästarslopp AND score_gap_bucket=5–10,3,4,2,50.0,8,45.2188,46.8125,7.5268,1.5937,False,Lopptyp = 3-hästarslopp -> ScoreGap = 5–10 -> SpikeScore = 375–400,"[{""variable"":""Lopptyp"",""column"":""race_type"",""value"":""3-hästarslopp""},{""variable"":""ScoreGap"",""column"":""score_gap_bucket"",""value"":""5–10""},{""variable"":""SpikeScore"",""column"":""spike_score_bucket"",""value"":""375–400""}]",4,41.4362,0.2857
789,score_gap_bucket=15–20 AND spread_bucket=80+ AND yellow_warning=true,spread_bucket=80+ AND yellow_warning=true,3,4,2,50.0,49,46.0715,46.7263,7.4405,0.6547,False,ScoreGap = 15–20 -> Spread = 80+ -> Gul varning = Ja,"[{""variable"":""ScoreGap"",""column"":""score_gap_bucket"",""value"":""15–20""},{""variable"":""Spread"",""column"":""spread_bucket"",""value"":""80+""},{""variable"":""Gul varning"",""column"":""yellow_warning"",""value"":true}]",4,41.4116,0.2857
790,race_type=Öppet lopp AND score_gap_bucket=20+ AND spike_gap_bucket=10–20 AND value_count_bucket=2,race_type=Öppet lopp AND score_gap_bucket=20+ AND value_count_bucket=2,4,2,1,50.0,5,52.8299,52.0214,12.7356,-0.8085,False,Lopptyp = Öppet lopp -> ScoreGap = 20+ -> SpikeGap = 10–20 -> Antal value = 2,"[{""variable"":""Lopptyp"",""column"":""race_type"",""value"":""Öppet lopp""},{""variable"":""ScoreGap"",""column"":""score_gap_bucket"",""value"":""20+""},{""variable"":""SpikeGap"",""column"":""spike_gap_bucket"",""value"":""10–20""},{""variable"":""Antal value"",""column"":""value_count_bucket"",""value"":""2""}]",2,41.4083,0.1667
791,race_type=3-hästarslopp AND spike_score_bucket=400+ AND value_count_bucket=2,race_type=3-hästarslopp AND spike_score_bucket=400+,3,1,1,100.0,5,54.645,62.2042,22.9185,7.5592,False,Lopptyp = 3-hästarslopp -> SpikeScore = 400+ -> Antal value = 2,"[{""variable"":""Lopptyp"",""column"":""race_type"",""value"":""3-hästarslopp""},{""variable"":""SpikeScore"",""column"":""spike_score_bucket"",""value"":""400+""},{""variable"":""Antal value"",""column"":""value_count_bucket"",""value"":""2""}]",1,41.3692,0.0909
792,race_type=3-hästarslopp AND spike_gap_bucket=30–40,race_type=3-hästarslopp,2,9,3,33.3333,77,48.3063,43.6595,4.3738,-4.6468,True,Lopptyp = 3-hästarslopp -> SpikeGap = 30–40,"[{""variable"":""Lopptyp"",""column"":""race_type"",""value"":""3-hästarslopp""},{""variable"":""SpikeGap"",""column"":""spike_gap_bucket"",""value"":""30–40""}]",9,41.3575,0.4737
793,red_warning=false,,1,204,85,41.6667,252,39.2857,41.4541,2.1684,2.1684,True,Röd varning = Nej,"[{""variable"":""Röd varning"",""column"":""red_warning"",""value"":false}]",204,41.3528,0.9533
794,score_gap_bucket=10–15 AND spike_gap_bucket=0–10 AND spread_bucket=<60,spike_gap_bucket=0–10 AND spread_bucket=<60,3,2,2,100.0,14,44.7312,51.6398,12.3541,6.9086,False,ScoreGap = 10–15 -> SpikeGap = 0–10 -> Spread = <60,"[{""variable"":""ScoreGap"",""column"":""score_gap_bucket"",""value"":""10–15""},{""variable"":""SpikeGap"",""column"":""spike_gap_bucket"",""value"":""0–10""},{""variable"":""Spread"",""column"":""spread_bucket"",""value"":""<60""}]",2,41.3447,0.1667
795,race_type=3-hästarslopp AND spike_gap_bucket=30–40 AND spread_bucket=70–80,race_type=3-hästarslopp AND spread_bucket=70–80,3,3,1,33.3333,21,50.3933,48.1681,8.8824,-2.2252,False,Lopptyp = 3-hästarslopp -> SpikeGap = 30–40 -> Spread = 70–80,"[{""variable"":""Lopptyp"",""column"":""race_type"",""value"":""3-hästarslopp""},{""variable"":""SpikeGap"",""column"":""spike_gap_bucket"",""value"":""30–40""},{""variable"":""Spread"",""column"":""spread_bucket"",""value"":""70–80""}]",3,41.3355,0.2308
796,spike_gap_bucket=40+ AND spike_score_bucket=375–400 AND spread_bucket=80+ AND yellow_warning=true,spike_gap_bucket=40+ AND spread_bucket=80+ AND yellow_warning=true,4,8,2,25.0,20,51.4499,43.8928,4.6071,-7.5571,True,SpikeGap = 40+ -> SpikeScore = 375–400 -> Spread = 80+ -> Gul varning = Ja,"[{""variable"":""SpikeGap"",""column"":""spike_gap_bucket"",""value"":""40+""},{""variable"":""SpikeScore"",""column"":""spike_score_bucket"",""value"":""375–400""},{""variable"":""Spread"",""column"":""spread_bucket"",""value"":""80+""},{""variable"":""Gul varning"",""column"":""yellow_warning"",""value"":true}]",8,41.3333,0.4444
797,spike_score_bucket=300–325 AND spread_bucket=70–80,spread_bucket=70–80,2,3,2,66.6667,37,45.3634,48.1421,8.8564,2.7787,False,SpikeScore = 300–325 -> Spread = 70–80,"[{""variable"":""SpikeScore"",""column"":""spike_score_bucket"",""value"":""300–325""},{""variable"":""Spread"",""column"":""spread_bucket"",""value"":""70–80""}]",3,41.3295,0.2308
798,race_type=Öppet lopp AND spike_gap_bucket=40+ AND value_count_bucket=2,spike_gap_bucket=40+ AND value_count_bucket=2,3,7,3,42.8571,14,44.9084,44.2246,4.9389,-0.6838,True,Lopptyp = Öppet lopp -> SpikeGap = 40+ -> Antal value = 2,"[{""variable"":""Lopptyp"",""column"":""race_type"",""value"":""Öppet lopp""},{""variable"":""SpikeGap"",""column"":""spike_gap_bucket"",""value"":""40+""},{""variable"":""Antal value"",""column"":""value_count_bucket"",""value"":""2""}]",7,41.3194,0.4118
799,spike_gap_bucket=40+ AND spike_score_bucket=325–350 AND value_count_bucket=2,spike_gap_bucket=40+ AND spike_score_bucket=325–350,3,1,1,100.0,24,59.7019,61.6209,22.3351,1.919,False,SpikeGap = 40+ -> SpikeScore = 325–350 -> Antal value = 2,"[{""variable"":""SpikeGap"",""column"":""spike_gap_bucket"",""value"":""40+""},{""variable"":""SpikeScore"",""column"":""spike_score_bucket"",""value"":""325–350""},{""variable"":""Antal value"",""column"":""value_count_bucket"",""value"":""2""}]",1,41.3162,0.0909
800,red_warning=false AND spike_gap_bucket=20–30 AND spread_bucket=60–70,red_warning=false AND spike_gap_bucket=20–30,3,4,3,75.0,25,40.6463,46.3719,7.0862,5.7256,False,Röd varning = Nej -> SpikeGap = 20–30 -> Spread = 60–70,"[{""variable"":""Röd varning"",""column"":""red_warning"",""value"":false},{""variable"":""SpikeGap"",""column"":""spike_gap_bucket"",""value"":""20–30""},{""variable"":""Spread"",""column"":""spread_bucket"",""value"":""60–70""}]",4,41.3103,0.2857
801,race_type=3-hästarslopp AND score_gap_bucket=15–20 AND spike_score_bucket=325–350,race_type=3-hästarslopp AND spike_score_bucket=325–350,3,1,1,100.0,12,58.3164,61.5228,22.2371,3.2064,False,Lopptyp = 3-hästarslopp -> ScoreGap = 15–20 -> SpikeScore = 325–350,"[{""variable"":""Lopptyp"",""column"":""race_type"",""value"":""3-hästarslopp""},{""variable"":""ScoreGap"",""column"":""score_gap_bucket"",""value"":""15–20""},{""variable"":""SpikeScore"",""column"":""spike_score_bucket"",""value"":""325–350""}]",1,41.3073,0.0909
802,race_type=3-hästarslopp AND spike_gap_bucket=30–40 AND spike_score_bucket=325–350,race_type=3-hästarslopp AND spike_score_bucket=325–350,3,1,1,100.0,12,58.3164,61.5228,22.2371,3.2064,False,Lopptyp = 3-hästarslopp -> SpikeGap = 30–40 -> SpikeScore = 325–350,"[{""variable"":""Lopptyp"",""column"":""race_type"",""value"":""3-hästarslopp""},{""variable"":""SpikeGap"",""column"":""spike_gap_bucket"",""value"":""30–40""},{""variable"":""SpikeScore"",""column"":""spike_score_bucket"",""value"":""325–350""}]",1,41.3073,0.0909
803,race_type=3-hästarslopp AND spike_score_bucket=325–350 AND value_count_bucket=3+,race_type=3-hästarslopp AND spike_score_bucket=325–350,3,1,1,100.0,12,58.3164,61.5228,22.2371,3.2064,False,Lopptyp = 3-hästarslopp -> SpikeScore = 325–350 -> Antal value = 3+,"[{""variable"":""Lopptyp"",""column"":""race_type"",""value"":""3-hästarslopp""},{""variable"":""SpikeScore"",""column"":""spike_score_bucket"",""value"":""325–350""},{""variable"":""Antal value"",""column"":""value_count_bucket"",""value"":""3+""}]",1,41.3073,0.0909
804,spike_score_bucket=350–375 AND spread_bucket=60–70 AND yellow_warning=false,spike_score_bucket=350–375 AND yellow_warning=false,3,2,1,50.0,34,51.5491,51.4083,12.1226,-0.1408,False,SpikeScore = 350–375 -> Spread = 60–70 -> Gul varning = Nej,"[{""variable"":""SpikeScore"",""column"":""spike_score_bucket"",""value"":""350–375""},{""variable"":""Spread"",""column"":""spread_bucket"",""value"":""60–70""},{""variable"":""Gul varning"",""column"":""yellow_warning"",""value"":false}]",2,41.3061,0.1667
805,race_type=3-hästarslopp AND score_gap_bucket=20+ AND spike_gap_bucket=20–30 AND yellow_warning=true,race_type=3-hästarslopp AND score_gap_bucket=20+ AND spike_gap_bucket=20–30,4,6,2,33.3333,10,51.4573,44.6608,5.3751,-6.7965,True,Lopptyp = 3-hästarslopp -> ScoreGap = 20+ -> SpikeGap = 20–30 -> Gul varning = Ja,"[{""variable"":""Lopptyp"",""column"":""race_type"",""value"":""3-hästarslopp""},{""variable"":""ScoreGap"",""column"":""score_gap_bucket"",""value"":""20+""},{""variable"":""SpikeGap"",""column"":""spike_gap_bucket"",""value"":""20–30""},{""variable"":""Gul varning"",""column"":""yellow_warning"",""value"":true}]",6,41.3014,0.375
806,spike_gap_bucket=40+ AND spread_bucket=60–70,spike_gap_bucket=40+,2,8,3,37.5,107,46.3442,43.8173,4.5316,-2.5269,True,SpikeGap = 40+ -> Spread = 60–70,"[{""variable"":""SpikeGap"",""column"":""spike_gap_bucket"",""value"":""40+""},{""variable"":""Spread"",""column"":""spread_bucket"",""value"":""60–70""}]",8,41.2998,0.4444
807,spike_score_bucket=325–350 AND spread_bucket=60–70 AND yellow_warning=false,spike_score_bucket=325–350 AND yellow_warning=false,3,2,1,50.0,26,51.4811,51.3465,12.0607,-0.1346,False,SpikeScore = 325–350 -> Spread = 60–70 -> Gul varning = Nej,"[{""variable"":""SpikeScore"",""column"":""spike_score_bucket"",""value"":""325–350""},{""variable"":""Spread"",""column"":""spread_bucket"",""value"":""60–70""},{""variable"":""Gul varning"",""column"":""yellow_warning"",""value"":false}]",2,41.2958,0.1667
808,score_gap_bucket=20+ AND spike_gap_bucket=10–20 AND spread_bucket=<60,score_gap_bucket=20+ AND spread_bucket=<60,3,3,2,66.6667,14,43.9694,47.9748,8.6891,4.0054,False,ScoreGap = 20+ -> SpikeGap = 10–20 -> Spread = <60,"[{""variable"":""ScoreGap"",""column"":""score_gap_bucket"",""value"":""20+""},{""variable"":""SpikeGap"",""column"":""spike_gap_bucket"",""value"":""10–20""},{""variable"":""Spread"",""column"":""spread_bucket"",""value"":""<60""}]",3,41.2909,0.2308
809,red_warning=false AND spike_gap_bucket=30–40 AND spike_score_bucket=350–375,red_warning=false AND spike_score_bucket=350–375,3,6,2,33.3333,63,47.9958,44.6122,5.3264,-3.3836,True,Röd varning = Nej -> SpikeGap = 30–40 -> SpikeScore = 350–375,"[{""variable"":""Röd varning"",""column"":""red_warning"",""value"":false},{""variable"":""SpikeGap"",""column"":""spike_gap_bucket"",""value"":""30–40""},{""variable"":""SpikeScore"",""column"":""spike_score_bucket"",""value"":""350–375""}]",6,41.2831,0.375
810,race_type=3-hästarslopp AND spike_gap_bucket=10–20 AND spread_bucket=80+,race_type=3-hästarslopp AND spread_bucket=80+,3,7,2,28.5714,56,49.5543,44.1143,4.8286,-5.44,True,Lopptyp = 3-hästarslopp -> SpikeGap = 10–20 -> Spread = 80+,"[{""variable"":""Lopptyp"",""column"":""race_type"",""value"":""3-hästarslopp""},{""variable"":""SpikeGap"",""column"":""spike_gap_bucket"",""value"":""10–20""},{""variable"":""Spread"",""column"":""spread_bucket"",""value"":""80+""}]",7,41.274,0.4118
811,red_warning=false AND spike_gap_bucket=10–20 AND spike_score_bucket=350–375,red_warning=false AND spike_score_bucket=350–375,3,9,3,33.3333,63,47.9958,43.4454,4.1597,-4.5504,True,Röd varning = Nej -> SpikeGap = 10–20 -> SpikeScore = 350–375,"[{""variable"":""Röd varning"",""column"":""red_warning"",""value"":false},{""variable"":""SpikeGap"",""column"":""spike_gap_bucket"",""value"":""10–20""},{""variable"":""SpikeScore"",""column"":""spike_score_bucket"",""value"":""350–375""}]",9,41.2561,0.4737
812,score_gap_bucket=20+ AND spike_gap_bucket=40+ AND spike_score_bucket=350–375 AND value_count_bucket=1,score_gap_bucket=20+ AND spike_gap_bucket=40+ AND spike_score_bucket=350–375,4,4,1,25.0,18,50.8787,46.1735,6.8878,-4.7052,False,ScoreGap = 20+ -> SpikeGap = 40+ -> SpikeScore = 350–375 -> Antal value = 1,"[{""variable"":""ScoreGap"",""column"":""score_gap_bucket"",""value"":""20+""},{""variable"":""SpikeGap"",""column"":""spike_gap_bucket"",""value"":""40+""},{""variable"":""SpikeScore"",""column"":""spike_score_bucket"",""value"":""350–375""},{""variable"":""Antal value"",""column"":""value_count_bucket"",""value"":""1""}]",4,41.2537,0.2857
813,red_warning=false AND spike_gap_bucket=30–40 AND spike_score_bucket=325–350,red_warning=false AND spike_score_bucket=325–350,3,7,2,28.5714,42,49.486,44.0637,4.778,-5.4223,True,Röd varning = Nej -> SpikeGap = 30–40 -> SpikeScore = 325–350,"[{""variable"":""Röd varning"",""column"":""red_warning"",""value"":false},{""variable"":""SpikeGap"",""column"":""spike_gap_bucket"",""value"":""30–40""},{""variable"":""SpikeScore"",""column"":""spike_score_bucket"",""value"":""325–350""}]",7,41.2531,0.4118
814,red_warning=false AND spike_gap_bucket=20–30 AND spread_bucket=80+ AND yellow_warning=true,red_warning=false AND spread_bucket=80+ AND yellow_warning=true,4,6,2,33.3333,39,47.8208,44.4775,5.1918,-3.3433,True,Röd varning = Nej -> SpikeGap = 20–30 -> Spread = 80+ -> Gul varning = Ja,"[{""variable"":""Röd varning"",""column"":""red_warning"",""value"":false},{""variable"":""SpikeGap"",""column"":""spike_gap_bucket"",""value"":""20–30""},{""variable"":""Spread"",""column"":""spread_bucket"",""value"":""80+""},{""variable"":""Gul varning"",""column"":""yellow_warning"",""value"":true}]",6,41.2326,0.375
815,race_type=3-hästarslopp AND red_warning=false AND spike_score_bucket=375–400 AND spread_bucket=80+ AND yellow_warning=true,race_type=3-hästarslopp AND red_warning=false AND spread_bucket=80+ AND yellow_warning=true,5,10,3,30.0,29,49.7558,43.1705,3.8848,-6.5853,False,Lopptyp = 3-hästarslopp -> Röd varning = Nej -> SpikeScore = 375–400 -> Spread = 80+ -> Gul varning = Ja,"[{""variable"":""Lopptyp"",""column"":""race_type"",""value"":""3-hästarslopp""},{""variable"":""Röd varning"",""column"":""red_warning"",""value"":false},{""variable"":""SpikeScore"",""column"":""spike_score_bucket"",""value"":""375–400""},{""variable"":""Spread"",""column"":""spread_bucket"",""value"":""80+""},{""variable"":""Gul varning"",""column"":""yellow_warning"",""value"":true}]",10,41.2281,0.5
816,spike_gap_bucket=30–40 AND spike_score_bucket=350–375 AND value_count_bucket=1,spike_gap_bucket=30–40 AND spike_score_bucket=350–375,3,4,2,50.0,7,43.839,46.0794,6.7936,2.2404,False,SpikeGap = 30–40 -> SpikeScore = 350–375 -> Antal value = 1,"[{""variable"":""SpikeGap"",""column"":""spike_gap_bucket"",""value"":""30–40""},{""variable"":""SpikeScore"",""column"":""spike_score_bucket"",""value"":""350–375""},{""variable"":""Antal value"",""column"":""value_count_bucket"",""value"":""1""}]",4,41.2268,0.2857
817,race_type=3-hästarslopp AND score_gap_bucket=15–20 AND spike_gap_bucket=40+ AND spike_score_bucket=375–400,race_type=3-hästarslopp AND score_gap_bucket=15–20 AND spike_gap_bucket=40+,4,3,1,33.3333,5,56.2865,47.6791,8.3933,-8.6074,False,Lopptyp = 3-hästarslopp -> ScoreGap = 15–20 -> SpikeGap = 40+ -> SpikeScore = 375–400,"[{""variable"":""Lopptyp"",""column"":""race_type"",""value"":""3-hästarslopp""},{""variable"":""ScoreGap"",""column"":""score_gap_bucket"",""value"":""15–20""},{""variable"":""SpikeGap"",""column"":""spike_gap_bucket"",""value"":""40+""},{""variable"":""SpikeScore"",""column"":""spike_score_bucket"",""value"":""375–400""}]",3,41.2226,0.2308
818,spike_gap_bucket=40+ AND spike_score_bucket=375–400 AND value_count_bucket=2,spike_gap_bucket=40+ AND value_count_bucket=2,3,4,2,50.0,14,44.9084,46.0399,6.7542,1.1315,False,SpikeGap = 40+ -> SpikeScore = 375–400 -> Antal value = 2,"[{""variable"":""SpikeGap"",""column"":""spike_gap_bucket"",""value"":""40+""},{""variable"":""SpikeScore"",""column"":""spike_score_bucket"",""value"":""375–400""},{""variable"":""Antal value"",""column"":""value_count_bucket"",""value"":""2""}]",4,41.2155,0.2857
819,score_gap_bucket=10–15 AND spike_score_bucket=350–375 AND value_count_bucket=1,score_gap_bucket=10–15 AND spike_score_bucket=350–375,3,4,2,50.0,9,44.2639,46.0289,6.7431,1.765,False,ScoreGap = 10–15 -> SpikeScore = 350–375 -> Antal value = 1,"[{""variable"":""ScoreGap"",""column"":""score_gap_bucket"",""value"":""10–15""},{""variable"":""SpikeScore"",""column"":""spike_score_bucket"",""value"":""350–375""},{""variable"":""Antal value"",""column"":""value_count_bucket"",""value"":""1""}]",4,41.2123,0.2857
820,score_gap_bucket=5–10 AND spike_gap_bucket=0–10,spike_gap_bucket=0–10,2,8,4,50.0,43,41.0431,43.6022,4.3165,2.5591,True,ScoreGap = 5–10 -> SpikeGap = 0–10,"[{""variable"":""ScoreGap"",""column"":""score_gap_bucket"",""value"":""5–10""},{""variable"":""SpikeGap"",""column"":""spike_gap_bucket"",""value"":""0–10""}]",8,41.2042,0.4444
821,spike_gap_bucket=0–10 AND spread_bucket=70–80 AND yellow_warning=true,spread_bucket=70–80 AND yellow_warning=true,3,4,1,25.0,20,50.1817,45.9847,6.699,-4.197,False,SpikeGap = 0–10 -> Spread = 70–80 -> Gul varning = Ja,"[{""variable"":""SpikeGap"",""column"":""spike_gap_bucket"",""value"":""0–10""},{""variable"":""Spread"",""column"":""spread_bucket"",""value"":""70–80""},{""variable"":""Gul varning"",""column"":""yellow_warning"",""value"":true}]",4,41.1997,0.2857
822,race_type=Öppet lopp AND score_gap_bucket=15–20 AND spike_score_bucket=350–375 AND value_count_bucket=1,race_type=Öppet lopp AND score_gap_bucket=15–20 AND value_count_bucket=1,4,2,1,50.0,7,50.9586,50.7456,11.4599,-0.213,False,Lopptyp = Öppet lopp -> ScoreGap = 15–20 -> SpikeScore = 350–375 -> Antal value = 1,"[{""variable"":""Lopptyp"",""column"":""race_type"",""value"":""Öppet lopp""},{""variable"":""ScoreGap"",""column"":""score_gap_bucket"",""value"":""15–20""},{""variable"":""SpikeScore"",""column"":""spike_score_bucket"",""value"":""350–375""},{""variable"":""Antal value"",""column"":""value_count_bucket"",""value"":""1""}]",2,41.1957,0.1667
823,race_type=3-hästarslopp AND score_gap_bucket=15–20 AND spike_score_bucket=375–400 AND spread_bucket=70–80,race_type=3-hästarslopp AND score_gap_bucket=15–20 AND spread_bucket=70–80,4,1,1,100.0,5,52.3146,60.2622,20.9765,7.9476,False,Lopptyp = 3-hästarslopp -> ScoreGap = 15–20 -> SpikeScore = 375–400 -> Spread = 70–80,"[{""variable"":""Lopptyp"",""column"":""race_type"",""value"":""3-hästarslopp""},{""variable"":""ScoreGap"",""column"":""score_gap_bucket"",""value"":""15–20""},{""variable"":""SpikeScore"",""column"":""spike_score_bucket"",""value"":""375–400""},{""variable"":""Spread"",""column"":""spread_bucket"",""value"":""70–80""}]",1,41.1927,0.0909
824,spike_gap_bucket=40+ AND spike_score_bucket=350–375 AND spread_bucket=80+ AND yellow_warning=true,spike_gap_bucket=40+ AND spike_score_bucket=350–375 AND spread_bucket=80+,4,4,1,25.0,11,53.4837,45.888,6.6023,-7.5957,False,SpikeGap = 40+ -> SpikeScore = 350–375 -> Spread = 80+ -> Gul varning = Ja,"[{""variable"":""SpikeGap"",""column"":""spike_gap_bucket"",""value"":""40+""},{""variable"":""SpikeScore"",""column"":""spike_score_bucket"",""value"":""350–375""},{""variable"":""Spread"",""column"":""spread_bucket"",""value"":""80+""},{""variable"":""Gul varning"",""column"":""yellow_warning"",""value"":true}]",4,41.1721,0.2857
825,score_gap_bucket=20+ AND spike_gap_bucket=20–30 AND value_count_bucket=1,score_gap_bucket=20+ AND spike_gap_bucket=20–30,3,7,3,42.8571,16,44.3044,43.8639,4.5782,-0.4405,True,ScoreGap = 20+ -> SpikeGap = 20–30 -> Antal value = 1,"[{""variable"":""ScoreGap"",""column"":""score_gap_bucket"",""value"":""20+""},{""variable"":""SpikeGap"",""column"":""spike_gap_bucket"",""value"":""20–30""},{""variable"":""Antal value"",""column"":""value_count_bucket"",""value"":""1""}]",7,41.1708,0.4118
826,race_type=Öppet lopp AND spike_gap_bucket=40+ AND spread_bucket=60–70,spike_gap_bucket=40+ AND spread_bucket=60–70,3,4,2,50.0,8,43.8173,45.8782,6.5925,2.0609,False,Lopptyp = Öppet lopp -> SpikeGap = 40+ -> Spread = 60–70,"[{""variable"":""Lopptyp"",""column"":""race_type"",""value"":""Öppet lopp""},{""variable"":""SpikeGap"",""column"":""spike_gap_bucket"",""value"":""40+""},{""variable"":""Spread"",""column"":""spread_bucket"",""value"":""60–70""}]",4,41.1693,0.2857
827,spike_gap_bucket=30–40 AND spike_score_bucket=350–375,spike_score_bucket=350–375,2,7,3,42.8571,77,44.1826,43.839,4.5532,-0.3436,True,SpikeGap = 30–40 -> SpikeScore = 350–375,"[{""variable"":""SpikeGap"",""column"":""spike_gap_bucket"",""value"":""30–40""},{""variable"":""SpikeScore"",""column"":""spike_score_bucket"",""value"":""350–375""}]",7,41.1606,0.4118
828,score_gap_bucket=15–20 AND spike_gap_bucket=40+ AND yellow_warning=true,score_gap_bucket=15–20 AND spike_gap_bucket=40+,3,6,2,33.3333,13,49.2995,44.2576,4.9718,-5.0419,True,ScoreGap = 15–20 -> SpikeGap = 40+ -> Gul varning = Ja,"[{""variable"":""ScoreGap"",""column"":""score_gap_bucket"",""value"":""15–20""},{""variable"":""SpikeGap"",""column"":""spike_gap_bucket"",""value"":""40+""},{""variable"":""Gul varning"",""column"":""yellow_warning"",""value"":true}]",6,41.1502,0.375
829,race_type=3-hästarslopp AND score_gap_bucket=10–15 AND spread_bucket=70–80,race_type=3-hästarslopp AND score_gap_bucket=10–15,3,2,1,50.0,5,50.645,50.4607,11.175,-0.1843,False,Lopptyp = 3-hästarslopp -> ScoreGap = 10–15 -> Spread = 70–80,"[{""variable"":""Lopptyp"",""column"":""race_type"",""value"":""3-hästarslopp""},{""variable"":""ScoreGap"",""column"":""score_gap_bucket"",""value"":""10–15""},{""variable"":""Spread"",""column"":""spread_bucket"",""value"":""70–80""}]",2,41.1482,0.1667
830,race_type=Öppet lopp AND spike_gap_bucket=40+ AND spike_score_bucket=375–400 AND yellow_warning=false,race_type=Öppet lopp AND spike_gap_bucket=40+ AND yellow_warning=false,4,8,2,25.0,36,50.8654,43.4753,4.1896,-7.3901,True,Lopptyp = Öppet lopp -> SpikeGap = 40+ -> SpikeScore = 375–400 -> Gul varning = Nej,"[{""variable"":""Lopptyp"",""column"":""race_type"",""value"":""Öppet lopp""},{""variable"":""SpikeGap"",""column"":""spike_gap_bucket"",""value"":""40+""},{""variable"":""SpikeScore"",""column"":""spike_score_bucket"",""value"":""375–400""},{""variable"":""Gul varning"",""column"":""yellow_warning"",""value"":false}]",8,41.1478,0.4444
831,red_warning=false AND spike_score_bucket=350–375 AND spread_bucket=<60 AND yellow_warning=true,red_warning=false AND spike_score_bucket=350–375 AND spread_bucket=<60,4,6,2,33.3333,19,47.6902,44.2446,4.9588,-3.4456,True,Röd varning = Nej -> SpikeScore = 350–375 -> Spread = <60 -> Gul varning = Ja,"[{""variable"":""Röd varning"",""column"":""red_warning"",""value"":false},{""variable"":""SpikeScore"",""column"":""spike_score_bucket"",""value"":""350–375""},{""variable"":""Spread"",""column"":""spread_bucket"",""value"":""<60""},{""variable"":""Gul varning"",""column"":""yellow_warning"",""value"":true}]",6,41.1453,0.375
832,race_type=Topp 5-profil AND spread_bucket=80+ AND yellow_warning=true,spread_bucket=80+ AND yellow_warning=true,3,5,2,40.0,49,46.0715,44.8572,5.5715,-1.2143,True,Lopptyp = Topp 5-profil -> Spread = 80+ -> Gul varning = Ja,"[{""variable"":""Lopptyp"",""column"":""race_type"",""value"":""Topp 5-profil""},{""variable"":""Spread"",""column"":""spread_bucket"",""value"":""80+""},{""variable"":""Gul varning"",""column"":""yellow_warning"",""value"":true}]",5,41.1429,0.3333
833,spike_gap_bucket=30–40 AND spread_bucket=80+ AND yellow_warning=true,spread_bucket=80+ AND yellow_warning=true,3,5,2,40.0,49,46.0715,44.8572,5.5715,-1.2143,True,SpikeGap = 30–40 -> Spread = 80+ -> Gul varning = Ja,"[{""variable"":""SpikeGap"",""column"":""spike_gap_bucket"",""value"":""30–40""},{""variable"":""Spread"",""column"":""spread_bucket"",""value"":""80+""},{""variable"":""Gul varning"",""column"":""yellow_warning"",""value"":true}]",5,41.1429,0.3333
834,race_type=3-hästarslopp AND spike_score_bucket=350–375 AND value_count_bucket=2,race_type=3-hästarslopp AND spike_score_bucket=350–375,3,3,1,33.3333,32,49.3486,47.2597,7.9739,-2.0889,False,Lopptyp = 3-hästarslopp -> SpikeScore = 350–375 -> Antal value = 2,"[{""variable"":""Lopptyp"",""column"":""race_type"",""value"":""3-hästarslopp""},{""variable"":""SpikeScore"",""column"":""spike_score_bucket"",""value"":""350–375""},{""variable"":""Antal value"",""column"":""value_count_bucket"",""value"":""2""}]",3,41.1259,0.2308
835,score_gap_bucket=5–10 AND spike_gap_bucket=40+ AND yellow_warning=false,spike_gap_bucket=40+ AND yellow_warning=false,3,6,1,16.6667,53,52.4231,44.1716,4.8859,-8.2515,True,ScoreGap = 5–10 -> SpikeGap = 40+ -> Gul varning = Nej,"[{""variable"":""ScoreGap"",""column"":""score_gap_bucket"",""value"":""5–10""},{""variable"":""SpikeGap"",""column"":""spike_gap_bucket"",""value"":""40+""},{""variable"":""Gul varning"",""column"":""yellow_warning"",""value"":false}]",6,41.1179,0.375
836,score_gap_bucket=20+ AND spike_gap_bucket=40+ AND spike_score_bucket=350–375 AND spread_bucket=80+ AND yellow_warning=true,score_gap_bucket=20+ AND spike_gap_bucket=40+ AND spread_bucket=80+ AND yellow_warning=true,5,3,0,0.0,17,55.5124,47.1855,7.8998,-8.3269,False,ScoreGap = 20+ -> SpikeGap = 40+ -> SpikeScore = 350–375 -> Spread = 80+ -> Gul varning = Ja,"[{""variable"":""ScoreGap"",""column"":""score_gap_bucket"",""value"":""20+""},{""variable"":""SpikeGap"",""column"":""spike_gap_bucket"",""value"":""40+""},{""variable"":""SpikeScore"",""column"":""spike_score_bucket"",""value"":""350–375""},{""variable"":""Spread"",""column"":""spread_bucket"",""value"":""80+""},{""variable"":""Gul varning"",""column"":""yellow_warning"",""value"":true}]",3,41.1087,0.2308
837,score_gap_bucket=10–15 AND spike_gap_bucket=40+ AND spike_score_bucket=350–375,spike_gap_bucket=40+ AND spike_score_bucket=350–375,3,5,2,40.0,35,45.9433,44.7546,5.4689,-1.1887,True,ScoreGap = 10–15 -> SpikeGap = 40+ -> SpikeScore = 350–375,"[{""variable"":""ScoreGap"",""column"":""score_gap_bucket"",""value"":""10–15""},{""variable"":""SpikeGap"",""column"":""spike_gap_bucket"",""value"":""40+""},{""variable"":""SpikeScore"",""column"":""spike_score_bucket"",""value"":""350–375""}]",5,41.1087,0.3333
838,score_gap_bucket=15–20 AND spread_bucket=70–80 AND yellow_warning=true,score_gap_bucket=15–20 AND spread_bucket=70–80,3,2,1,50.0,6,50.2795,50.2096,10.9239,-0.0699,False,ScoreGap = 15–20 -> Spread = 70–80 -> Gul varning = Ja,"[{""variable"":""ScoreGap"",""column"":""score_gap_bucket"",""value"":""15–20""},{""variable"":""Spread"",""column"":""spread_bucket"",""value"":""70–80""},{""variable"":""Gul varning"",""column"":""yellow_warning"",""value"":true}]",2,41.1064,0.1667
839,race_type=3-hästarslopp AND red_warning=false AND spike_score_bucket=375–400 AND value_count_bucket=1,race_type=3-hästarslopp AND red_warning=false AND value_count_bucket=1,4,6,2,33.3333,23,47.3701,44.1308,4.8451,-3.2393,True,Lopptyp = 3-hästarslopp -> Röd varning = Nej -> SpikeScore = 375–400 -> Antal value = 1,"[{""variable"":""Lopptyp"",""column"":""race_type"",""value"":""3-hästarslopp""},{""variable"":""Röd varning"",""column"":""red_warning"",""value"":false},{""variable"":""SpikeScore"",""column"":""spike_score_bucket"",""value"":""375–400""},{""variable"":""Antal value"",""column"":""value_count_bucket"",""value"":""1""}]",6,41.1026,0.375
840,spike_score_bucket=300–325 AND spread_bucket=70–80 AND yellow_warning=true,spread_bucket=70–80 AND yellow_warning=true,3,2,1,50.0,20,50.1817,50.1652,10.8795,-0.0165,False,SpikeScore = 300–325 -> Spread = 70–80 -> Gul varning = Ja,"[{""variable"":""SpikeScore"",""column"":""spike_score_bucket"",""value"":""300–325""},{""variable"":""Spread"",""column"":""spread_bucket"",""value"":""70–80""},{""variable"":""Gul varning"",""column"":""yellow_warning"",""value"":true}]",2,41.099,0.1667
841,race_type=Öppet lopp AND score_gap_bucket=15–20 AND spike_score_bucket=375–400 AND value_count_bucket=2,race_type=Öppet lopp AND score_gap_bucket=15–20 AND spike_score_bucket=375–400,4,1,1,100.0,5,51.0545,59.2121,19.9264,8.1576,False,Lopptyp = Öppet lopp -> ScoreGap = 15–20 -> SpikeScore = 375–400 -> Antal value = 2,"[{""variable"":""Lopptyp"",""column"":""race_type"",""value"":""Öppet lopp""},{""variable"":""ScoreGap"",""column"":""score_gap_bucket"",""value"":""15–20""},{""variable"":""SpikeScore"",""column"":""spike_score_bucket"",""value"":""375–400""},{""variable"":""Antal value"",""column"":""value_count_bucket"",""value"":""2""}]",1,41.0972,0.0909
842,score_gap_bucket=20+ AND spike_score_bucket=375–400 AND spread_bucket=70–80 AND value_count_bucket=1,score_gap_bucket=20+ AND spread_bucket=70–80 AND value_count_bucket=1,4,1,1,100.0,9,54.487,59.0383,19.7526,4.5513,False,ScoreGap = 20+ -> SpikeScore = 375–400 -> Spread = 70–80 -> Antal value = 1,"[{""variable"":""ScoreGap"",""column"":""score_gap_bucket"",""value"":""20+""},{""variable"":""SpikeScore"",""column"":""spike_score_bucket"",""value"":""375–400""},{""variable"":""Spread"",""column"":""spread_bucket"",""value"":""70–80""},{""variable"":""Antal value"",""column"":""value_count_bucket"",""value"":""1""}]",1,41.0814,0.0909
843,score_gap_bucket=15–20 AND spike_gap_bucket=0–10,score_gap_bucket=15–20,2,3,2,66.6667,25,44.127,47.067,7.7812,2.94,False,ScoreGap = 15–20 -> SpikeGap = 0–10,"[{""variable"":""ScoreGap"",""column"":""score_gap_bucket"",""value"":""15–20""},{""variable"":""SpikeGap"",""column"":""spike_gap_bucket"",""value"":""0–10""}]",3,41.0814,0.2308
844,score_gap_bucket=15–20 AND spread_bucket=60–70,score_gap_bucket=15–20,2,3,2,66.6667,25,44.127,47.067,7.7812,2.94,False,ScoreGap = 15–20 -> Spread = 60–70,"[{""variable"":""ScoreGap"",""column"":""score_gap_bucket"",""value"":""15–20""},{""variable"":""Spread"",""column"":""spread_bucket"",""value"":""60–70""}]",3,41.0814,0.2308
845,race_type=3-hästarslopp AND score_gap_bucket=20+ AND spike_score_bucket=350–375 AND spread_bucket=70–80,race_type=3-hästarslopp AND score_gap_bucket=20+ AND spread_bucket=70–80,4,4,1,25.0,11,53.0232,45.5503,6.2646,-7.4729,False,Lopptyp = 3-hästarslopp -> ScoreGap = 20+ -> SpikeScore = 350–375 -> Spread = 70–80,"[{""variable"":""Lopptyp"",""column"":""race_type"",""value"":""3-hästarslopp""},{""variable"":""ScoreGap"",""column"":""score_gap_bucket"",""value"":""20+""},{""variable"":""SpikeScore"",""column"":""spike_score_bucket"",""value"":""350–375""},{""variable"":""Spread"",""column"":""spread_bucket"",""value"":""70–80""}]",4,41.0756,0.2857
846,race_type=3-hästarslopp AND score_gap_bucket=5–10 AND spike_score_bucket=325–350,race_type=3-hästarslopp AND spike_score_bucket=325–350,3,2,0,0.0,12,58.3164,49.9855,10.6998,-8.3309,False,Lopptyp = 3-hästarslopp -> ScoreGap = 5–10 -> SpikeScore = 325–350,"[{""variable"":""Lopptyp"",""column"":""race_type"",""value"":""3-hästarslopp""},{""variable"":""ScoreGap"",""column"":""score_gap_bucket"",""value"":""5–10""},{""variable"":""SpikeScore"",""column"":""spike_score_bucket"",""value"":""325–350""}]",2,41.069,0.1667
847,race_type=3-hästarslopp AND score_gap_bucket=10–15 AND spike_gap_bucket=30–40,race_type=3-hästarslopp AND score_gap_bucket=10–15,3,1,1,100.0,5,50.645,58.8708,19.5851,8.2258,False,Lopptyp = 3-hästarslopp -> ScoreGap = 10–15 -> SpikeGap = 30–40,"[{""variable"":""Lopptyp"",""column"":""race_type"",""value"":""3-hästarslopp""},{""variable"":""ScoreGap"",""column"":""score_gap_bucket"",""value"":""10–15""},{""variable"":""SpikeGap"",""column"":""spike_gap_bucket"",""value"":""30–40""}]",1,41.0662,0.0909
848,race_type=Öppet lopp AND red_warning=false AND score_gap_bucket=10–15 AND spike_gap_bucket=40+ AND spike_score_bucket=350–375,race_type=Öppet lopp AND red_warning=false AND spike_gap_bucket=40+ AND spike_score_bucket=350–375,5,3,1,33.3333,18,49.2289,46.9581,7.6724,-2.2708,False,Lopptyp = Öppet lopp -> Röd varning = Nej -> ScoreGap = 10–15 -> SpikeGap = 40+ -> SpikeScore = 350–375,"[{""variable"":""Lopptyp"",""column"":""race_type"",""value"":""Öppet lopp""},{""variable"":""Röd varning"",""column"":""red_warning"",""value"":false},{""variable"":""ScoreGap"",""column"":""score_gap_bucket"",""value"":""10–15""},{""variable"":""SpikeGap"",""column"":""spike_gap_bucket"",""value"":""40+""},{""variable"":""SpikeScore"",""column"":""spike_score_bucket"",""value"":""350–375""}]",3,41.0563,0.2308
849,score_gap_bucket=15–20 AND spike_score_bucket=375–400 AND spread_bucket=80+ AND yellow_warning=true,score_gap_bucket=15–20 AND spike_score_bucket=375–400 AND yellow_warning=true,4,2,1,50.0,5,49.8592,49.8994,10.6137,0.0402,False,ScoreGap = 15–20 -> SpikeScore = 375–400 -> Spread = 80+ -> Gul varning = Ja,"[{""variable"":""ScoreGap"",""column"":""score_gap_bucket"",""value"":""15–20""},{""variable"":""SpikeScore"",""column"":""spike_score_bucket"",""value"":""375–400""},{""variable"":""Spread"",""column"":""spread_bucket"",""value"":""80+""},{""variable"":""Gul varning"",""column"":""yellow_warning"",""value"":true}]",2,41.0547,0.1667
850,score_gap_bucket=15–20 AND spike_score_bucket=375–400 AND spread_bucket=<60 AND yellow_warning=true,score_gap_bucket=15–20 AND spike_score_bucket=375–400 AND yellow_warning=true,4,2,1,50.0,5,49.8592,49.8994,10.6137,0.0402,False,ScoreGap = 15–20 -> SpikeScore = 375–400 -> Spread = <60 -> Gul varning = Ja,"[{""variable"":""ScoreGap"",""column"":""score_gap_bucket"",""value"":""15–20""},{""variable"":""SpikeScore"",""column"":""spike_score_bucket"",""value"":""375–400""},{""variable"":""Spread"",""column"":""spread_bucket"",""value"":""<60""},{""variable"":""Gul varning"",""column"":""yellow_warning"",""value"":true}]",2,41.0547,0.1667
851,score_gap_bucket=20+ AND spike_gap_bucket=0–10 AND spike_score_bucket=325–350,score_gap_bucket=20+ AND spike_score_bucket=325–350,3,2,0,0.0,20,54.874,49.8855,10.5997,-4.9885,False,ScoreGap = 20+ -> SpikeGap = 0–10 -> SpikeScore = 325–350,"[{""variable"":""ScoreGap"",""column"":""score_gap_bucket"",""value"":""20+""},{""variable"":""SpikeGap"",""column"":""spike_gap_bucket"",""value"":""0–10""},{""variable"":""SpikeScore"",""column"":""spike_score_bucket"",""value"":""325–350""}]",2,41.0523,0.1667
852,value_count_bucket=0,,1,118,49,41.5254,252,39.2857,41.2008,1.9151,1.9151,True,Antal value = 0,"[{""variable"":""Antal value"",""column"":""value_count_bucket"",""value"":""0""}]",118,41.0512,0.9219
853,race_type=3-hästarslopp AND red_warning=true AND spread_bucket=80+,race_type=3-hästarslopp AND spread_bucket=80+,3,4,1,25.0,56,49.5543,45.4619,6.1762,-4.0924,False,Lopptyp = 3-hästarslopp -> Röd varning = Ja -> Spread = 80+,"[{""variable"":""Lopptyp"",""column"":""race_type"",""value"":""3-hästarslopp""},{""variable"":""Röd varning"",""column"":""red_warning"",""value"":true},{""variable"":""Spread"",""column"":""spread_bucket"",""value"":""80+""}]",4,41.0503,0.2857
854,score_gap_bucket=5–10 AND spike_gap_bucket=40+ AND spike_score_bucket=350–375 AND yellow_warning=false,spike_gap_bucket=40+ AND spike_score_bucket=350–375 AND yellow_warning=false,4,2,0,0.0,21,54.8405,49.855,10.5693,-4.9855,False,ScoreGap = 5–10 -> SpikeGap = 40+ -> SpikeScore = 350–375 -> Gul varning = Nej,"[{""variable"":""ScoreGap"",""column"":""score_gap_bucket"",""value"":""5–10""},{""variable"":""SpikeGap"",""column"":""spike_gap_bucket"",""value"":""40+""},{""variable"":""SpikeScore"",""column"":""spike_score_bucket"",""value"":""350–375""},{""variable"":""Gul varning"",""column"":""yellow_warning"",""value"":false}]",2,41.0473,0.1667
855,race_type=3-hästarslopp AND score_gap_bucket=10–15 AND spike_gap_bucket=0–10,race_type=3-hästarslopp AND spike_gap_bucket=0–10,3,1,1,100.0,9,54.0043,58.6039,19.3182,4.5996,False,Lopptyp = 3-hästarslopp -> ScoreGap = 10–15 -> SpikeGap = 0–10,"[{""variable"":""Lopptyp"",""column"":""race_type"",""value"":""3-hästarslopp""},{""variable"":""ScoreGap"",""column"":""score_gap_bucket"",""value"":""10–15""},{""variable"":""SpikeGap"",""column"":""spike_gap_bucket"",""value"":""0–10""}]",1,41.0419,0.0909
856,race_type=3-hästarslopp AND spike_gap_bucket=0–10 AND value_count_bucket=2,race_type=3-hästarslopp AND spike_gap_bucket=0–10,3,1,1,100.0,9,54.0043,58.6039,19.3182,4.5996,False,Lopptyp = 3-hästarslopp -> SpikeGap = 0–10 -> Antal value = 2,"[{""variable"":""Lopptyp"",""column"":""race_type"",""value"":""3-hästarslopp""},{""variable"":""SpikeGap"",""column"":""spike_gap_bucket"",""value"":""0–10""},{""variable"":""Antal value"",""column"":""value_count_bucket"",""value"":""2""}]",1,41.0419,0.0909
857,race_type=Öppet lopp AND spike_score_bucket=350–375 AND spread_bucket=80+ AND yellow_warning=true,race_type=Öppet lopp AND spike_score_bucket=350–375 AND spread_bucket=80+,4,2,1,50.0,6,49.738,49.8035,10.5178,0.0655,False,Lopptyp = Öppet lopp -> SpikeScore = 350–375 -> Spread = 80+ -> Gul varning = Ja,"[{""variable"":""Lopptyp"",""column"":""race_type"",""value"":""Öppet lopp""},{""variable"":""SpikeScore"",""column"":""spike_score_bucket"",""value"":""350–375""},{""variable"":""Spread"",""column"":""spread_bucket"",""value"":""80+""},{""variable"":""Gul varning"",""column"":""yellow_warning"",""value"":true}]",2,41.0387,0.1667
858,red_warning=false AND spike_gap_bucket=40+ AND spike_score_bucket=300–325,red_warning=false AND spike_gap_bucket=40+,3,3,1,33.3333,93,48.9105,46.8787,7.593,-2.0318,False,Röd varning = Nej -> SpikeGap = 40+ -> SpikeScore = 300–325,"[{""variable"":""Röd varning"",""column"":""red_warning"",""value"":false},{""variable"":""SpikeGap"",""column"":""spike_gap_bucket"",""value"":""40+""},{""variable"":""SpikeScore"",""column"":""spike_score_bucket"",""value"":""300–325""}]",3,41.0379,0.2308
859,spike_gap_bucket=20–30 AND spike_score_bucket=350–375,spike_score_bucket=350–375,2,10,4,40.0,77,44.1826,42.7884,3.5027,-1.3942,True,SpikeGap = 20–30 -> SpikeScore = 350–375,"[{""variable"":""SpikeGap"",""column"":""spike_gap_bucket"",""value"":""20–30""},{""variable"":""SpikeScore"",""column"":""spike_score_bucket"",""value"":""350–375""}]",10,41.0371,0.5
860,score_gap_bucket=20+ AND spike_gap_bucket=10–20 AND yellow_warning=false,score_gap_bucket=20+ AND yellow_warning=false,3,8,3,37.5,59,45.5058,43.2184,3.9327,-2.2874,True,ScoreGap = 20+ -> SpikeGap = 10–20 -> Gul varning = Nej,"[{""variable"":""ScoreGap"",""column"":""score_gap_bucket"",""value"":""20+""},{""variable"":""SpikeGap"",""column"":""spike_gap_bucket"",""value"":""10–20""},{""variable"":""Gul varning"",""column"":""yellow_warning"",""value"":false}]",8,41.0336,0.4444
861,race_type=Öppet lopp AND score_gap_bucket=0–5 AND spike_gap_bucket=40+,score_gap_bucket=0–5 AND spike_gap_bucket=40+,3,12,5,41.6667,13,43.2389,42.4842,3.1985,-0.7547,True,Lopptyp = Öppet lopp -> ScoreGap = 0–5 -> SpikeGap = 40+,"[{""variable"":""Lopptyp"",""column"":""race_type"",""value"":""Öppet lopp""},{""variable"":""ScoreGap"",""column"":""score_gap_bucket"",""value"":""0–5""},{""variable"":""SpikeGap"",""column"":""spike_gap_bucket"",""value"":""40+""}]",12,41.0303,0.5455
862,spike_gap_bucket=30–40 AND spike_score_bucket=350–375 AND spread_bucket=80+,spike_score_bucket=350–375 AND spread_bucket=80+,3,2,1,50.0,28,49.6594,49.6904,10.4046,0.031,False,SpikeGap = 30–40 -> SpikeScore = 350–375 -> Spread = 80+,"[{""variable"":""SpikeGap"",""column"":""spike_gap_bucket"",""value"":""30–40""},{""variable"":""SpikeScore"",""column"":""spike_score_bucket"",""value"":""350–375""},{""variable"":""Spread"",""column"":""spread_bucket"",""value"":""80+""}]",2,41.0198,0.1667
863,score_gap_bucket=15–20 AND spread_bucket=<60,score_gap_bucket=15–20,2,10,4,40.0,25,44.127,42.7513,3.4656,-1.3757,True,ScoreGap = 15–20 -> Spread = <60,"[{""variable"":""ScoreGap"",""column"":""score_gap_bucket"",""value"":""15–20""},{""variable"":""Spread"",""column"":""spread_bucket"",""value"":""<60""}]",10,41.0185,0.5
864,race_type=3-hästarslopp AND spike_gap_bucket=20–30 AND spike_score_bucket=350–375 AND yellow_warning=true,race_type=3-hästarslopp AND spike_gap_bucket=20–30 AND spike_score_bucket=350–375,4,5,2,40.0,7,47.6656,44.4716,5.1859,-3.194,True,Lopptyp = 3-hästarslopp -> SpikeGap = 20–30 -> SpikeScore = 350–375 -> Gul varning = Ja,"[{""variable"":""Lopptyp"",""column"":""race_type"",""value"":""3-hästarslopp""},{""variable"":""SpikeGap"",""column"":""spike_gap_bucket"",""value"":""20–30""},{""variable"":""SpikeScore"",""column"":""spike_score_bucket"",""value"":""350–375""},{""variable"":""Gul varning"",""column"":""yellow_warning"",""value"":true}]",5,41.0143,0.3333
865,score_gap_bucket=5–10 AND spike_gap_bucket=40+ AND yellow_warning=true,spike_gap_bucket=40+ AND yellow_warning=true,3,9,4,44.4444,54,42.2552,42.9346,3.6489,0.6794,True,ScoreGap = 5–10 -> SpikeGap = 40+ -> Gul varning = Ja,"[{""variable"":""ScoreGap"",""column"":""score_gap_bucket"",""value"":""5–10""},{""variable"":""SpikeGap"",""column"":""spike_gap_bucket"",""value"":""40+""},{""variable"":""Gul varning"",""column"":""yellow_warning"",""value"":true}]",9,41.0141,0.4737
866,score_gap_bucket=10–15 AND spike_gap_bucket=0–10 AND spread_bucket=<60 AND yellow_warning=false,spike_gap_bucket=0–10 AND spread_bucket=<60 AND yellow_warning=false,4,1,1,100.0,6,51.3118,58.2673,18.9815,6.9555,False,ScoreGap = 10–15 -> SpikeGap = 0–10 -> Spread = <60 -> Gul varning = Nej,"[{""variable"":""ScoreGap"",""column"":""score_gap_bucket"",""value"":""10–15""},{""variable"":""SpikeGap"",""column"":""spike_gap_bucket"",""value"":""0–10""},{""variable"":""Spread"",""column"":""spread_bucket"",""value"":""<60""},{""variable"":""Gul varning"",""column"":""yellow_warning"",""value"":false}]",1,41.0113,0.0909
867,race_type=3-hästarslopp AND spike_gap_bucket=30–40 AND spike_score_bucket=350–375,race_type=3-hästarslopp AND spike_score_bucket=350–375,3,4,1,25.0,32,49.3486,45.2905,6.0048,-4.0581,False,Lopptyp = 3-hästarslopp -> SpikeGap = 30–40 -> SpikeScore = 350–375,"[{""variable"":""Lopptyp"",""column"":""race_type"",""value"":""3-hästarslopp""},{""variable"":""SpikeGap"",""column"":""spike_gap_bucket"",""value"":""30–40""},{""variable"":""SpikeScore"",""column"":""spike_score_bucket"",""value"":""350–375""}]",4,41.0014,0.2857
868,red_warning=false AND score_gap_bucket=5–10 AND spike_gap_bucket=0–10,red_warning=false AND spike_gap_bucket=0–10,3,3,2,66.6667,31,43.7075,46.7022,7.4165,2.9947,False,Röd varning = Nej -> ScoreGap = 5–10 -> SpikeGap = 0–10,"[{""variable"":""Röd varning"",""column"":""red_warning"",""value"":false},{""variable"":""ScoreGap"",""column"":""score_gap_bucket"",""value"":""5–10""},{""variable"":""SpikeGap"",""column"":""spike_gap_bucket"",""value"":""0–10""}]",3,40.9972,0.2308
869,red_warning=false AND spike_gap_bucket=0–10 AND spike_score_bucket=<300,red_warning=false AND spike_gap_bucket=0–10,3,3,2,66.6667,31,43.7075,46.7022,7.4165,2.9947,False,Röd varning = Nej -> SpikeGap = 0–10 -> SpikeScore = <300,"[{""variable"":""Röd varning"",""column"":""red_warning"",""value"":false},{""variable"":""SpikeGap"",""column"":""spike_gap_bucket"",""value"":""0–10""},{""variable"":""SpikeScore"",""column"":""spike_score_bucket"",""value"":""<300""}]",3,40.9972,0.2308
870,score_gap_bucket=15–20 AND spike_gap_bucket=30–40 AND spike_score_bucket=350–375,score_gap_bucket=15–20 AND spike_score_bucket=350–375,3,2,1,50.0,8,49.4161,49.5329,10.2472,0.1168,False,ScoreGap = 15–20 -> SpikeGap = 30–40 -> SpikeScore = 350–375,"[{""variable"":""ScoreGap"",""column"":""score_gap_bucket"",""value"":""15–20""},{""variable"":""SpikeGap"",""column"":""spike_gap_bucket"",""value"":""30–40""},{""variable"":""SpikeScore"",""column"":""spike_score_bucket"",""value"":""350–375""}]",2,40.9936,0.1667
871,red_warning=false AND spike_score_bucket=325–350 AND value_count_bucket=2,red_warning=false AND spike_score_bucket=325–350,3,2,1,50.0,42,49.486,49.5327,10.247,0.0467,False,Röd varning = Nej -> SpikeScore = 325–350 -> Antal value = 2,"[{""variable"":""Röd varning"",""column"":""red_warning"",""value"":false},{""variable"":""SpikeScore"",""column"":""spike_score_bucket"",""value"":""325–350""},{""variable"":""Antal value"",""column"":""value_count_bucket"",""value"":""2""}]",2,40.9935,0.1667
872,spike_score_bucket=375–400 AND spread_bucket=70–80,spread_bucket=70–80,2,8,3,37.5,37,45.3634,43.1167,3.831,-2.2467,True,SpikeScore = 375–400 -> Spread = 70–80,"[{""variable"":""SpikeScore"",""column"":""spike_score_bucket"",""value"":""375–400""},{""variable"":""Spread"",""column"":""spread_bucket"",""value"":""70–80""}]",8,40.9884,0.4444
873,race_type=Öppet lopp AND score_gap_bucket=20+ AND spike_gap_bucket=40+ AND spike_score_bucket=375–400,race_type=Öppet lopp AND score_gap_bucket=20+ AND spike_gap_bucket=40+,4,7,2,28.5714,28,48.6123,43.4165,4.1308,-5.1958,True,Lopptyp = Öppet lopp -> ScoreGap = 20+ -> SpikeGap = 40+ -> SpikeScore = 375–400,"[{""variable"":""Lopptyp"",""column"":""race_type"",""value"":""Öppet lopp""},{""variable"":""ScoreGap"",""column"":""score_gap_bucket"",""value"":""20+""},{""variable"":""SpikeGap"",""column"":""spike_gap_bucket"",""value"":""40+""},{""variable"":""SpikeScore"",""column"":""spike_score_bucket"",""value"":""375–400""}]",7,40.9866,0.4118
874,red_warning=false AND spike_gap_bucket=10–20 AND value_count_bucket=3+,red_warning=false AND value_count_bucket=3+,3,2,1,50.0,11,49.3867,49.4811,10.1953,0.0944,False,Röd varning = Nej -> SpikeGap = 10–20 -> Antal value = 3+,"[{""variable"":""Röd varning"",""column"":""red_warning"",""value"":false},{""variable"":""SpikeGap"",""column"":""spike_gap_bucket"",""value"":""10–20""},{""variable"":""Antal value"",""column"":""value_count_bucket"",""value"":""3+""}]",2,40.9849,0.1667
875,score_gap_bucket=20+ AND spike_gap_bucket=10–20 AND value_count_bucket=1,score_gap_bucket=20+ AND spike_gap_bucket=10–20,3,3,2,66.6667,17,43.107,46.6409,7.3552,3.5339,False,ScoreGap = 20+ -> SpikeGap = 10–20 -> Antal value = 1,"[{""variable"":""ScoreGap"",""column"":""score_gap_bucket"",""value"":""20+""},{""variable"":""SpikeGap"",""column"":""spike_gap_bucket"",""value"":""10–20""},{""variable"":""Antal value"",""column"":""value_count_bucket"",""value"":""1""}]",3,40.9831,0.2308
876,race_type=Topp 5-profil AND spike_score_bucket=325–350 AND spread_bucket=80+,spike_score_bucket=325–350 AND spread_bucket=80+,3,2,1,50.0,14,49.3804,49.4579,10.1721,0.0774,False,Lopptyp = Topp 5-profil -> SpikeScore = 325–350 -> Spread = 80+,"[{""variable"":""Lopptyp"",""column"":""race_type"",""value"":""Topp 5-profil""},{""variable"":""SpikeScore"",""column"":""spike_score_bucket"",""value"":""325–350""},{""variable"":""Spread"",""column"":""spread_bucket"",""value"":""80+""}]",2,40.9811,0.1667
877,spike_gap_bucket=10–20 AND spike_score_bucket=325–350 AND spread_bucket=80+,spike_score_bucket=325–350 AND spread_bucket=80+,3,2,1,50.0,14,49.3804,49.4579,10.1721,0.0774,False,SpikeGap = 10–20 -> SpikeScore = 325–350 -> Spread = 80+,"[{""variable"":""SpikeGap"",""column"":""spike_gap_bucket"",""value"":""10–20""},{""variable"":""SpikeScore"",""column"":""spike_score_bucket"",""value"":""325–350""},{""variable"":""Spread"",""column"":""spread_bucket"",""value"":""80+""}]",2,40.9811,0.1667
878,race_type=Topp 5-profil AND spread_bucket=80+ AND value_count_bucket=2,spread_bucket=80+ AND value_count_bucket=2,3,2,1,50.0,14,49.3804,49.4579,10.1721,0.0774,False,Lopptyp = Topp 5-profil -> Spread = 80+ -> Antal value = 2,"[{""variable"":""Lopptyp"",""column"":""race_type"",""value"":""Topp 5-profil""},{""variable"":""Spread"",""column"":""spread_bucket"",""value"":""80+""},{""variable"":""Antal value"",""column"":""value_count_bucket"",""value"":""2""}]",2,40.9811,0.1667
879,score_gap_bucket=15–20 AND spread_bucket=80+ AND value_count_bucket=2,spread_bucket=80+ AND value_count_bucket=2,3,2,1,50.0,14,49.3804,49.4579,10.1721,0.0774,False,ScoreGap = 15–20 -> Spread = 80+ -> Antal value = 2,"[{""variable"":""ScoreGap"",""column"":""score_gap_bucket"",""value"":""15–20""},{""variable"":""Spread"",""column"":""spread_bucket"",""value"":""80+""},{""variable"":""Antal value"",""column"":""value_count_bucket"",""value"":""2""}]",2,40.9811,0.1667
880,score_gap_bucket=20+ AND spread_bucket=70–80 AND yellow_warning=false,score_gap_bucket=20+ AND spread_bucket=70–80,3,10,3,30.0,23,49.0062,42.6708,3.3851,-6.3354,True,ScoreGap = 20+ -> Spread = 70–80 -> Gul varning = Nej,"[{""variable"":""ScoreGap"",""column"":""score_gap_bucket"",""value"":""20+""},{""variable"":""Spread"",""column"":""spread_bucket"",""value"":""70–80""},{""variable"":""Gul varning"",""column"":""yellow_warning"",""value"":false}]",10,40.9783,0.5
881,race_type=Öppet lopp AND score_gap_bucket=20+ AND spike_gap_bucket=40+ AND spread_bucket=60–70,race_type=Öppet lopp AND score_gap_bucket=20+ AND spike_gap_bucket=40+,4,3,1,33.3333,28,48.6123,46.6194,7.3337,-1.9929,False,Lopptyp = Öppet lopp -> ScoreGap = 20+ -> SpikeGap = 40+ -> Spread = 60–70,"[{""variable"":""Lopptyp"",""column"":""race_type"",""value"":""Öppet lopp""},{""variable"":""ScoreGap"",""column"":""score_gap_bucket"",""value"":""20+""},{""variable"":""SpikeGap"",""column"":""spike_gap_bucket"",""value"":""40+""},{""variable"":""Spread"",""column"":""spread_bucket"",""value"":""60–70""}]",3,40.9781,0.2308
882,score_gap_bucket=20+ AND spike_gap_bucket=0–10,score_gap_bucket=20+,2,13,5,38.4615,116,44.7479,42.2715,2.9857,-2.4764,True,ScoreGap = 20+ -> SpikeGap = 0–10,"[{""variable"":""ScoreGap"",""column"":""score_gap_bucket"",""value"":""20+""},{""variable"":""SpikeGap"",""column"":""spike_gap_bucket"",""value"":""0–10""}]",13,40.9733,0.5652
883,race_type=3-hästarslopp AND score_gap_bucket=5–10 AND spike_score_bucket=350–375,race_type=3-hästarslopp AND spike_score_bucket=350–375,3,2,1,50.0,32,49.3486,49.4078,10.1221,0.0592,False,Lopptyp = 3-hästarslopp -> ScoreGap = 5–10 -> SpikeScore = 350–375,"[{""variable"":""Lopptyp"",""column"":""race_type"",""value"":""3-hästarslopp""},{""variable"":""ScoreGap"",""column"":""score_gap_bucket"",""value"":""5–10""},{""variable"":""SpikeScore"",""column"":""spike_score_bucket"",""value"":""350–375""}]",2,40.9727,0.1667
884,score_gap_bucket=15–20 AND spike_gap_bucket=40+ AND value_count_bucket=1,score_gap_bucket=15–20 AND spike_gap_bucket=40+,3,2,1,50.0,13,49.2995,49.3929,10.1072,0.0934,False,ScoreGap = 15–20 -> SpikeGap = 40+ -> Antal value = 1,"[{""variable"":""ScoreGap"",""column"":""score_gap_bucket"",""value"":""15–20""},{""variable"":""SpikeGap"",""column"":""spike_gap_bucket"",""value"":""40+""},{""variable"":""Antal value"",""column"":""value_count_bucket"",""value"":""1""}]",2,40.9702,0.1667
885,spike_gap_bucket=30–40 AND spike_score_bucket=325–350 AND spread_bucket=80+,spike_score_bucket=325–350 AND spread_bucket=80+,3,3,1,33.3333,14,49.3804,46.5486,7.2629,-2.8318,False,SpikeGap = 30–40 -> SpikeScore = 325–350 -> Spread = 80+,"[{""variable"":""SpikeGap"",""column"":""spike_gap_bucket"",""value"":""30–40""},{""variable"":""SpikeScore"",""column"":""spike_score_bucket"",""value"":""325–350""},{""variable"":""Spread"",""column"":""spread_bucket"",""value"":""80+""}]",3,40.9618,0.2308
886,red_warning=true AND spike_score_bucket=325–350 AND spread_bucket=80+,spike_score_bucket=325–350 AND spread_bucket=80+,3,3,1,33.3333,14,49.3804,46.5486,7.2629,-2.8318,False,Röd varning = Ja -> SpikeScore = 325–350 -> Spread = 80+,"[{""variable"":""Röd varning"",""column"":""red_warning"",""value"":true},{""variable"":""SpikeScore"",""column"":""spike_score_bucket"",""value"":""325–350""},{""variable"":""Spread"",""column"":""spread_bucket"",""value"":""80+""}]",3,40.9618,0.2308
887,spike_gap_bucket=10–20 AND spread_bucket=80+ AND value_count_bucket=2,spread_bucket=80+ AND value_count_bucket=2,3,3,1,33.3333,14,49.3804,46.5486,7.2629,-2.8318,False,SpikeGap = 10–20 -> Spread = 80+ -> Antal value = 2,"[{""variable"":""SpikeGap"",""column"":""spike_gap_bucket"",""value"":""10–20""},{""variable"":""Spread"",""column"":""spread_bucket"",""value"":""80+""},{""variable"":""Antal value"",""column"":""value_count_bucket"",""value"":""2""}]",3,40.9618,0.2308
888,red_warning=true AND spread_bucket=80+ AND value_count_bucket=2,spread_bucket=80+ AND value_count_bucket=2,3,3,1,33.3333,14,49.3804,46.5486,7.2629,-2.8318,False,Röd varning = Ja -> Spread = 80+ -> Antal value = 2,"[{""variable"":""Röd varning"",""column"":""red_warning"",""value"":true},{""variable"":""Spread"",""column"":""spread_bucket"",""value"":""80+""},{""variable"":""Antal value"",""column"":""value_count_bucket"",""value"":""2""}]",3,40.9618,0.2308
889,score_gap_bucket=20+ AND spike_score_bucket=375–400 AND value_count_bucket=2,score_gap_bucket=20+ AND value_count_bucket=2,3,3,1,33.3333,12,49.8424,46.5406,7.2549,-3.3018,False,ScoreGap = 20+ -> SpikeScore = 375–400 -> Antal value = 2,"[{""variable"":""ScoreGap"",""column"":""score_gap_bucket"",""value"":""20+""},{""variable"":""SpikeScore"",""column"":""spike_score_bucket"",""value"":""375–400""},{""variable"":""Antal value"",""column"":""value_count_bucket"",""value"":""2""}]",3,40.9599,0.2308
890,race_type=3-hästarslopp AND score_gap_bucket=15–20 AND spike_score_bucket=375–400 AND yellow_warning=false,race_type=3-hästarslopp AND score_gap_bucket=15–20 AND yellow_warning=false,4,3,1,33.3333,6,53.1368,46.5356,7.2499,-6.6012,False,Lopptyp = 3-hästarslopp -> ScoreGap = 15–20 -> SpikeScore = 375–400 -> Gul varning = Nej,"[{""variable"":""Lopptyp"",""column"":""race_type"",""value"":""3-hästarslopp""},{""variable"":""ScoreGap"",""column"":""score_gap_bucket"",""value"":""15–20""},{""variable"":""SpikeScore"",""column"":""spike_score_bucket"",""value"":""375–400""},{""variable"":""Gul varning"",""column"":""yellow_warning"",""value"":false}]",3,40.9588,0.2308
891,score_gap_bucket=0–5 AND spread_bucket=80+,spread_bucket=80+,2,10,4,40.0,98,43.9467,42.6311,3.3454,-1.3156,True,ScoreGap = 0–5 -> Spread = 80+,"[{""variable"":""ScoreGap"",""column"":""score_gap_bucket"",""value"":""0–5""},{""variable"":""Spread"",""column"":""spread_bucket"",""value"":""80+""}]",10,40.9584,0.5
892,red_warning=true AND spread_bucket=80+,spread_bucket=80+,2,10,4,40.0,98,43.9467,42.6311,3.3454,-1.3156,True,Röd varning = Ja -> Spread = 80+,"[{""variable"":""Röd varning"",""column"":""red_warning"",""value"":true},{""variable"":""Spread"",""column"":""spread_bucket"",""value"":""80+""}]",10,40.9584,0.5
893,race_type=Öppet lopp AND score_gap_bucket=20+ AND spike_score_bucket=375–400 AND spread_bucket=80+ AND yellow_warning=false,score_gap_bucket=20+ AND spike_score_bucket=375–400 AND spread_bucket=80+ AND yellow_warning=false,5,8,3,37.5,11,47.0539,43.0312,3.7455,-4.0227,False,Lopptyp = Öppet lopp -> ScoreGap = 20+ -> SpikeScore = 375–400 -> Spread = 80+ -> Gul varning = Nej,"[{""variable"":""Lopptyp"",""column"":""race_type"",""value"":""Öppet lopp""},{""variable"":""ScoreGap"",""column"":""score_gap_bucket"",""value"":""20+""},{""variable"":""SpikeScore"",""column"":""spike_score_bucket"",""value"":""375–400""},{""variable"":""Spread"",""column"":""spread_bucket"",""value"":""80+""},{""variable"":""Gul varning"",""column"":""yellow_warning"",""value"":false}]",8,40.9504,0.4444
894,score_gap_bucket=15–20 AND value_count_bucket=2,score_gap_bucket=15–20,2,4,2,50.0,25,44.127,45.1058,5.8201,0.9788,False,ScoreGap = 15–20 -> Antal value = 2,"[{""variable"":""ScoreGap"",""column"":""score_gap_bucket"",""value"":""15–20""},{""variable"":""Antal value"",""column"":""value_count_bucket"",""value"":""2""}]",4,40.9486,0.2857
895,score_gap_bucket=20+ AND spike_score_bucket=375–400 AND spread_bucket=80+,score_gap_bucket=20+ AND spread_bucket=80+,3,24,9,37.5,70,46.6106,41.6412,2.3555,-4.9694,True,ScoreGap = 20+ -> SpikeScore = 375–400 -> Spread = 80+,"[{""variable"":""ScoreGap"",""column"":""score_gap_bucket"",""value"":""20+""},{""variable"":""SpikeScore"",""column"":""spike_score_bucket"",""value"":""375–400""},{""variable"":""Spread"",""column"":""spread_bucket"",""value"":""80+""}]",24,40.9484,0.7059
896,red_warning=true AND spike_score_bucket=400+,spike_score_bucket=400+,2,3,2,66.6667,19,43.2234,46.4202,7.1345,3.1968,False,Röd varning = Ja -> SpikeScore = 400+,"[{""variable"":""Röd varning"",""column"":""red_warning"",""value"":true},{""variable"":""SpikeScore"",""column"":""spike_score_bucket"",""value"":""400+""}]",3,40.9321,0.2308
897,race_type=3-hästarslopp AND spike_score_bucket=<300 AND yellow_warning=false,race_type=3-hästarslopp AND yellow_warning=false,3,2,0,0.0,33,54.0778,49.1616,9.8759,-4.9162,False,Lopptyp = 3-hästarslopp -> SpikeScore = <300 -> Gul varning = Nej,"[{""variable"":""Lopptyp"",""column"":""race_type"",""value"":""3-hästarslopp""},{""variable"":""SpikeScore"",""column"":""spike_score_bucket"",""value"":""<300""},{""variable"":""Gul varning"",""column"":""yellow_warning"",""value"":false}]",2,40.9317,0.1667
898,race_type=Öppet lopp AND score_gap_bucket=15–20 AND spread_bucket=70–80,score_gap_bucket=15–20 AND spread_bucket=70–80,3,1,1,100.0,6,50.2795,57.3824,18.0967,7.1029,False,Lopptyp = Öppet lopp -> ScoreGap = 15–20 -> Spread = 70–80,"[{""variable"":""Lopptyp"",""column"":""race_type"",""value"":""Öppet lopp""},{""variable"":""ScoreGap"",""column"":""score_gap_bucket"",""value"":""15–20""},{""variable"":""Spread"",""column"":""spread_bucket"",""value"":""70–80""}]",1,40.9309,0.0909
899,spike_score_bucket=325–350 AND value_count_bucket=2,spike_score_bucket=325–350,2,7,3,42.8571,58,43.4066,43.2641,3.9784,-0.1425,True,SpikeScore = 325–350 -> Antal value = 2,"[{""variable"":""SpikeScore"",""column"":""spike_score_bucket"",""value"":""325–350""},{""variable"":""Antal value"",""column"":""value_count_bucket"",""value"":""2""}]",7,40.9239,0.4118
900,score_gap_bucket=20+ AND spike_gap_bucket=30–40 AND spread_bucket=70–80,score_gap_bucket=20+ AND spread_bucket=70–80,3,2,1,50.0,23,49.0062,49.0965,9.8108,0.0903,False,ScoreGap = 20+ -> SpikeGap = 30–40 -> Spread = 70–80,"[{""variable"":""ScoreGap"",""column"":""score_gap_bucket"",""value"":""20+""},{""variable"":""SpikeGap"",""column"":""spike_gap_bucket"",""value"":""30–40""},{""variable"":""Spread"",""column"":""spread_bucket"",""value"":""70–80""}]",2,40.9208,0.1667
901,score_gap_bucket=20+ AND spike_gap_bucket=0–10 AND spread_bucket=70–80,score_gap_bucket=20+ AND spread_bucket=70–80,3,4,1,25.0,23,49.0062,45.0052,5.7195,-4.001,False,ScoreGap = 20+ -> SpikeGap = 0–10 -> Spread = 70–80,"[{""variable"":""ScoreGap"",""column"":""score_gap_bucket"",""value"":""20+""},{""variable"":""SpikeGap"",""column"":""spike_gap_bucket"",""value"":""0–10""},{""variable"":""Spread"",""column"":""spread_bucket"",""value"":""70–80""}]",4,40.9199,0.2857
902,score_gap_bucket=20+ AND spike_gap_bucket=40+ AND spike_score_bucket=350–375 AND yellow_warning=true,score_gap_bucket=20+ AND spike_gap_bucket=40+ AND spike_score_bucket=350–375,4,5,1,20.0,18,50.8787,44.1659,4.8802,-6.7128,True,ScoreGap = 20+ -> SpikeGap = 40+ -> SpikeScore = 350–375 -> Gul varning = Ja,"[{""variable"":""ScoreGap"",""column"":""score_gap_bucket"",""value"":""20+""},{""variable"":""SpikeGap"",""column"":""spike_gap_bucket"",""value"":""40+""},{""variable"":""SpikeScore"",""column"":""spike_score_bucket"",""value"":""350–375""},{""variable"":""Gul varning"",""column"":""yellow_warning"",""value"":true}]",5,40.9124,0.3333
903,score_gap_bucket=15–20 AND spike_gap_bucket=40+ AND value_count_bucket=2,score_gap_bucket=15–20 AND spike_gap_bucket=40+,3,3,1,33.3333,13,49.2995,46.3058,7.0201,-2.9937,False,ScoreGap = 15–20 -> SpikeGap = 40+ -> Antal value = 2,"[{""variable"":""ScoreGap"",""column"":""score_gap_bucket"",""value"":""15–20""},{""variable"":""SpikeGap"",""column"":""spike_gap_bucket"",""value"":""40+""},{""variable"":""Antal value"",""column"":""value_count_bucket"",""value"":""2""}]",3,40.9057,0.2308
904,race_type=Öppet lopp AND spike_gap_bucket=30–40 AND spike_score_bucket=325–350 AND yellow_warning=false,race_type=Öppet lopp AND spike_score_bucket=325–350 AND yellow_warning=false,4,3,0,0.0,20,53.2406,46.2962,7.0105,-6.9444,False,Lopptyp = Öppet lopp -> SpikeGap = 30–40 -> SpikeScore = 325–350 -> Gul varning = Nej,"[{""variable"":""Lopptyp"",""column"":""race_type"",""value"":""Öppet lopp""},{""variable"":""SpikeGap"",""column"":""spike_gap_bucket"",""value"":""30–40""},{""variable"":""SpikeScore"",""column"":""spike_score_bucket"",""value"":""325–350""},{""variable"":""Gul varning"",""column"":""yellow_warning"",""value"":false}]",3,40.9035,0.2308
905,score_gap_bucket=10–15 AND spike_gap_bucket=20–30 AND value_count_bucket=0,score_gap_bucket=10–15 AND value_count_bucket=0,3,3,2,66.6667,14,41.8828,46.2564,6.9707,4.3736,False,ScoreGap = 10–15 -> SpikeGap = 20–30 -> Antal value = 0,"[{""variable"":""ScoreGap"",""column"":""score_gap_bucket"",""value"":""10–15""},{""variable"":""SpikeGap"",""column"":""spike_gap_bucket"",""value"":""20–30""},{""variable"":""Antal value"",""column"":""value_count_bucket"",""value"":""0""}]",3,40.8943,0.2308
906,race_type=3-hästarslopp AND red_warning=true,race_type=3-hästarslopp,2,7,2,28.5714,77,48.3063,43.1899,3.9041,-5.1164,True,Lopptyp = 3-hästarslopp -> Röd varning = Ja,"[{""variable"":""Lopptyp"",""column"":""race_type"",""value"":""3-hästarslopp""},{""variable"":""Röd varning"",""column"":""red_warning"",""value"":true}]",7,40.8933,0.4118
907,race_type=Öppet lopp AND spike_gap_bucket=40+ AND spike_score_bucket=300–325,race_type=Öppet lopp AND spike_gap_bucket=40+,3,3,2,66.6667,64,43.1772,46.241,6.9553,3.0638,False,Lopptyp = Öppet lopp -> SpikeGap = 40+ -> SpikeScore = 300–325,"[{""variable"":""Lopptyp"",""column"":""race_type"",""value"":""Öppet lopp""},{""variable"":""SpikeGap"",""column"":""spike_gap_bucket"",""value"":""40+""},{""variable"":""SpikeScore"",""column"":""spike_score_bucket"",""value"":""300–325""}]",3,40.8908,0.2308
908,spike_gap_bucket=0–10 AND spike_score_bucket=350–375 AND value_count_bucket=1,spike_gap_bucket=0–10 AND spike_score_bucket=350–375,3,7,2,28.5714,13,51.0198,43.1629,3.8772,-7.8569,True,SpikeGap = 0–10 -> SpikeScore = 350–375 -> Antal value = 1,"[{""variable"":""SpikeGap"",""column"":""spike_gap_bucket"",""value"":""0–10""},{""variable"":""SpikeScore"",""column"":""spike_score_bucket"",""value"":""350–375""},{""variable"":""Antal value"",""column"":""value_count_bucket"",""value"":""1""}]",7,40.8822,0.4118
909,red_warning=false AND spike_gap_bucket=0–10 AND value_count_bucket=1,red_warning=false AND spike_gap_bucket=0–10,3,10,4,40.0,31,43.7075,42.4717,3.186,-1.2358,True,Röd varning = Nej -> SpikeGap = 0–10 -> Antal value = 1,"[{""variable"":""Röd varning"",""column"":""red_warning"",""value"":false},{""variable"":""SpikeGap"",""column"":""spike_gap_bucket"",""value"":""0–10""},{""variable"":""Antal value"",""column"":""value_count_bucket"",""value"":""1""}]",10,40.8787,0.5
910,spike_gap_bucket=0–10 AND spike_score_bucket=400+ AND yellow_warning=true,spike_score_bucket=400+ AND yellow_warning=true,3,1,1,100.0,10,52.4567,56.7788,17.4931,4.3221,False,SpikeGap = 0–10 -> SpikeScore = 400+ -> Gul varning = Ja,"[{""variable"":""SpikeGap"",""column"":""spike_gap_bucket"",""value"":""0–10""},{""variable"":""SpikeScore"",""column"":""spike_score_bucket"",""value"":""400+""},{""variable"":""Gul varning"",""column"":""yellow_warning"",""value"":true}]",1,40.876,0.0909
911,spike_gap_bucket=20–30 AND spike_score_bucket=400+ AND yellow_warning=true,spike_score_bucket=400+ AND yellow_warning=true,3,1,1,100.0,10,52.4567,56.7788,17.4931,4.3221,False,SpikeGap = 20–30 -> SpikeScore = 400+ -> Gul varning = Ja,"[{""variable"":""SpikeGap"",""column"":""spike_gap_bucket"",""value"":""20–30""},{""variable"":""SpikeScore"",""column"":""spike_score_bucket"",""value"":""400+""},{""variable"":""Gul varning"",""column"":""yellow_warning"",""value"":true}]",1,40.876,0.0909
912,spike_gap_bucket=30–40 AND spike_score_bucket=400+ AND yellow_warning=true,spike_score_bucket=400+ AND yellow_warning=true,3,1,1,100.0,10,52.4567,56.7788,17.4931,4.3221,False,SpikeGap = 30–40 -> SpikeScore = 400+ -> Gul varning = Ja,"[{""variable"":""SpikeGap"",""column"":""spike_gap_bucket"",""value"":""30–40""},{""variable"":""SpikeScore"",""column"":""spike_score_bucket"",""value"":""400+""},{""variable"":""Gul varning"",""column"":""yellow_warning"",""value"":true}]",1,40.876,0.0909
913,score_gap_bucket=0–5 AND spike_gap_bucket=0–10 AND spike_score_bucket=325–350,score_gap_bucket=0–5 AND spike_score_bucket=325–350,3,4,2,50.0,16,43.5592,44.8474,5.5616,1.2882,False,ScoreGap = 0–5 -> SpikeGap = 0–10 -> SpikeScore = 325–350,"[{""variable"":""ScoreGap"",""column"":""score_gap_bucket"",""value"":""0–5""},{""variable"":""SpikeGap"",""column"":""spike_gap_bucket"",""value"":""0–10""},{""variable"":""SpikeScore"",""column"":""spike_score_bucket"",""value"":""325–350""}]",4,40.8748,0.2857
914,spike_gap_bucket=40+ AND spike_score_bucket=300–325 AND value_count_bucket=1,spike_gap_bucket=40+ AND value_count_bucket=1,3,3,2,66.6667,34,43.0904,46.1656,6.8799,3.0752,False,SpikeGap = 40+ -> SpikeScore = 300–325 -> Antal value = 1,"[{""variable"":""SpikeGap"",""column"":""spike_gap_bucket"",""value"":""40+""},{""variable"":""SpikeScore"",""column"":""spike_score_bucket"",""value"":""300–325""},{""variable"":""Antal value"",""column"":""value_count_bucket"",""value"":""1""}]",3,40.8734,0.2308
915,race_type=3-hästarslopp AND spike_score_bucket=375–400 AND spread_bucket=70–80 AND value_count_bucket=1,race_type=3-hästarslopp AND spread_bucket=70–80 AND value_count_bucket=1,4,2,1,50.0,7,48.4395,48.7863,9.5006,0.3468,False,Lopptyp = 3-hästarslopp -> SpikeScore = 375–400 -> Spread = 70–80 -> Antal value = 1,"[{""variable"":""Lopptyp"",""column"":""race_type"",""value"":""3-hästarslopp""},{""variable"":""SpikeScore"",""column"":""spike_score_bucket"",""value"":""375–400""},{""variable"":""Spread"",""column"":""spread_bucket"",""value"":""70–80""},{""variable"":""Antal value"",""column"":""value_count_bucket"",""value"":""1""}]",2,40.8691,0.1667
916,race_type=Öppet lopp AND red_warning=false AND spike_gap_bucket=40+ AND spike_score_bucket=350–375 AND yellow_warning=true,race_type=Öppet lopp AND red_warning=false AND spike_gap_bucket=40+ AND spike_score_bucket=350–375,5,4,1,25.0,18,49.2289,44.8236,5.5379,-4.4053,False,Lopptyp = Öppet lopp -> Röd varning = Nej -> SpikeGap = 40+ -> SpikeScore = 350–375 -> Gul varning = Ja,"[{""variable"":""Lopptyp"",""column"":""race_type"",""value"":""Öppet lopp""},{""variable"":""Röd varning"",""column"":""red_warning"",""value"":false},{""variable"":""SpikeGap"",""column"":""spike_gap_bucket"",""value"":""40+""},{""variable"":""SpikeScore"",""column"":""spike_score_bucket"",""value"":""350–375""},{""variable"":""Gul varning"",""column"":""yellow_warning"",""value"":true}]",4,40.868,0.2857
917,red_warning=true AND spike_gap_bucket=40+,spike_gap_bucket=40+,2,14,5,35.7143,107,46.3442,41.9672,2.6815,-4.377,True,Röd varning = Ja -> SpikeGap = 40+,"[{""variable"":""Röd varning"",""column"":""red_warning"",""value"":true},{""variable"":""SpikeGap"",""column"":""spike_gap_bucket"",""value"":""40+""}]",14,40.8499,0.5833
918,score_gap_bucket=20+ AND spike_gap_bucket=40+ AND spike_score_bucket=375–400 AND yellow_warning=true,score_gap_bucket=20+ AND spike_gap_bucket=40+ AND yellow_warning=true,4,10,3,30.0,28,48.6123,42.4082,3.1225,-6.2041,True,ScoreGap = 20+ -> SpikeGap = 40+ -> SpikeScore = 375–400 -> Gul varning = Ja,"[{""variable"":""ScoreGap"",""column"":""score_gap_bucket"",""value"":""20+""},{""variable"":""SpikeGap"",""column"":""spike_gap_bucket"",""value"":""40+""},{""variable"":""SpikeScore"",""column"":""spike_score_bucket"",""value"":""375–400""},{""variable"":""Gul varning"",""column"":""yellow_warning"",""value"":true}]",10,40.847,0.5
919,race_type=Öppet lopp AND score_gap_bucket=0–5 AND spread_bucket=80+,score_gap_bucket=0–5 AND spread_bucket=80+,3,4,2,50.0,10,42.6311,44.7365,5.4508,2.1054,False,Lopptyp = Öppet lopp -> ScoreGap = 0–5 -> Spread = 80+,"[{""variable"":""Lopptyp"",""column"":""race_type"",""value"":""Öppet lopp""},{""variable"":""ScoreGap"",""column"":""score_gap_bucket"",""value"":""0–5""},{""variable"":""Spread"",""column"":""spread_bucket"",""value"":""80+""}]",4,40.8431,0.2857
920,score_gap_bucket=0–5 AND spread_bucket=80+ AND value_count_bucket=1,score_gap_bucket=0–5 AND spread_bucket=80+,3,4,2,50.0,10,42.6311,44.7365,5.4508,2.1054,False,ScoreGap = 0–5 -> Spread = 80+ -> Antal value = 1,"[{""variable"":""ScoreGap"",""column"":""score_gap_bucket"",""value"":""0–5""},{""variable"":""Spread"",""column"":""spread_bucket"",""value"":""80+""},{""variable"":""Antal value"",""column"":""value_count_bucket"",""value"":""1""}]",4,40.8431,0.2857
921,race_type=Öppet lopp AND score_gap_bucket=20+ AND spike_gap_bucket=20–30 AND spike_score_bucket=375–400,score_gap_bucket=20+ AND spike_gap_bucket=20–30 AND spike_score_bucket=375–400,4,2,1,50.0,5,48.0414,48.601,9.3153,0.5596,False,Lopptyp = Öppet lopp -> ScoreGap = 20+ -> SpikeGap = 20–30 -> SpikeScore = 375–400,"[{""variable"":""Lopptyp"",""column"":""race_type"",""value"":""Öppet lopp""},{""variable"":""ScoreGap"",""column"":""score_gap_bucket"",""value"":""20+""},{""variable"":""SpikeGap"",""column"":""spike_gap_bucket"",""value"":""20–30""},{""variable"":""SpikeScore"",""column"":""spike_score_bucket"",""value"":""375–400""}]",2,40.8383,0.1667
922,score_gap_bucket=20+ AND spike_gap_bucket=20–30 AND spike_score_bucket=400+,score_gap_bucket=20+ AND spike_score_bucket=400+,3,2,1,50.0,13,48.3321,48.5545,9.2688,0.2224,False,ScoreGap = 20+ -> SpikeGap = 20–30 -> SpikeScore = 400+,"[{""variable"":""ScoreGap"",""column"":""score_gap_bucket"",""value"":""20+""},{""variable"":""SpikeGap"",""column"":""spike_gap_bucket"",""value"":""20–30""},{""variable"":""SpikeScore"",""column"":""spike_score_bucket"",""value"":""400+""}]",2,40.8305,0.1667
923,race_type=3-hästarslopp AND score_gap_bucket=5–10 AND yellow_warning=false,race_type=3-hästarslopp AND yellow_warning=false,3,1,1,100.0,33,54.0778,56.2646,16.9789,2.1868,False,Lopptyp = 3-hästarslopp -> ScoreGap = 5–10 -> Gul varning = Nej,"[{""variable"":""Lopptyp"",""column"":""race_type"",""value"":""3-hästarslopp""},{""variable"":""ScoreGap"",""column"":""score_gap_bucket"",""value"":""5–10""},{""variable"":""Gul varning"",""column"":""yellow_warning"",""value"":false}]",1,40.8292,0.0909
924,spike_gap_bucket=20–30 AND spike_score_bucket=375–400 AND spread_bucket=80+ AND yellow_warning=true,spike_gap_bucket=20–30 AND spike_score_bucket=375–400 AND spread_bucket=80+,4,2,1,50.0,6,48.0593,48.5445,9.2588,0.4852,False,SpikeGap = 20–30 -> SpikeScore = 375–400 -> Spread = 80+ -> Gul varning = Ja,"[{""variable"":""SpikeGap"",""column"":""spike_gap_bucket"",""value"":""20–30""},{""variable"":""SpikeScore"",""column"":""spike_score_bucket"",""value"":""375–400""},{""variable"":""Spread"",""column"":""spread_bucket"",""value"":""80+""},{""variable"":""Gul varning"",""column"":""yellow_warning"",""value"":true}]",2,40.8288,0.1667
925,race_type=3-hästarslopp AND score_gap_bucket=20+ AND spike_score_bucket=350–375 AND value_count_bucket=1,race_type=3-hästarslopp AND score_gap_bucket=20+ AND spike_score_bucket=350–375,4,8,2,25.0,23,49.8539,42.7528,3.4671,-7.1011,True,Lopptyp = 3-hästarslopp -> ScoreGap = 20+ -> SpikeScore = 350–375 -> Antal value = 1,"[{""variable"":""Lopptyp"",""column"":""race_type"",""value"":""3-hästarslopp""},{""variable"":""ScoreGap"",""column"":""score_gap_bucket"",""value"":""20+""},{""variable"":""SpikeScore"",""column"":""spike_score_bucket"",""value"":""350–375""},{""variable"":""Antal value"",""column"":""value_count_bucket"",""value"":""1""}]",8,40.8266,0.4444
926,score_gap_bucket=20+ AND spike_score_bucket=350–375 AND spread_bucket=80+ AND value_count_bucket=1,score_gap_bucket=20+ AND spike_score_bucket=350–375 AND spread_bucket=80+,4,8,2,25.0,24,49.8452,42.7466,3.4609,-7.0986,True,ScoreGap = 20+ -> SpikeScore = 350–375 -> Spread = 80+ -> Antal value = 1,"[{""variable"":""ScoreGap"",""column"":""score_gap_bucket"",""value"":""20+""},{""variable"":""SpikeScore"",""column"":""spike_score_bucket"",""value"":""350–375""},{""variable"":""Spread"",""column"":""spread_bucket"",""value"":""80+""},{""variable"":""Antal value"",""column"":""value_count_bucket"",""value"":""1""}]",8,40.8239,0.4444
927,red_warning=false AND spike_gap_bucket=30–40 AND spread_bucket=80+ AND yellow_warning=true,red_warning=false AND spread_bucket=80+ AND yellow_warning=true,4,3,1,33.3333,39,47.8208,45.9311,6.6454,-1.8897,False,Röd varning = Nej -> SpikeGap = 30–40 -> Spread = 80+ -> Gul varning = Ja,"[{""variable"":""Röd varning"",""column"":""red_warning"",""value"":false},{""variable"":""SpikeGap"",""column"":""spike_gap_bucket"",""value"":""30–40""},{""variable"":""Spread"",""column"":""spread_bucket"",""value"":""80+""},{""variable"":""Gul varning"",""column"":""yellow_warning"",""value"":true}]",3,40.8193,0.2308
928,race_type=Öppet lopp AND score_gap_bucket=20+ AND spike_score_bucket=350–375 AND spread_bucket=<60 AND yellow_warning=true,race_type=Öppet lopp AND score_gap_bucket=20+ AND spike_score_bucket=350–375 AND yellow_warning=true,5,2,1,50.0,7,47.9957,48.4411,9.1554,0.4454,False,Lopptyp = Öppet lopp -> ScoreGap = 20+ -> SpikeScore = 350–375 -> Spread = <60 -> Gul varning = Ja,"[{""variable"":""Lopptyp"",""column"":""race_type"",""value"":""Öppet lopp""},{""variable"":""ScoreGap"",""column"":""score_gap_bucket"",""value"":""20+""},{""variable"":""SpikeScore"",""column"":""spike_score_bucket"",""value"":""350–375""},{""variable"":""Spread"",""column"":""spread_bucket"",""value"":""<60""},{""variable"":""Gul varning"",""column"":""yellow_warning"",""value"":true}]",2,40.8116,0.1667
929,spike_gap_bucket=40+ AND value_count_bucket=3+,spike_gap_bucket=40+,2,6,2,33.3333,107,46.3442,43.3417,4.056,-3.0025,True,SpikeGap = 40+ -> Antal value = 3+,"[{""variable"":""SpikeGap"",""column"":""spike_gap_bucket"",""value"":""40+""},{""variable"":""Antal value"",""column"":""value_count_bucket"",""value"":""3+""}]",6,40.8067,0.375
930,race_type=Öppet lopp AND spike_score_bucket=325–350 AND spread_bucket=70–80 AND yellow_warning=false,race_type=Öppet lopp AND spike_score_bucket=325–350 AND yellow_warning=false,4,2,0,0.0,20,53.2406,48.4005,9.1148,-4.8401,False,Lopptyp = Öppet lopp -> SpikeScore = 325–350 -> Spread = 70–80 -> Gul varning = Nej,"[{""variable"":""Lopptyp"",""column"":""race_type"",""value"":""Öppet lopp""},{""variable"":""SpikeScore"",""column"":""spike_score_bucket"",""value"":""325–350""},{""variable"":""Spread"",""column"":""spread_bucket"",""value"":""70–80""},{""variable"":""Gul varning"",""column"":""yellow_warning"",""value"":false}]",2,40.8048,0.1667
931,race_type=Öppet lopp AND red_warning=false AND spike_gap_bucket=30–40 AND spike_score_bucket=350–375,race_type=Öppet lopp AND red_warning=false AND spike_score_bucket=350–375,4,2,1,50.0,31,48.2336,48.3942,9.1085,0.1606,False,Lopptyp = Öppet lopp -> Röd varning = Nej -> SpikeGap = 30–40 -> SpikeScore = 350–375,"[{""variable"":""Lopptyp"",""column"":""race_type"",""value"":""Öppet lopp""},{""variable"":""Röd varning"",""column"":""red_warning"",""value"":false},{""variable"":""SpikeGap"",""column"":""spike_gap_bucket"",""value"":""30–40""},{""variable"":""SpikeScore"",""column"":""spike_score_bucket"",""value"":""350–375""}]",2,40.8038,0.1667
932,score_gap_bucket=10–15 AND spike_gap_bucket=20–30 AND spread_bucket=80+,score_gap_bucket=10–15 AND spread_bucket=80+,3,1,1,100.0,5,47.1574,55.9645,16.6788,8.8071,False,ScoreGap = 10–15 -> SpikeGap = 20–30 -> Spread = 80+,"[{""variable"":""ScoreGap"",""column"":""score_gap_bucket"",""value"":""10–15""},{""variable"":""SpikeGap"",""column"":""spike_gap_bucket"",""value"":""20–30""},{""variable"":""Spread"",""column"":""spread_bucket"",""value"":""80+""}]",1,40.802,0.0909
933,score_gap_bucket=10–15 AND value_count_bucket=0,value_count_bucket=0,2,14,6,42.8571,118,41.2008,41.8828,2.5971,0.682,True,ScoreGap = 10–15 -> Antal value = 0,"[{""variable"":""ScoreGap"",""column"":""score_gap_bucket"",""value"":""10–15""},{""variable"":""Antal value"",""column"":""value_count_bucket"",""value"":""0""}]",14,40.8007,0.5833
934,spike_gap_bucket=40+ AND spike_score_bucket=400+ AND value_count_bucket=1,spike_gap_bucket=40+ AND spike_score_bucket=400+,3,3,1,33.3333,11,49.2543,45.8427,6.557,-3.4116,False,SpikeGap = 40+ -> SpikeScore = 400+ -> Antal value = 1,"[{""variable"":""SpikeGap"",""column"":""spike_gap_bucket"",""value"":""40+""},{""variable"":""SpikeScore"",""column"":""spike_score_bucket"",""value"":""400+""},{""variable"":""Antal value"",""column"":""value_count_bucket"",""value"":""1""}]",3,40.7989,0.2308
935,red_warning=false AND spread_bucket=80+ AND value_count_bucket=1,red_warning=false AND spread_bucket=80+,3,26,10,38.4615,88,45.1753,41.3806,2.0949,-3.7947,True,Röd varning = Nej -> Spread = 80+ -> Antal value = 1,"[{""variable"":""Röd varning"",""column"":""red_warning"",""value"":false},{""variable"":""Spread"",""column"":""spread_bucket"",""value"":""80+""},{""variable"":""Antal value"",""column"":""value_count_bucket"",""value"":""1""}]",26,40.7987,0.7222
936,score_gap_bucket=20+ AND spike_score_bucket=375–400 AND spread_bucket=<60 AND yellow_warning=false,score_gap_bucket=20+ AND spread_bucket=<60 AND yellow_warning=false,4,1,1,100.0,8,50.3613,55.8767,16.591,5.5154,False,ScoreGap = 20+ -> SpikeScore = 375–400 -> Spread = <60 -> Gul varning = Nej,"[{""variable"":""ScoreGap"",""column"":""score_gap_bucket"",""value"":""20+""},{""variable"":""SpikeScore"",""column"":""spike_score_bucket"",""value"":""375–400""},{""variable"":""Spread"",""column"":""spread_bucket"",""value"":""<60""},{""variable"":""Gul varning"",""column"":""yellow_warning"",""value"":false}]",1,40.794,0.0909
937,score_gap_bucket=15–20 AND spike_score_bucket=350–375 AND spread_bucket=<60 AND yellow_warning=false,spike_score_bucket=350–375 AND spread_bucket=<60 AND yellow_warning=false,4,1,1,100.0,13,52.454,55.8501,16.5644,3.3961,False,ScoreGap = 15–20 -> SpikeScore = 350–375 -> Spread = <60 -> Gul varning = Nej,"[{""variable"":""ScoreGap"",""column"":""score_gap_bucket"",""value"":""15–20""},{""variable"":""SpikeScore"",""column"":""spike_score_bucket"",""value"":""350–375""},{""variable"":""Spread"",""column"":""spread_bucket"",""value"":""<60""},{""variable"":""Gul varning"",""column"":""yellow_warning"",""value"":false}]",1,40.7916,0.0909
938,score_gap_bucket=20+ AND spike_score_bucket=300–325,score_gap_bucket=20+,2,5,2,40.0,116,44.7479,43.7983,4.5126,-0.9496,True,ScoreGap = 20+ -> SpikeScore = 300–325,"[{""variable"":""ScoreGap"",""column"":""score_gap_bucket"",""value"":""20+""},{""variable"":""SpikeScore"",""column"":""spike_score_bucket"",""value"":""300–325""}]",5,40.7899,0.3333
939,spike_score_bucket=350–375 AND spread_bucket=<60,spike_score_bucket=350–375,2,28,11,39.2857,77,44.1826,41.3261,2.0404,-2.8565,True,SpikeScore = 350–375 -> Spread = <60,"[{""variable"":""SpikeScore"",""column"":""spike_score_bucket"",""value"":""350–375""},{""variable"":""Spread"",""column"":""spread_bucket"",""value"":""<60""}]",28,40.7892,0.7368
940,score_gap_bucket=5–10 AND spike_score_bucket=350–375,spike_score_bucket=350–375,2,13,5,38.4615,77,44.1826,41.9288,2.6431,-2.2538,True,ScoreGap = 5–10 -> SpikeScore = 350–375,"[{""variable"":""ScoreGap"",""column"":""score_gap_bucket"",""value"":""5–10""},{""variable"":""SpikeScore"",""column"":""spike_score_bucket"",""value"":""350–375""}]",13,40.7796,0.5652
941,red_warning=false AND spike_gap_bucket=10–20 AND spike_score_bucket=350–375 AND spread_bucket=<60,red_warning=false AND spike_score_bucket=350–375 AND spread_bucket=<60,4,3,1,33.3333,19,47.6902,45.7324,6.4467,-1.9578,False,Röd varning = Nej -> SpikeGap = 10–20 -> SpikeScore = 350–375 -> Spread = <60,"[{""variable"":""Röd varning"",""column"":""red_warning"",""value"":false},{""variable"":""SpikeGap"",""column"":""spike_gap_bucket"",""value"":""10–20""},{""variable"":""SpikeScore"",""column"":""spike_score_bucket"",""value"":""350–375""},{""variable"":""Spread"",""column"":""spread_bucket"",""value"":""<60""}]",3,40.7734,0.2308
942,race_type=Topp 5-profil AND red_warning=false AND spike_score_bucket=350–375,red_warning=false AND spike_score_bucket=350–375,3,2,1,50.0,63,47.9958,48.178,8.8923,0.1822,False,Lopptyp = Topp 5-profil -> Röd varning = Nej -> SpikeScore = 350–375,"[{""variable"":""Lopptyp"",""column"":""race_type"",""value"":""Topp 5-profil""},{""variable"":""Röd varning"",""column"":""red_warning"",""value"":false},{""variable"":""SpikeScore"",""column"":""spike_score_bucket"",""value"":""350–375""}]",2,40.7678,0.1667
943,red_warning=false AND spike_score_bucket=350–375 AND value_count_bucket=1,red_warning=false AND spike_score_bucket=350–375,3,20,7,35.0,63,47.9958,41.4979,2.2122,-6.4979,True,Röd varning = Nej -> SpikeScore = 350–375 -> Antal value = 1,"[{""variable"":""Röd varning"",""column"":""red_warning"",""value"":false},{""variable"":""SpikeScore"",""column"":""spike_score_bucket"",""value"":""350–375""},{""variable"":""Antal value"",""column"":""value_count_bucket"",""value"":""1""}]",20,40.7605,0.6667
944,score_gap_bucket=15–20 AND spike_gap_bucket=40+ AND spread_bucket=80+,spike_gap_bucket=40+ AND spread_bucket=80+,3,2,0,0.0,41,52.8997,48.0906,8.8049,-4.8091,False,ScoreGap = 15–20 -> SpikeGap = 40+ -> Spread = 80+,"[{""variable"":""ScoreGap"",""column"":""score_gap_bucket"",""value"":""15–20""},{""variable"":""SpikeGap"",""column"":""spike_gap_bucket"",""value"":""40+""},{""variable"":""Spread"",""column"":""spread_bucket"",""value"":""80+""}]",2,40.7532,0.1667
945,score_gap_bucket=15–20 AND spike_score_bucket=325–350 AND spread_bucket=<60,score_gap_bucket=15–20 AND spike_score_bucket=325–350,3,2,1,50.0,5,47.3016,48.0726,8.7869,0.771,False,ScoreGap = 15–20 -> SpikeScore = 325–350 -> Spread = <60,"[{""variable"":""ScoreGap"",""column"":""score_gap_bucket"",""value"":""15–20""},{""variable"":""SpikeScore"",""column"":""spike_score_bucket"",""value"":""325–350""},{""variable"":""Spread"",""column"":""spread_bucket"",""value"":""<60""}]",2,40.7502,0.1667
946,score_gap_bucket=0–5 AND spike_score_bucket=400+,spike_score_bucket=400+,2,4,2,50.0,19,43.2234,44.4019,5.1162,1.1785,False,ScoreGap = 0–5 -> SpikeScore = 400+,"[{""variable"":""ScoreGap"",""column"":""score_gap_bucket"",""value"":""0–5""},{""variable"":""SpikeScore"",""column"":""spike_score_bucket"",""value"":""400+""}]",4,40.7475,0.2857
947,race_type=Öppet lopp AND score_gap_bucket=10–15 AND spread_bucket=80+,score_gap_bucket=10–15 AND spread_bucket=80+,3,2,1,50.0,5,47.1574,47.9696,8.6839,0.8122,False,Lopptyp = Öppet lopp -> ScoreGap = 10–15 -> Spread = 80+,"[{""variable"":""Lopptyp"",""column"":""race_type"",""value"":""Öppet lopp""},{""variable"":""ScoreGap"",""column"":""score_gap_bucket"",""value"":""10–15""},{""variable"":""Spread"",""column"":""spread_bucket"",""value"":""80+""}]",2,40.733,0.1667
948,score_gap_bucket=10–15 AND spike_score_bucket=375–400 AND spread_bucket=80+,score_gap_bucket=10–15 AND spread_bucket=80+,3,2,1,50.0,5,47.1574,47.9696,8.6839,0.8122,False,ScoreGap = 10–15 -> SpikeScore = 375–400 -> Spread = 80+,"[{""variable"":""ScoreGap"",""column"":""score_gap_bucket"",""value"":""10–15""},{""variable"":""SpikeScore"",""column"":""spike_score_bucket"",""value"":""375–400""},{""variable"":""Spread"",""column"":""spread_bucket"",""value"":""80+""}]",2,40.733,0.1667
949,score_gap_bucket=10–15 AND spike_gap_bucket=40+ AND spread_bucket=80+,spike_gap_bucket=40+ AND spread_bucket=80+,3,1,1,100.0,41,52.8997,55.1426,15.8569,2.2429,False,ScoreGap = 10–15 -> SpikeGap = 40+ -> Spread = 80+,"[{""variable"":""ScoreGap"",""column"":""score_gap_bucket"",""value"":""10–15""},{""variable"":""SpikeGap"",""column"":""spike_gap_bucket"",""value"":""40+""},{""variable"":""Spread"",""column"":""spread_bucket"",""value"":""80+""}]",1,40.7272,0.0909
950,spike_gap_bucket=40+ AND spread_bucket=80+ AND value_count_bucket=3+,spike_gap_bucket=40+ AND spread_bucket=80+,3,1,1,100.0,41,52.8997,55.1426,15.8569,2.2429,False,SpikeGap = 40+ -> Spread = 80+ -> Antal value = 3+,"[{""variable"":""SpikeGap"",""column"":""spike_gap_bucket"",""value"":""40+""},{""variable"":""Spread"",""column"":""spread_bucket"",""value"":""80+""},{""variable"":""Antal value"",""column"":""value_count_bucket"",""value"":""3+""}]",1,40.7272,0.0909
951,red_warning=false AND spike_score_bucket=350–375 AND spread_bucket=<60 AND value_count_bucket=2,red_warning=false AND spike_score_bucket=350–375 AND spread_bucket=<60,4,2,1,50.0,19,47.6902,47.9102,8.6245,0.22,False,Röd varning = Nej -> SpikeScore = 350–375 -> Spread = <60 -> Antal value = 2,"[{""variable"":""Röd varning"",""column"":""red_warning"",""value"":false},{""variable"":""SpikeScore"",""column"":""spike_score_bucket"",""value"":""350–375""},{""variable"":""Spread"",""column"":""spread_bucket"",""value"":""<60""},{""variable"":""Antal value"",""column"":""value_count_bucket"",""value"":""2""}]",2,40.7231,0.1667
952,score_gap_bucket=10–15 AND spike_gap_bucket=0–10,spike_gap_bucket=0–10,2,6,3,50.0,43,41.0431,43.1101,3.8244,2.067,True,ScoreGap = 10–15 -> SpikeGap = 0–10,"[{""variable"":""ScoreGap"",""column"":""score_gap_bucket"",""value"":""10–15""},{""variable"":""SpikeGap"",""column"":""spike_gap_bucket"",""value"":""0–10""}]",6,40.7199,0.375
953,race_type=Öppet lopp AND score_gap_bucket=15–20 AND spike_gap_bucket=30–40 AND spike_score_bucket=350–375,race_type=Öppet lopp AND score_gap_bucket=15–20 AND spike_gap_bucket=30–40,4,1,1,100.0,5,46.0545,55.0454,15.7597,8.9909,False,Lopptyp = Öppet lopp -> ScoreGap = 15–20 -> SpikeGap = 30–40 -> SpikeScore = 350–375,"[{""variable"":""Lopptyp"",""column"":""race_type"",""value"":""Öppet lopp""},{""variable"":""ScoreGap"",""column"":""score_gap_bucket"",""value"":""15–20""},{""variable"":""SpikeGap"",""column"":""spike_gap_bucket"",""value"":""30–40""},{""variable"":""SpikeScore"",""column"":""spike_score_bucket"",""value"":""350–375""}]",1,40.7184,0.0909
954,race_type=Öppet lopp AND score_gap_bucket=20+,score_gap_bucket=20+,2,58,23,39.6552,116,44.7479,40.961,1.6753,-3.7869,True,Lopptyp = Öppet lopp -> ScoreGap = 20+,"[{""variable"":""Lopptyp"",""column"":""race_type"",""value"":""Öppet lopp""},{""variable"":""ScoreGap"",""column"":""score_gap_bucket"",""value"":""20+""}]",58,40.7146,0.8529
955,spike_gap_bucket=0–10,,1,43,18,41.8605,252,39.2857,41.0431,1.7574,1.7574,True,SpikeGap = 0–10,"[{""variable"":""SpikeGap"",""column"":""spike_gap_bucket"",""value"":""0–10""}]",43,40.7115,0.8113
956,race_type=3-hästarslopp AND spike_score_bucket=375–400 AND spread_bucket=80+ AND yellow_warning=true,race_type=3-hästarslopp AND spread_bucket=80+ AND yellow_warning=true,4,12,4,33.3333,33,47.0016,41.876,2.5903,-5.1256,True,Lopptyp = 3-hästarslopp -> SpikeScore = 375–400 -> Spread = 80+ -> Gul varning = Ja,"[{""variable"":""Lopptyp"",""column"":""race_type"",""value"":""3-hästarslopp""},{""variable"":""SpikeScore"",""column"":""spike_score_bucket"",""value"":""375–400""},{""variable"":""Spread"",""column"":""spread_bucket"",""value"":""80+""},{""variable"":""Gul varning"",""column"":""yellow_warning"",""value"":true}]",12,40.6986,0.5455
957,score_gap_bucket=15–20 AND spike_gap_bucket=40+ AND spread_bucket=80+ AND yellow_warning=false,spike_gap_bucket=40+ AND spread_bucket=80+ AND yellow_warning=false,4,1,0,0.0,21,57.512,54.7733,15.4876,-2.7387,False,ScoreGap = 15–20 -> SpikeGap = 40+ -> Spread = 80+ -> Gul varning = Nej,"[{""variable"":""ScoreGap"",""column"":""score_gap_bucket"",""value"":""15–20""},{""variable"":""SpikeGap"",""column"":""spike_gap_bucket"",""value"":""40+""},{""variable"":""Spread"",""column"":""spread_bucket"",""value"":""80+""},{""variable"":""Gul varning"",""column"":""yellow_warning"",""value"":false}]",1,40.6937,0.0909
958,score_gap_bucket=5–10 AND spike_gap_bucket=40+ AND spike_score_bucket=350–375,spike_gap_bucket=40+ AND spike_score_bucket=350–375,3,6,2,33.3333,35,45.9433,43.0333,3.7476,-2.91,True,ScoreGap = 5–10 -> SpikeGap = 40+ -> SpikeScore = 350–375,"[{""variable"":""ScoreGap"",""column"":""score_gap_bucket"",""value"":""5–10""},{""variable"":""SpikeGap"",""column"":""spike_gap_bucket"",""value"":""40+""},{""variable"":""SpikeScore"",""column"":""spike_score_bucket"",""value"":""350–375""}]",6,40.6911,0.375
959,red_warning=true AND spike_gap_bucket=40+ AND spike_score_bucket=350–375,spike_gap_bucket=40+ AND spike_score_bucket=350–375,3,6,2,33.3333,35,45.9433,43.0333,3.7476,-2.91,True,Röd varning = Ja -> SpikeGap = 40+ -> SpikeScore = 350–375,"[{""variable"":""Röd varning"",""column"":""red_warning"",""value"":true},{""variable"":""SpikeGap"",""column"":""spike_gap_bucket"",""value"":""40+""},{""variable"":""SpikeScore"",""column"":""spike_score_bucket"",""value"":""350–375""}]",6,40.6911,0.375
960,race_type=3-hästarslopp AND spike_score_bucket=375–400 AND spread_bucket=70–80 AND yellow_warning=true,race_type=3-hästarslopp AND spread_bucket=70–80 AND yellow_warning=true,4,3,1,33.3333,11,48.6408,45.3606,6.0749,-3.2802,False,Lopptyp = 3-hästarslopp -> SpikeScore = 375–400 -> Spread = 70–80 -> Gul varning = Ja,"[{""variable"":""Lopptyp"",""column"":""race_type"",""value"":""3-hästarslopp""},{""variable"":""SpikeScore"",""column"":""spike_score_bucket"",""value"":""375–400""},{""variable"":""Spread"",""column"":""spread_bucket"",""value"":""70–80""},{""variable"":""Gul varning"",""column"":""yellow_warning"",""value"":true}]",3,40.6876,0.2308
961,spike_gap_bucket=0–10 AND spread_bucket=<60 AND value_count_bucket=1,spike_gap_bucket=0–10 AND spread_bucket=<60,3,5,2,40.0,14,44.7312,43.4861,4.2004,-1.2451,True,SpikeGap = 0–10 -> Spread = <60 -> Antal value = 1,"[{""variable"":""SpikeGap"",""column"":""spike_gap_bucket"",""value"":""0–10""},{""variable"":""Spread"",""column"":""spread_bucket"",""value"":""<60""},{""variable"":""Antal value"",""column"":""value_count_bucket"",""value"":""1""}]",5,40.6858,0.3333
962,race_type=3-hästarslopp AND score_gap_bucket=20+ AND spike_gap_bucket=40+ AND spike_score_bucket=375–400 AND yellow_warning=false,race_type=3-hästarslopp AND score_gap_bucket=20+ AND spike_gap_bucket=40+ AND yellow_warning=false,5,1,0,0.0,12,59.2043,54.6501,15.3644,-4.5542,False,Lopptyp = 3-hästarslopp -> ScoreGap = 20+ -> SpikeGap = 40+ -> SpikeScore = 375–400 -> Gul varning = Nej,"[{""variable"":""Lopptyp"",""column"":""race_type"",""value"":""3-hästarslopp""},{""variable"":""ScoreGap"",""column"":""score_gap_bucket"",""value"":""20+""},{""variable"":""SpikeGap"",""column"":""spike_gap_bucket"",""value"":""40+""},{""variable"":""SpikeScore"",""column"":""spike_score_bucket"",""value"":""375–400""},{""variable"":""Gul varning"",""column"":""yellow_warning"",""value"":false}]",1,40.6825,0.0909
963,red_warning=false AND spike_score_bucket=375–400 AND spread_bucket=80+ AND yellow_warning=true,red_warning=false AND spread_bucket=80+ AND yellow_warning=true,4,15,5,33.3333,39,47.8208,41.6119,2.3262,-6.2089,True,Röd varning = Nej -> SpikeScore = 375–400 -> Spread = 80+ -> Gul varning = Ja,"[{""variable"":""Röd varning"",""column"":""red_warning"",""value"":false},{""variable"":""SpikeScore"",""column"":""spike_score_bucket"",""value"":""375–400""},{""variable"":""Spread"",""column"":""spread_bucket"",""value"":""80+""},{""variable"":""Gul varning"",""column"":""yellow_warning"",""value"":true}]",15,40.6814,0.6
964,spike_gap_bucket=40+ AND spike_score_bucket=<300 AND yellow_warning=false,spike_gap_bucket=40+ AND yellow_warning=false,3,2,0,0.0,53,52.4231,47.6574,8.3716,-4.7657,False,SpikeGap = 40+ -> SpikeScore = <300 -> Gul varning = Nej,"[{""variable"":""SpikeGap"",""column"":""spike_gap_bucket"",""value"":""40+""},{""variable"":""SpikeScore"",""column"":""spike_score_bucket"",""value"":""<300""},{""variable"":""Gul varning"",""column"":""yellow_warning"",""value"":false}]",2,40.681,0.1667
965,race_type=Öppet lopp AND score_gap_bucket=20+ AND value_count_bucket=3+,score_gap_bucket=20+ AND value_count_bucket=3+,3,3,1,33.3333,9,49.3309,45.3315,6.0458,-3.9994,False,Lopptyp = Öppet lopp -> ScoreGap = 20+ -> Antal value = 3+,"[{""variable"":""Lopptyp"",""column"":""race_type"",""value"":""Öppet lopp""},{""variable"":""ScoreGap"",""column"":""score_gap_bucket"",""value"":""20+""},{""variable"":""Antal value"",""column"":""value_count_bucket"",""value"":""3+""}]",3,40.6809,0.2308
966,red_warning=false AND spike_score_bucket=350–375 AND spread_bucket=60–70,red_warning=false AND spike_score_bucket=350–375,3,4,1,25.0,63,47.9958,44.1632,4.8775,-3.8326,False,Röd varning = Nej -> SpikeScore = 350–375 -> Spread = 60–70,"[{""variable"":""Röd varning"",""column"":""red_warning"",""value"":false},{""variable"":""SpikeScore"",""column"":""spike_score_bucket"",""value"":""350–375""},{""variable"":""Spread"",""column"":""spread_bucket"",""value"":""60–70""}]",4,40.6793,0.2857
967,red_warning=false AND spike_gap_bucket=40+ AND spread_bucket=<60,red_warning=false AND spike_gap_bucket=40+,3,33,12,36.3636,93,48.9105,41.0983,1.8126,-7.8122,True,Röd varning = Nej -> SpikeGap = 40+ -> Spread = <60,"[{""variable"":""Röd varning"",""column"":""red_warning"",""value"":false},{""variable"":""SpikeGap"",""column"":""spike_gap_bucket"",""value"":""40+""},{""variable"":""Spread"",""column"":""spread_bucket"",""value"":""<60""}]",33,40.6768,0.7674
968,score_gap_bucket=20+ AND spike_gap_bucket=40+ AND spike_score_bucket=<300 AND yellow_warning=false,score_gap_bucket=20+ AND spike_gap_bucket=40+ AND yellow_warning=false,4,1,0,0.0,28,57.2596,54.533,15.2472,-2.7266,False,ScoreGap = 20+ -> SpikeGap = 40+ -> SpikeScore = <300 -> Gul varning = Nej,"[{""variable"":""ScoreGap"",""column"":""score_gap_bucket"",""value"":""20+""},{""variable"":""SpikeGap"",""column"":""spike_gap_bucket"",""value"":""40+""},{""variable"":""SpikeScore"",""column"":""spike_score_bucket"",""value"":""<300""},{""variable"":""Gul varning"",""column"":""yellow_warning"",""value"":false}]",1,40.6718,0.0909
969,score_gap_bucket=15–20 AND spike_gap_bucket=0–10 AND spike_score_bucket=350–375,spike_gap_bucket=0–10 AND spike_score_bucket=350–375,3,1,1,100.0,13,51.0198,54.5184,15.2327,3.4986,False,ScoreGap = 15–20 -> SpikeGap = 0–10 -> SpikeScore = 350–375,"[{""variable"":""ScoreGap"",""column"":""score_gap_bucket"",""value"":""15–20""},{""variable"":""SpikeGap"",""column"":""spike_gap_bucket"",""value"":""0–10""},{""variable"":""SpikeScore"",""column"":""spike_score_bucket"",""value"":""350–375""}]",1,40.6705,0.0909
970,spike_gap_bucket=0–10 AND spike_score_bucket=350–375 AND value_count_bucket=3+,spike_gap_bucket=0–10 AND spike_score_bucket=350–375,3,1,1,100.0,13,51.0198,54.5184,15.2327,3.4986,False,SpikeGap = 0–10 -> SpikeScore = 350–375 -> Antal value = 3+,"[{""variable"":""SpikeGap"",""column"":""spike_gap_bucket"",""value"":""0–10""},{""variable"":""SpikeScore"",""column"":""spike_score_bucket"",""value"":""350–375""},{""variable"":""Antal value"",""column"":""value_count_bucket"",""value"":""3+""}]",1,40.6705,0.0909
971,spread_bucket=60–70 AND value_count_bucket=0,value_count_bucket=0,2,9,4,44.4444,118,41.2008,42.2074,2.9217,1.0066,True,Spread = 60–70 -> Antal value = 0,"[{""variable"":""Spread"",""column"":""spread_bucket"",""value"":""60–70""},{""variable"":""Antal value"",""column"":""value_count_bucket"",""value"":""0""}]",9,40.6697,0.4737
972,red_warning=false AND spike_score_bucket=375–400 AND value_count_bucket=2,red_warning=false AND value_count_bucket=2,3,5,2,40.0,19,44.3354,43.4322,4.1465,-0.9032,True,Röd varning = Nej -> SpikeScore = 375–400 -> Antal value = 2,"[{""variable"":""Röd varning"",""column"":""red_warning"",""value"":false},{""variable"":""SpikeScore"",""column"":""spike_score_bucket"",""value"":""375–400""},{""variable"":""Antal value"",""column"":""value_count_bucket"",""value"":""2""}]",5,40.6679,0.3333
973,red_warning=false AND spread_bucket=<60 AND value_count_bucket=2,red_warning=false AND value_count_bucket=2,3,5,2,40.0,19,44.3354,43.4322,4.1465,-0.9032,True,Röd varning = Nej -> Spread = <60 -> Antal value = 2,"[{""variable"":""Röd varning"",""column"":""red_warning"",""value"":false},{""variable"":""Spread"",""column"":""spread_bucket"",""value"":""<60""},{""variable"":""Antal value"",""column"":""value_count_bucket"",""value"":""2""}]",5,40.6679,0.3333
974,race_type=Öppet lopp AND spike_score_bucket=350–375 AND spread_bucket=70–80 AND yellow_warning=false,race_type=Öppet lopp AND spike_score_bucket=350–375 AND yellow_warning=false,4,1,1,100.0,19,52.0765,54.4727,15.187,2.3962,False,Lopptyp = Öppet lopp -> SpikeScore = 350–375 -> Spread = 70–80 -> Gul varning = Nej,"[{""variable"":""Lopptyp"",""column"":""race_type"",""value"":""Öppet lopp""},{""variable"":""SpikeScore"",""column"":""spike_score_bucket"",""value"":""350–375""},{""variable"":""Spread"",""column"":""spread_bucket"",""value"":""70–80""},{""variable"":""Gul varning"",""column"":""yellow_warning"",""value"":false}]",1,40.6663,0.0909
975,score_gap_bucket=5–10 AND spike_gap_bucket=40+ AND spike_score_bucket=375–400 AND value_count_bucket=1,score_gap_bucket=5–10 AND spike_gap_bucket=40+ AND value_count_bucket=1,4,2,1,50.0,7,46.7336,47.4595,8.1738,0.7259,False,ScoreGap = 5–10 -> SpikeGap = 40+ -> SpikeScore = 375–400 -> Antal value = 1,"[{""variable"":""ScoreGap"",""column"":""score_gap_bucket"",""value"":""5–10""},{""variable"":""SpikeGap"",""column"":""spike_gap_bucket"",""value"":""40+""},{""variable"":""SpikeScore"",""column"":""spike_score_bucket"",""value"":""375–400""},{""variable"":""Antal value"",""column"":""value_count_bucket"",""value"":""1""}]",2,40.648,0.1667
976,score_gap_bucket=5–10 AND spike_gap_bucket=40+ AND spread_bucket=<60 AND value_count_bucket=1,score_gap_bucket=5–10 AND spike_gap_bucket=40+ AND value_count_bucket=1,4,2,1,50.0,7,46.7336,47.4595,8.1738,0.7259,False,ScoreGap = 5–10 -> SpikeGap = 40+ -> Spread = <60 -> Antal value = 1,"[{""variable"":""ScoreGap"",""column"":""score_gap_bucket"",""value"":""5–10""},{""variable"":""SpikeGap"",""column"":""spike_gap_bucket"",""value"":""40+""},{""variable"":""Spread"",""column"":""spread_bucket"",""value"":""<60""},{""variable"":""Antal value"",""column"":""value_count_bucket"",""value"":""1""}]",2,40.648,0.1667
977,race_type=3-hästarslopp AND score_gap_bucket=5–10 AND spike_gap_bucket=40+ AND spike_score_bucket=375–400,race_type=3-hästarslopp AND score_gap_bucket=5–10 AND spike_gap_bucket=40+,4,3,1,33.3333,5,52.2865,45.1791,5.8933,-7.1074,False,Lopptyp = 3-hästarslopp -> ScoreGap = 5–10 -> SpikeGap = 40+ -> SpikeScore = 375–400,"[{""variable"":""Lopptyp"",""column"":""race_type"",""value"":""3-hästarslopp""},{""variable"":""ScoreGap"",""column"":""score_gap_bucket"",""value"":""5–10""},{""variable"":""SpikeGap"",""column"":""spike_gap_bucket"",""value"":""40+""},{""variable"":""SpikeScore"",""column"":""spike_score_bucket"",""value"":""375–400""}]",3,40.6457,0.2308
978,race_type=Topp 5-profil AND spike_score_bucket=350–375,spike_score_bucket=350–375,2,5,2,40.0,77,44.1826,43.3461,4.0604,-0.8365,True,Lopptyp = Topp 5-profil -> SpikeScore = 350–375,"[{""variable"":""Lopptyp"",""column"":""race_type"",""value"":""Topp 5-profil""},{""variable"":""SpikeScore"",""column"":""spike_score_bucket"",""value"":""350–375""}]",5,40.6392,0.3333
979,race_type=3-hästarslopp AND spike_gap_bucket=30–40 AND spread_bucket=80+ AND yellow_warning=true,race_type=3-hästarslopp AND spread_bucket=80+ AND yellow_warning=true,4,2,1,50.0,33,47.0016,47.2742,7.9885,0.2726,False,Lopptyp = 3-hästarslopp -> SpikeGap = 30–40 -> Spread = 80+ -> Gul varning = Ja,"[{""variable"":""Lopptyp"",""column"":""race_type"",""value"":""3-hästarslopp""},{""variable"":""SpikeGap"",""column"":""spike_gap_bucket"",""value"":""30–40""},{""variable"":""Spread"",""column"":""spread_bucket"",""value"":""80+""},{""variable"":""Gul varning"",""column"":""yellow_warning"",""value"":true}]",2,40.6171,0.1667
980,score_gap_bucket=20+ AND value_count_bucket=1,score_gap_bucket=20+,2,36,14,38.8889,116,44.7479,40.9814,1.6957,-3.7665,True,ScoreGap = 20+ -> Antal value = 1,"[{""variable"":""ScoreGap"",""column"":""score_gap_bucket"",""value"":""20+""},{""variable"":""Antal value"",""column"":""value_count_bucket"",""value"":""1""}]",36,40.6128,0.7826
981,score_gap_bucket=15–20 AND spike_score_bucket=350–375 AND value_count_bucket=1,score_gap_bucket=15–20 AND spike_score_bucket=350–375,3,3,1,33.3333,8,49.4161,45.0299,5.7442,-4.3862,False,ScoreGap = 15–20 -> SpikeScore = 350–375 -> Antal value = 1,"[{""variable"":""ScoreGap"",""column"":""score_gap_bucket"",""value"":""15–20""},{""variable"":""SpikeScore"",""column"":""spike_score_bucket"",""value"":""350–375""},{""variable"":""Antal value"",""column"":""value_count_bucket"",""value"":""1""}]",3,40.6113,0.2308
982,score_gap_bucket=5–10 AND spike_gap_bucket=0–10 AND spread_bucket=<60 AND value_count_bucket=1,score_gap_bucket=5–10 AND spike_gap_bucket=0–10 AND spread_bucket=<60,4,2,1,50.0,6,46.3118,47.2338,7.9481,0.922,False,ScoreGap = 5–10 -> SpikeGap = 0–10 -> Spread = <60 -> Antal value = 1,"[{""variable"":""ScoreGap"",""column"":""score_gap_bucket"",""value"":""5–10""},{""variable"":""SpikeGap"",""column"":""spike_gap_bucket"",""value"":""0–10""},{""variable"":""Spread"",""column"":""spread_bucket"",""value"":""<60""},{""variable"":""Antal value"",""column"":""value_count_bucket"",""value"":""1""}]",2,40.6104,0.1667
983,race_type=3-hästarslopp AND spike_gap_bucket=10–20 AND spike_score_bucket=325–350,race_type=3-hästarslopp AND spike_score_bucket=325–350,3,1,0,0.0,12,58.3164,53.8305,14.5448,-4.4859,False,Lopptyp = 3-hästarslopp -> SpikeGap = 10–20 -> SpikeScore = 325–350,"[{""variable"":""Lopptyp"",""column"":""race_type"",""value"":""3-hästarslopp""},{""variable"":""SpikeGap"",""column"":""spike_gap_bucket"",""value"":""10–20""},{""variable"":""SpikeScore"",""column"":""spike_score_bucket"",""value"":""325–350""}]",1,40.608,0.0909
984,score_gap_bucket=20+ AND spike_gap_bucket=0–10 AND value_count_bucket=1,score_gap_bucket=20+ AND spike_gap_bucket=0–10,3,7,3,42.8571,13,42.2715,42.4765,3.1908,0.205,True,ScoreGap = 20+ -> SpikeGap = 0–10 -> Antal value = 1,"[{""variable"":""ScoreGap"",""column"":""score_gap_bucket"",""value"":""20+""},{""variable"":""SpikeGap"",""column"":""spike_gap_bucket"",""value"":""0–10""},{""variable"":""Antal value"",""column"":""value_count_bucket"",""value"":""1""}]",7,40.5996,0.4118
985,score_gap_bucket=20+ AND spread_bucket=<60 AND value_count_bucket=2,score_gap_bucket=20+ AND value_count_bucket=2,3,1,1,100.0,12,49.8424,53.7007,14.415,3.8583,False,ScoreGap = 20+ -> Spread = <60 -> Antal value = 2,"[{""variable"":""ScoreGap"",""column"":""score_gap_bucket"",""value"":""20+""},{""variable"":""Spread"",""column"":""spread_bucket"",""value"":""<60""},{""variable"":""Antal value"",""column"":""value_count_bucket"",""value"":""2""}]",1,40.5962,0.0909
986,score_gap_bucket=20+ AND spike_score_bucket=375–400 AND spread_bucket=70–80,score_gap_bucket=20+ AND spread_bucket=70–80,3,5,1,20.0,23,49.0062,43.205,3.9192,-5.8012,True,ScoreGap = 20+ -> SpikeScore = 375–400 -> Spread = 70–80,"[{""variable"":""ScoreGap"",""column"":""score_gap_bucket"",""value"":""20+""},{""variable"":""SpikeScore"",""column"":""spike_score_bucket"",""value"":""375–400""},{""variable"":""Spread"",""column"":""spread_bucket"",""value"":""70–80""}]",5,40.5921,0.3333
987,spike_score_bucket=400+ AND spread_bucket=80+ AND yellow_warning=false,spike_score_bucket=400+ AND spread_bucket=80+,3,7,2,28.5714,14,49.3804,42.4441,3.1584,-6.9363,True,SpikeScore = 400+ -> Spread = 80+ -> Gul varning = Nej,"[{""variable"":""SpikeScore"",""column"":""spike_score_bucket"",""value"":""400+""},{""variable"":""Spread"",""column"":""spread_bucket"",""value"":""80+""},{""variable"":""Gul varning"",""column"":""yellow_warning"",""value"":false}]",7,40.5862,0.4118
988,score_gap_bucket=20+ AND spike_gap_bucket=30–40 AND spread_bucket=70–80 AND yellow_warning=true,score_gap_bucket=20+ AND spread_bucket=70–80 AND yellow_warning=true,4,1,0,0.0,13,57.6859,53.5655,14.2798,-4.1204,False,ScoreGap = 20+ -> SpikeGap = 30–40 -> Spread = 70–80 -> Gul varning = Ja,"[{""variable"":""ScoreGap"",""column"":""score_gap_bucket"",""value"":""20+""},{""variable"":""SpikeGap"",""column"":""spike_gap_bucket"",""value"":""30–40""},{""variable"":""Spread"",""column"":""spread_bucket"",""value"":""70–80""},{""variable"":""Gul varning"",""column"":""yellow_warning"",""value"":true}]",1,40.5839,0.0909
989,score_gap_bucket=5–10 AND spike_gap_bucket=0–10 AND yellow_warning=true,spike_gap_bucket=0–10 AND yellow_warning=true,3,5,2,40.0,26,43.9318,43.1454,3.8597,-0.7864,True,ScoreGap = 5–10 -> SpikeGap = 0–10 -> Gul varning = Ja,"[{""variable"":""ScoreGap"",""column"":""score_gap_bucket"",""value"":""5–10""},{""variable"":""SpikeGap"",""column"":""spike_gap_bucket"",""value"":""0–10""},{""variable"":""Gul varning"",""column"":""yellow_warning"",""value"":true}]",5,40.5723,0.3333
990,race_type=Öppet lopp AND spike_score_bucket=400+ AND value_count_bucket=2,race_type=Öppet lopp AND spike_score_bucket=400+,3,3,2,66.6667,12,39.395,44.8493,5.5636,5.4543,False,Lopptyp = Öppet lopp -> SpikeScore = 400+ -> Antal value = 2,"[{""variable"":""Lopptyp"",""column"":""race_type"",""value"":""Öppet lopp""},{""variable"":""SpikeScore"",""column"":""spike_score_bucket"",""value"":""400+""},{""variable"":""Antal value"",""column"":""value_count_bucket"",""value"":""2""}]",3,40.5696,0.2308
991,score_gap_bucket=20+ AND spike_gap_bucket=40+ AND spike_score_bucket=<300,score_gap_bucket=20+ AND spike_gap_bucket=40+,3,2,0,0.0,56,51.6695,46.9723,7.6866,-4.6972,False,ScoreGap = 20+ -> SpikeGap = 40+ -> SpikeScore = <300,"[{""variable"":""ScoreGap"",""column"":""score_gap_bucket"",""value"":""20+""},{""variable"":""SpikeGap"",""column"":""spike_gap_bucket"",""value"":""40+""},{""variable"":""SpikeScore"",""column"":""spike_score_bucket"",""value"":""<300""}]",2,40.5668,0.1667
992,red_warning=false AND spike_gap_bucket=40+ AND spread_bucket=60–70,red_warning=false AND spike_gap_bucket=40+,3,5,1,20.0,93,48.9105,43.1284,3.8427,-5.7821,True,Röd varning = Nej -> SpikeGap = 40+ -> Spread = 60–70,"[{""variable"":""Röd varning"",""column"":""red_warning"",""value"":false},{""variable"":""SpikeGap"",""column"":""spike_gap_bucket"",""value"":""40+""},{""variable"":""Spread"",""column"":""spread_bucket"",""value"":""60–70""}]",5,40.5666,0.3333
993,race_type=Öppet lopp AND spike_gap_bucket=20–30 AND spread_bucket=80+ AND yellow_warning=true,race_type=Öppet lopp AND spread_bucket=80+ AND yellow_warning=true,4,1,1,100.0,11,49.0784,53.3219,14.0362,4.2435,False,Lopptyp = Öppet lopp -> SpikeGap = 20–30 -> Spread = 80+ -> Gul varning = Ja,"[{""variable"":""Lopptyp"",""column"":""race_type"",""value"":""Öppet lopp""},{""variable"":""SpikeGap"",""column"":""spike_gap_bucket"",""value"":""20–30""},{""variable"":""Spread"",""column"":""spread_bucket"",""value"":""80+""},{""variable"":""Gul varning"",""column"":""yellow_warning"",""value"":true}]",1,40.5617,0.0909
994,red_warning=false AND spike_score_bucket=350–375 AND spread_bucket=<60 AND value_count_bucket=1,red_warning=false AND spike_score_bucket=350–375 AND spread_bucket=<60,4,4,1,25.0,19,47.6902,43.7441,4.4584,-3.9461,False,Röd varning = Nej -> SpikeScore = 350–375 -> Spread = <60 -> Antal value = 1,"[{""variable"":""Röd varning"",""column"":""red_warning"",""value"":false},{""variable"":""SpikeScore"",""column"":""spike_score_bucket"",""value"":""350–375""},{""variable"":""Spread"",""column"":""spread_bucket"",""value"":""<60""},{""variable"":""Antal value"",""column"":""value_count_bucket"",""value"":""1""}]",4,40.5595,0.2857
995,score_gap_bucket=0–5 AND spike_gap_bucket=40+ AND spread_bucket=<60,score_gap_bucket=0–5 AND spike_gap_bucket=40+,3,10,4,40.0,13,43.2389,41.8307,2.545,-1.4082,True,ScoreGap = 0–5 -> SpikeGap = 40+ -> Spread = <60,"[{""variable"":""ScoreGap"",""column"":""score_gap_bucket"",""value"":""0–5""},{""variable"":""SpikeGap"",""column"":""spike_gap_bucket"",""value"":""40+""},{""variable"":""Spread"",""column"":""spread_bucket"",""value"":""<60""}]",10,40.5582,0.5
996,red_warning=false AND spike_gap_bucket=10–20 AND spike_score_bucket=325–350 AND yellow_warning=true,red_warning=false AND spike_score_bucket=325–350 AND yellow_warning=true,4,3,1,33.3333,16,46.9367,44.7888,5.5031,-2.1479,False,Röd varning = Nej -> SpikeGap = 10–20 -> SpikeScore = 325–350 -> Gul varning = Ja,"[{""variable"":""Röd varning"",""column"":""red_warning"",""value"":false},{""variable"":""SpikeGap"",""column"":""spike_gap_bucket"",""value"":""10–20""},{""variable"":""SpikeScore"",""column"":""spike_score_bucket"",""value"":""325–350""},{""variable"":""Gul varning"",""column"":""yellow_warning"",""value"":true}]",3,40.5557,0.2308
997,race_type=Öppet lopp AND score_gap_bucket=20+ AND yellow_warning=false,score_gap_bucket=20+ AND yellow_warning=false,3,34,13,38.2353,59,45.5058,40.9281,1.6424,-4.5777,True,Lopptyp = Öppet lopp -> ScoreGap = 20+ -> Gul varning = Nej,"[{""variable"":""Lopptyp"",""column"":""race_type"",""value"":""Öppet lopp""},{""variable"":""ScoreGap"",""column"":""score_gap_bucket"",""value"":""20+""},{""variable"":""Gul varning"",""column"":""yellow_warning"",""value"":false}]",34,40.5548,0.7727
998,score_gap_bucket=5–10 AND spike_score_bucket=325–350 AND yellow_warning=false,spike_score_bucket=325–350 AND yellow_warning=false,3,3,0,0.0,26,51.4811,44.7662,5.4805,-6.7149,False,ScoreGap = 5–10 -> SpikeScore = 325–350 -> Gul varning = Nej,"[{""variable"":""ScoreGap"",""column"":""score_gap_bucket"",""value"":""5–10""},{""variable"":""SpikeScore"",""column"":""spike_score_bucket"",""value"":""325–350""},{""variable"":""Gul varning"",""column"":""yellow_warning"",""value"":false}]",3,40.5504,0.2308
999,spike_gap_bucket=30–40 AND spike_score_bucket=350–375 AND yellow_warning=false,spike_score_bucket=350–375 AND yellow_warning=false,3,2,0,0.0,34,51.5491,46.8628,7.5771,-4.6863,False,SpikeGap = 30–40 -> SpikeScore = 350–375 -> Gul varning = Nej,"[{""variable"":""SpikeGap"",""column"":""spike_gap_bucket"",""value"":""30–40""},{""variable"":""SpikeScore"",""column"":""spike_score_bucket"",""value"":""350–375""},{""variable"":""Gul varning"",""column"":""yellow_warning"",""value"":false}]",2,40.5486,0.1667
1000,score_gap_bucket=20+ AND spike_gap_bucket=0–10 AND spike_score_bucket=325–350 AND yellow_warning=false,score_gap_bucket=20+ AND spike_score_bucket=325–350 AND yellow_warning=false,4,1,0,0.0,11,57.9832,53.1513,13.8656,-4.8319,False,ScoreGap = 20+ -> SpikeGap = 0–10 -> SpikeScore = 325–350 -> Gul varning = Nej,"[{""variable"":""ScoreGap"",""column"":""score_gap_bucket"",""value"":""20+""},{""variable"":""SpikeGap"",""column"":""spike_gap_bucket"",""value"":""0–10""},{""variable"":""SpikeScore"",""column"":""spike_score_bucket"",""value"":""325–350""},{""variable"":""Gul varning"",""column"":""yellow_warning"",""value"":false}]",1,40.5462,0.0909
1001,race_type=Öppet lopp AND red_warning=false AND spike_gap_bucket=0–10 AND value_count_bucket=1 AND yellow_warning=true,race_type=Öppet lopp AND red_warning=false AND spike_gap_bucket=0–10 AND yellow_warning=true,5,6,2,33.3333,8,49.6001,42.6286,3.3429,-6.9715,False,Lopptyp = Öppet lopp -> Röd varning = Nej -> SpikeGap = 0–10 -> Antal value = 1 -> Gul varning = Ja,"[{""variable"":""Lopptyp"",""column"":""race_type"",""value"":""Öppet lopp""},{""variable"":""Röd varning"",""column"":""red_warning"",""value"":false},{""variable"":""SpikeGap"",""column"":""spike_gap_bucket"",""value"":""0–10""},{""variable"":""Antal value"",""column"":""value_count_bucket"",""value"":""1""},{""variable"":""Gul varning"",""column"":""yellow_warning"",""value"":true}]",6,40.5393,0.375
1002,red_warning=false AND spike_gap_bucket=0–10 AND spike_score_bucket=375–400,spike_gap_bucket=0–10 AND spike_score_bucket=375–400,3,5,2,40.0,7,45.2171,43.0433,3.7576,-2.1738,True,Röd varning = Nej -> SpikeGap = 0–10 -> SpikeScore = 375–400,"[{""variable"":""Röd varning"",""column"":""red_warning"",""value"":false},{""variable"":""SpikeGap"",""column"":""spike_gap_bucket"",""value"":""0–10""},{""variable"":""SpikeScore"",""column"":""spike_score_bucket"",""value"":""375–400""}]",5,40.5382,0.3333
1003,spike_gap_bucket=0–10 AND spread_bucket=<60 AND yellow_warning=true,spike_gap_bucket=0–10 AND spread_bucket=<60,3,8,3,37.5,14,44.7312,42.1017,2.816,-2.6295,True,SpikeGap = 0–10 -> Spread = <60 -> Gul varning = Ja,"[{""variable"":""SpikeGap"",""column"":""spike_gap_bucket"",""value"":""0–10""},{""variable"":""Spread"",""column"":""spread_bucket"",""value"":""<60""},{""variable"":""Gul varning"",""column"":""yellow_warning"",""value"":true}]",8,40.5373,0.4444
1004,score_gap_bucket=0–5 AND spike_gap_bucket=40+ AND spike_score_bucket=325–350 AND yellow_warning=true,spike_gap_bucket=40+ AND spike_score_bucket=325–350 AND yellow_warning=true,4,1,0,0.0,11,57.8722,53.0495,13.7638,-4.8227,False,ScoreGap = 0–5 -> SpikeGap = 40+ -> SpikeScore = 325–350 -> Gul varning = Ja,"[{""variable"":""ScoreGap"",""column"":""score_gap_bucket"",""value"":""0–5""},{""variable"":""SpikeGap"",""column"":""spike_gap_bucket"",""value"":""40+""},{""variable"":""SpikeScore"",""column"":""spike_score_bucket"",""value"":""325–350""},{""variable"":""Gul varning"",""column"":""yellow_warning"",""value"":true}]",1,40.537,0.0909
1005,score_gap_bucket=10–15 AND spike_gap_bucket=40+ AND spike_score_bucket=325–350 AND yellow_warning=true,spike_gap_bucket=40+ AND spike_score_bucket=325–350 AND yellow_warning=true,4,1,0,0.0,11,57.8722,53.0495,13.7638,-4.8227,False,ScoreGap = 10–15 -> SpikeGap = 40+ -> SpikeScore = 325–350 -> Gul varning = Ja,"[{""variable"":""ScoreGap"",""column"":""score_gap_bucket"",""value"":""10–15""},{""variable"":""SpikeGap"",""column"":""spike_gap_bucket"",""value"":""40+""},{""variable"":""SpikeScore"",""column"":""spike_score_bucket"",""value"":""325–350""},{""variable"":""Gul varning"",""column"":""yellow_warning"",""value"":true}]",1,40.537,0.0909
1006,score_gap_bucket=20+ AND spike_gap_bucket=10–20 AND value_count_bucket=2,score_gap_bucket=20+ AND value_count_bucket=2,3,4,1,25.0,12,49.8424,43.6318,4.3461,-6.2106,False,ScoreGap = 20+ -> SpikeGap = 10–20 -> Antal value = 2,"[{""variable"":""ScoreGap"",""column"":""score_gap_bucket"",""value"":""20+""},{""variable"":""SpikeGap"",""column"":""spike_gap_bucket"",""value"":""10–20""},{""variable"":""Antal value"",""column"":""value_count_bucket"",""value"":""2""}]",4,40.5275,0.2857
1007,score_gap_bucket=5–10 AND spike_score_bucket=375–400 AND spread_bucket=80+,score_gap_bucket=5–10 AND spread_bucket=80+,3,4,2,50.0,7,39.9605,43.6112,4.3255,3.6507,False,ScoreGap = 5–10 -> SpikeScore = 375–400 -> Spread = 80+,"[{""variable"":""ScoreGap"",""column"":""score_gap_bucket"",""value"":""5–10""},{""variable"":""SpikeScore"",""column"":""spike_score_bucket"",""value"":""375–400""},{""variable"":""Spread"",""column"":""spread_bucket"",""value"":""80+""}]",4,40.5216,0.2857
1008,score_gap_bucket=15–20 AND spike_score_bucket=350–375 AND spread_bucket=70–80,score_gap_bucket=15–20 AND spread_bucket=70–80,3,3,1,33.3333,6,50.2795,44.6308,5.3451,-5.6487,False,ScoreGap = 15–20 -> SpikeScore = 350–375 -> Spread = 70–80,"[{""variable"":""ScoreGap"",""column"":""score_gap_bucket"",""value"":""15–20""},{""variable"":""SpikeScore"",""column"":""spike_score_bucket"",""value"":""350–375""},{""variable"":""Spread"",""column"":""spread_bucket"",""value"":""70–80""}]",3,40.5192,0.2308
1009,score_gap_bucket=5–10 AND spike_score_bucket=325–350 AND spread_bucket=<60 AND yellow_warning=false,spike_score_bucket=325–350 AND spread_bucket=<60 AND yellow_warning=false,4,1,0,0.0,12,57.1757,52.7776,13.4919,-4.3981,False,ScoreGap = 5–10 -> SpikeScore = 325–350 -> Spread = <60 -> Gul varning = Nej,"[{""variable"":""ScoreGap"",""column"":""score_gap_bucket"",""value"":""5–10""},{""variable"":""SpikeScore"",""column"":""spike_score_bucket"",""value"":""325–350""},{""variable"":""Spread"",""column"":""spread_bucket"",""value"":""<60""},{""variable"":""Gul varning"",""column"":""yellow_warning"",""value"":false}]",1,40.5122,0.0909
1010,score_gap_bucket=5–10 AND spike_score_bucket=350–375 AND value_count_bucket=1,score_gap_bucket=5–10 AND spike_score_bucket=350–375,3,7,3,42.8571,13,41.9288,42.2537,2.968,0.3249,True,ScoreGap = 5–10 -> SpikeScore = 350–375 -> Antal value = 1,"[{""variable"":""ScoreGap"",""column"":""score_gap_bucket"",""value"":""5–10""},{""variable"":""SpikeScore"",""column"":""spike_score_bucket"",""value"":""350–375""},{""variable"":""Antal value"",""column"":""value_count_bucket"",""value"":""1""}]",7,40.5078,0.4118
1011,race_type=3-hästarslopp AND red_warning=false AND spike_score_bucket=350–375 AND spread_bucket=70–80 AND yellow_warning=true,race_type=3-hästarslopp AND red_warning=false AND spread_bucket=70–80 AND yellow_warning=true,5,4,1,25.0,8,52.8236,43.5491,4.2634,-9.2745,False,Lopptyp = 3-hästarslopp -> Röd varning = Nej -> SpikeScore = 350–375 -> Spread = 70–80 -> Gul varning = Ja,"[{""variable"":""Lopptyp"",""column"":""race_type"",""value"":""3-hästarslopp""},{""variable"":""Röd varning"",""column"":""red_warning"",""value"":false},{""variable"":""SpikeScore"",""column"":""spike_score_bucket"",""value"":""350–375""},{""variable"":""Spread"",""column"":""spread_bucket"",""value"":""70–80""},{""variable"":""Gul varning"",""column"":""yellow_warning"",""value"":true}]",4,40.5038,0.2857
1012,score_gap_bucket=20+ AND spike_gap_bucket=0–10 AND spike_score_bucket=325–350 AND yellow_warning=true,score_gap_bucket=20+ AND spike_score_bucket=325–350 AND yellow_warning=true,4,1,0,0.0,9,58.5338,52.6804,13.3947,-5.8534,False,ScoreGap = 20+ -> SpikeGap = 0–10 -> SpikeScore = 325–350 -> Gul varning = Ja,"[{""variable"":""ScoreGap"",""column"":""score_gap_bucket"",""value"":""20+""},{""variable"":""SpikeGap"",""column"":""spike_gap_bucket"",""value"":""0–10""},{""variable"":""SpikeScore"",""column"":""spike_score_bucket"",""value"":""325–350""},{""variable"":""Gul varning"",""column"":""yellow_warning"",""value"":true}]",1,40.5034,0.0909
1013,score_gap_bucket=20+ AND spike_score_bucket=325–350 AND spread_bucket=60–70 AND yellow_warning=true,score_gap_bucket=20+ AND spike_score_bucket=325–350 AND yellow_warning=true,4,1,0,0.0,9,58.5338,52.6804,13.3947,-5.8534,False,ScoreGap = 20+ -> SpikeScore = 325–350 -> Spread = 60–70 -> Gul varning = Ja,"[{""variable"":""ScoreGap"",""column"":""score_gap_bucket"",""value"":""20+""},{""variable"":""SpikeScore"",""column"":""spike_score_bucket"",""value"":""325–350""},{""variable"":""Spread"",""column"":""spread_bucket"",""value"":""60–70""},{""variable"":""Gul varning"",""column"":""yellow_warning"",""value"":true}]",1,40.5034,0.0909
1014,score_gap_bucket=0–5 AND spike_gap_bucket=0–10 AND spread_bucket=80+,spike_gap_bucket=0–10 AND spread_bucket=80+,3,3,1,33.3333,16,46.6371,44.5365,5.2508,-2.1006,False,ScoreGap = 0–5 -> SpikeGap = 0–10 -> Spread = 80+,"[{""variable"":""ScoreGap"",""column"":""score_gap_bucket"",""value"":""0–5""},{""variable"":""SpikeGap"",""column"":""spike_gap_bucket"",""value"":""0–10""},{""variable"":""Spread"",""column"":""spread_bucket"",""value"":""80+""}]",3,40.4974,0.2308
1015,race_type=3-hästarslopp AND score_gap_bucket=20+ AND spike_gap_bucket=40+ AND spike_score_bucket=350–375 AND value_count_bucket=1,race_type=3-hästarslopp AND score_gap_bucket=20+ AND spike_gap_bucket=40+ AND value_count_bucket=1,5,1,0,0.0,9,58.4323,52.5891,13.3034,-5.8432,False,Lopptyp = 3-hästarslopp -> ScoreGap = 20+ -> SpikeGap = 40+ -> SpikeScore = 350–375 -> Antal value = 1,"[{""variable"":""Lopptyp"",""column"":""race_type"",""value"":""3-hästarslopp""},{""variable"":""ScoreGap"",""column"":""score_gap_bucket"",""value"":""20+""},{""variable"":""SpikeGap"",""column"":""spike_gap_bucket"",""value"":""40+""},{""variable"":""SpikeScore"",""column"":""spike_score_bucket"",""value"":""350–375""},{""variable"":""Antal value"",""column"":""value_count_bucket"",""value"":""1""}]",1,40.4951,0.0909
1016,spike_gap_bucket=20–30 AND spike_score_bucket=350–375 AND spread_bucket=80+ AND yellow_warning=true,spike_score_bucket=350–375 AND spread_bucket=80+ AND yellow_warning=true,4,4,1,25.0,15,48.3768,43.4554,4.1697,-4.9214,False,SpikeGap = 20–30 -> SpikeScore = 350–375 -> Spread = 80+ -> Gul varning = Ja,"[{""variable"":""SpikeGap"",""column"":""spike_gap_bucket"",""value"":""20–30""},{""variable"":""SpikeScore"",""column"":""spike_score_bucket"",""value"":""350–375""},{""variable"":""Spread"",""column"":""spread_bucket"",""value"":""80+""},{""variable"":""Gul varning"",""column"":""yellow_warning"",""value"":true}]",4,40.4771,0.2857
1017,score_gap_bucket=10–15 AND spike_gap_bucket=40+ AND value_count_bucket=1,score_gap_bucket=10–15 AND spike_gap_bucket=40+,3,5,2,40.0,10,44.2295,42.8197,3.534,-1.4098,True,ScoreGap = 10–15 -> SpikeGap = 40+ -> Antal value = 1,"[{""variable"":""ScoreGap"",""column"":""score_gap_bucket"",""value"":""10–15""},{""variable"":""SpikeGap"",""column"":""spike_gap_bucket"",""value"":""40+""},{""variable"":""Antal value"",""column"":""value_count_bucket"",""value"":""1""}]",5,40.4637,0.3333
1018,spike_gap_bucket=40+ AND spike_score_bucket=350–375 AND spread_bucket=60–70 AND yellow_warning=false,spike_gap_bucket=40+ AND spike_score_bucket=350–375 AND yellow_warning=false,4,1,0,0.0,21,54.8405,52.229,12.9433,-2.6115,False,SpikeGap = 40+ -> SpikeScore = 350–375 -> Spread = 60–70 -> Gul varning = Nej,"[{""variable"":""SpikeGap"",""column"":""spike_gap_bucket"",""value"":""40+""},{""variable"":""SpikeScore"",""column"":""spike_score_bucket"",""value"":""350–375""},{""variable"":""Spread"",""column"":""spread_bucket"",""value"":""60–70""},{""variable"":""Gul varning"",""column"":""yellow_warning"",""value"":false}]",1,40.4624,0.0909
1019,spike_gap_bucket=40+ AND spike_score_bucket=350–375 AND spread_bucket=60–70,spike_gap_bucket=40+ AND spike_score_bucket=350–375,3,2,1,50.0,35,45.9433,46.3121,7.0264,0.3688,False,SpikeGap = 40+ -> SpikeScore = 350–375 -> Spread = 60–70,"[{""variable"":""SpikeGap"",""column"":""spike_gap_bucket"",""value"":""40+""},{""variable"":""SpikeScore"",""column"":""spike_score_bucket"",""value"":""350–375""},{""variable"":""Spread"",""column"":""spread_bucket"",""value"":""60–70""}]",2,40.4568,0.1667
1020,score_gap_bucket=15–20 AND spike_gap_bucket=0–10 AND spike_score_bucket=375–400,spike_gap_bucket=0–10 AND spike_score_bucket=375–400,3,2,1,50.0,7,45.2171,46.28,6.9943,1.0629,False,ScoreGap = 15–20 -> SpikeGap = 0–10 -> SpikeScore = 375–400,"[{""variable"":""ScoreGap"",""column"":""score_gap_bucket"",""value"":""15–20""},{""variable"":""SpikeGap"",""column"":""spike_gap_bucket"",""value"":""0–10""},{""variable"":""SpikeScore"",""column"":""spike_score_bucket"",""value"":""375–400""}]",2,40.4514,0.1667
1021,red_warning=false AND score_gap_bucket=10–15 AND spike_gap_bucket=40+ AND spike_score_bucket=350–375 AND value_count_bucket=1,red_warning=false AND spike_gap_bucket=40+ AND spike_score_bucket=350–375 AND value_count_bucket=1,5,2,1,50.0,6,45.0268,46.2701,6.9844,1.2433,False,Röd varning = Nej -> ScoreGap = 10–15 -> SpikeGap = 40+ -> SpikeScore = 350–375 -> Antal value = 1,"[{""variable"":""Röd varning"",""column"":""red_warning"",""value"":false},{""variable"":""ScoreGap"",""column"":""score_gap_bucket"",""value"":""10–15""},{""variable"":""SpikeGap"",""column"":""spike_gap_bucket"",""value"":""40+""},{""variable"":""SpikeScore"",""column"":""spike_score_bucket"",""value"":""350–375""},{""variable"":""Antal value"",""column"":""value_count_bucket"",""value"":""1""}]",2,40.4498,0.1667
1022,spike_gap_bucket=0–10 AND spike_score_bucket=375–400 AND spread_bucket=<60,spike_gap_bucket=0–10 AND spike_score_bucket=375–400,3,1,1,100.0,7,45.2171,52.065,12.7792,6.8479,False,SpikeGap = 0–10 -> SpikeScore = 375–400 -> Spread = <60,"[{""variable"":""SpikeGap"",""column"":""spike_gap_bucket"",""value"":""0–10""},{""variable"":""SpikeScore"",""column"":""spike_score_bucket"",""value"":""375–400""},{""variable"":""Spread"",""column"":""spread_bucket"",""value"":""<60""}]",1,40.4475,0.0909
1023,race_type=Öppet lopp AND spike_gap_bucket=40+ AND spike_score_bucket=400+ AND yellow_warning=false,race_type=Öppet lopp AND spike_gap_bucket=40+ AND yellow_warning=false,4,2,0,0.0,36,50.8654,46.2413,6.9556,-4.6241,False,Lopptyp = Öppet lopp -> SpikeGap = 40+ -> SpikeScore = 400+ -> Gul varning = Nej,"[{""variable"":""Lopptyp"",""column"":""race_type"",""value"":""Öppet lopp""},{""variable"":""SpikeGap"",""column"":""spike_gap_bucket"",""value"":""40+""},{""variable"":""SpikeScore"",""column"":""spike_score_bucket"",""value"":""400+""},{""variable"":""Gul varning"",""column"":""yellow_warning"",""value"":false}]",2,40.445,0.1667
1024,race_type=Öppet lopp AND spike_gap_bucket=0–10,spike_gap_bucket=0–10,2,27,11,40.7407,43,41.0431,40.8694,1.5837,-0.1737,True,Lopptyp = Öppet lopp -> SpikeGap = 0–10,"[{""variable"":""Lopptyp"",""column"":""race_type"",""value"":""Öppet lopp""},{""variable"":""SpikeGap"",""column"":""spike_gap_bucket"",""value"":""0–10""}]",27,40.4414,0.7297
1025,spike_score_bucket=375–400 AND spread_bucket=80+ AND yellow_warning=true,spread_bucket=80+ AND yellow_warning=true,3,17,6,35.2941,49,46.0715,41.1197,1.834,-4.9518,True,SpikeScore = 375–400 -> Spread = 80+ -> Gul varning = Ja,"[{""variable"":""SpikeScore"",""column"":""spike_score_bucket"",""value"":""375–400""},{""variable"":""Spread"",""column"":""spread_bucket"",""value"":""80+""},{""variable"":""Gul varning"",""column"":""yellow_warning"",""value"":true}]",17,40.4404,0.6296
1026,score_gap_bucket=20+ AND spike_score_bucket=350–375 AND value_count_bucket=1,score_gap_bucket=20+ AND spike_score_bucket=350–375,3,13,4,30.7692,38,48.1889,41.3266,2.0409,-6.8623,True,ScoreGap = 20+ -> SpikeScore = 350–375 -> Antal value = 1,"[{""variable"":""ScoreGap"",""column"":""score_gap_bucket"",""value"":""20+""},{""variable"":""SpikeScore"",""column"":""spike_score_bucket"",""value"":""350–375""},{""variable"":""Antal value"",""column"":""value_count_bucket"",""value"":""1""}]",13,40.4393,0.5652
1027,spike_score_bucket=325–350 AND spread_bucket=60–70,spike_score_bucket=325–350,2,5,2,40.0,58,43.4066,42.7253,3.4396,-0.6813,True,SpikeScore = 325–350 -> Spread = 60–70,"[{""variable"":""SpikeScore"",""column"":""spike_score_bucket"",""value"":""325–350""},{""variable"":""Spread"",""column"":""spread_bucket"",""value"":""60–70""}]",5,40.4322,0.3333
1028,score_gap_bucket=15–20 AND spike_gap_bucket=30–40 AND value_count_bucket=1,score_gap_bucket=15–20 AND value_count_bucket=1,3,5,2,40.0,9,44.2255,42.7164,3.4307,-1.5091,True,ScoreGap = 15–20 -> SpikeGap = 30–40 -> Antal value = 1,"[{""variable"":""ScoreGap"",""column"":""score_gap_bucket"",""value"":""15–20""},{""variable"":""SpikeGap"",""column"":""spike_gap_bucket"",""value"":""30–40""},{""variable"":""Antal value"",""column"":""value_count_bucket"",""value"":""1""}]",5,40.4293,0.3333
1029,score_gap_bucket=0–5 AND spike_score_bucket=325–350 AND value_count_bucket=2,score_gap_bucket=0–5 AND spike_score_bucket=325–350,3,5,2,40.0,16,43.5592,42.7118,3.4261,-0.8474,True,ScoreGap = 0–5 -> SpikeScore = 325–350 -> Antal value = 2,"[{""variable"":""ScoreGap"",""column"":""score_gap_bucket"",""value"":""0–5""},{""variable"":""SpikeScore"",""column"":""spike_score_bucket"",""value"":""325–350""},{""variable"":""Antal value"",""column"":""value_count_bucket"",""value"":""2""}]",5,40.4277,0.3333
1030,race_type=3-hästarslopp AND score_gap_bucket=20+ AND spike_gap_bucket=10–20 AND yellow_warning=true,race_type=3-hästarslopp AND score_gap_bucket=20+ AND yellow_warning=true,4,3,0,0.0,32,50.8407,44.2093,4.9236,-6.6314,False,Lopptyp = 3-hästarslopp -> ScoreGap = 20+ -> SpikeGap = 10–20 -> Gul varning = Ja,"[{""variable"":""Lopptyp"",""column"":""race_type"",""value"":""3-hästarslopp""},{""variable"":""ScoreGap"",""column"":""score_gap_bucket"",""value"":""20+""},{""variable"":""SpikeGap"",""column"":""spike_gap_bucket"",""value"":""10–20""},{""variable"":""Gul varning"",""column"":""yellow_warning"",""value"":true}]",3,40.4219,0.2308
1031,race_type=Öppet lopp AND spike_gap_bucket=40+ AND spike_score_bucket=400+ AND spread_bucket=80+ AND yellow_warning=false,race_type=Öppet lopp AND spike_gap_bucket=40+ AND spread_bucket=80+ AND yellow_warning=false,5,1,0,0.0,11,56.4594,51.7544,12.4687,-4.705,False,Lopptyp = Öppet lopp -> SpikeGap = 40+ -> SpikeScore = 400+ -> Spread = 80+ -> Gul varning = Nej,"[{""variable"":""Lopptyp"",""column"":""race_type"",""value"":""Öppet lopp""},{""variable"":""SpikeGap"",""column"":""spike_gap_bucket"",""value"":""40+""},{""variable"":""SpikeScore"",""column"":""spike_score_bucket"",""value"":""400+""},{""variable"":""Spread"",""column"":""spread_bucket"",""value"":""80+""},{""variable"":""Gul varning"",""column"":""yellow_warning"",""value"":false}]",1,40.4192,0.0909
1032,spike_gap_bucket=10–20 AND spike_score_bucket=325–350 AND spread_bucket=70–80,spike_score_bucket=325–350 AND spread_bucket=70–80,3,1,1,100.0,10,46.9089,51.7354,12.4496,4.8265,False,SpikeGap = 10–20 -> SpikeScore = 325–350 -> Spread = 70–80,"[{""variable"":""SpikeGap"",""column"":""spike_gap_bucket"",""value"":""10–20""},{""variable"":""SpikeScore"",""column"":""spike_score_bucket"",""value"":""325–350""},{""variable"":""Spread"",""column"":""spread_bucket"",""value"":""70–80""}]",1,40.4175,0.0909
1033,race_type=Öppet lopp AND red_warning=false AND spike_gap_bucket=0–10 AND spread_bucket=80+,red_warning=false AND spike_gap_bucket=0–10 AND spread_bucket=80+,4,6,2,33.3333,13,46.4205,42.2877,3.002,-4.1328,True,Lopptyp = Öppet lopp -> Röd varning = Nej -> SpikeGap = 0–10 -> Spread = 80+,"[{""variable"":""Lopptyp"",""column"":""race_type"",""value"":""Öppet lopp""},{""variable"":""Röd varning"",""column"":""red_warning"",""value"":false},{""variable"":""SpikeGap"",""column"":""spike_gap_bucket"",""value"":""0–10""},{""variable"":""Spread"",""column"":""spread_bucket"",""value"":""80+""}]",6,40.4115,0.375
1034,red_warning=false AND spike_gap_bucket=40+ AND spike_score_bucket=350–375 AND yellow_warning=true,red_warning=false AND spike_gap_bucket=40+ AND spike_score_bucket=350–375,4,8,2,25.0,29,48.5349,41.8106,2.5249,-6.7243,True,Röd varning = Nej -> SpikeGap = 40+ -> SpikeScore = 350–375 -> Gul varning = Ja,"[{""variable"":""Röd varning"",""column"":""red_warning"",""value"":false},{""variable"":""SpikeGap"",""column"":""spike_gap_bucket"",""value"":""40+""},{""variable"":""SpikeScore"",""column"":""spike_score_bucket"",""value"":""350–375""},{""variable"":""Gul varning"",""column"":""yellow_warning"",""value"":true}]",8,40.4079,0.4444
1035,spike_gap_bucket=10–20 AND spike_score_bucket=300–325 AND spread_bucket=70–80,spike_gap_bucket=10–20 AND spread_bucket=70–80,3,1,1,100.0,7,44.7136,51.6244,12.3387,6.9108,False,SpikeGap = 10–20 -> SpikeScore = 300–325 -> Spread = 70–80,"[{""variable"":""SpikeGap"",""column"":""spike_gap_bucket"",""value"":""10–20""},{""variable"":""SpikeScore"",""column"":""spike_score_bucket"",""value"":""300–325""},{""variable"":""Spread"",""column"":""spread_bucket"",""value"":""70–80""}]",1,40.4074,0.0909
1036,score_gap_bucket=15–20 AND spike_gap_bucket=40+ AND spread_bucket=<60 AND yellow_warning=true,score_gap_bucket=15–20 AND spike_gap_bucket=40+ AND spread_bucket=<60,4,3,1,33.3333,6,49.5207,44.1249,4.8392,-5.3958,False,ScoreGap = 15–20 -> SpikeGap = 40+ -> Spread = <60 -> Gul varning = Ja,"[{""variable"":""ScoreGap"",""column"":""score_gap_bucket"",""value"":""15–20""},{""variable"":""SpikeGap"",""column"":""spike_gap_bucket"",""value"":""40+""},{""variable"":""Spread"",""column"":""spread_bucket"",""value"":""<60""},{""variable"":""Gul varning"",""column"":""yellow_warning"",""value"":true}]",3,40.4024,0.2308
1037,red_warning=false AND spike_gap_bucket=40+ AND spike_score_bucket=375–400,red_warning=false AND spike_gap_bucket=40+,3,26,9,34.6154,93,48.9105,40.8307,1.5449,-8.0798,True,Röd varning = Nej -> SpikeGap = 40+ -> SpikeScore = 375–400,"[{""variable"":""Röd varning"",""column"":""red_warning"",""value"":false},{""variable"":""SpikeGap"",""column"":""spike_gap_bucket"",""value"":""40+""},{""variable"":""SpikeScore"",""column"":""spike_score_bucket"",""value"":""375–400""}]",26,40.4015,0.7222
1038,score_gap_bucket=20+ AND spike_gap_bucket=30–40 AND spike_score_bucket=375–400 AND spread_bucket=80+ AND yellow_warning=false,score_gap_bucket=20+ AND spike_score_bucket=375–400 AND spread_bucket=80+ AND yellow_warning=false,5,3,1,33.3333,11,47.0539,44.1138,4.8281,-2.9401,False,ScoreGap = 20+ -> SpikeGap = 30–40 -> SpikeScore = 375–400 -> Spread = 80+ -> Gul varning = Nej,"[{""variable"":""ScoreGap"",""column"":""score_gap_bucket"",""value"":""20+""},{""variable"":""SpikeGap"",""column"":""spike_gap_bucket"",""value"":""30–40""},{""variable"":""SpikeScore"",""column"":""spike_score_bucket"",""value"":""375–400""},{""variable"":""Spread"",""column"":""spread_bucket"",""value"":""80+""},{""variable"":""Gul varning"",""column"":""yellow_warning"",""value"":false}]",3,40.3999,0.2308
1039,race_type=Öppet lopp AND score_gap_bucket=20+ AND spread_bucket=80+ AND yellow_warning=false,score_gap_bucket=20+ AND spread_bucket=80+ AND yellow_warning=false,4,18,6,33.3333,37,47.9335,41.0176,1.7319,-6.9159,True,Lopptyp = Öppet lopp -> ScoreGap = 20+ -> Spread = 80+ -> Gul varning = Nej,"[{""variable"":""Lopptyp"",""column"":""race_type"",""value"":""Öppet lopp""},{""variable"":""ScoreGap"",""column"":""score_gap_bucket"",""value"":""20+""},{""variable"":""Spread"",""column"":""spread_bucket"",""value"":""80+""},{""variable"":""Gul varning"",""column"":""yellow_warning"",""value"":false}]",18,40.3991,0.6429
1040,race_type=3-hästarslopp AND spike_gap_bucket=30–40 AND spike_score_bucket=350–375 AND yellow_warning=true,spike_gap_bucket=30–40 AND spike_score_bucket=350–375 AND yellow_warning=true,4,3,1,33.3333,5,50.5728,44.108,4.8223,-6.4648,False,Lopptyp = 3-hästarslopp -> SpikeGap = 30–40 -> SpikeScore = 350–375 -> Gul varning = Ja,"[{""variable"":""Lopptyp"",""column"":""race_type"",""value"":""3-hästarslopp""},{""variable"":""SpikeGap"",""column"":""spike_gap_bucket"",""value"":""30–40""},{""variable"":""SpikeScore"",""column"":""spike_score_bucket"",""value"":""350–375""},{""variable"":""Gul varning"",""column"":""yellow_warning"",""value"":true}]",3,40.3985,0.2308
1041,spike_gap_bucket=30–40 AND spike_score_bucket=350–375 AND spread_bucket=80+ AND yellow_warning=false,spike_score_bucket=350–375 AND spread_bucket=80+ AND yellow_warning=false,4,1,0,0.0,13,55.4843,51.5211,12.2354,-3.9632,False,SpikeGap = 30–40 -> SpikeScore = 350–375 -> Spread = 80+ -> Gul varning = Nej,"[{""variable"":""SpikeGap"",""column"":""spike_gap_bucket"",""value"":""30–40""},{""variable"":""SpikeScore"",""column"":""spike_score_bucket"",""value"":""350–375""},{""variable"":""Spread"",""column"":""spread_bucket"",""value"":""80+""},{""variable"":""Gul varning"",""column"":""yellow_warning"",""value"":false}]",1,40.398,0.0909
1042,race_type=Öppet lopp AND score_gap_bucket=20+ AND spike_gap_bucket=10–20 AND spike_score_bucket=350–375,score_gap_bucket=20+ AND spike_gap_bucket=10–20 AND spike_score_bucket=350–375,4,3,1,33.3333,5,50.5511,44.0944,4.8087,-6.4567,False,Lopptyp = Öppet lopp -> ScoreGap = 20+ -> SpikeGap = 10–20 -> SpikeScore = 350–375,"[{""variable"":""Lopptyp"",""column"":""race_type"",""value"":""Öppet lopp""},{""variable"":""ScoreGap"",""column"":""score_gap_bucket"",""value"":""20+""},{""variable"":""SpikeGap"",""column"":""spike_gap_bucket"",""value"":""10–20""},{""variable"":""SpikeScore"",""column"":""spike_score_bucket"",""value"":""350–375""}]",3,40.3954,0.2308
1043,score_gap_bucket=20+ AND spike_gap_bucket=40+ AND spike_score_bucket=350–375 AND spread_bucket=80+ AND value_count_bucket=1,score_gap_bucket=20+ AND spike_gap_bucket=40+ AND spike_score_bucket=350–375 AND spread_bucket=80+,5,2,0,0.0,10,55.132,45.9433,6.6576,-9.1887,False,ScoreGap = 20+ -> SpikeGap = 40+ -> SpikeScore = 350–375 -> Spread = 80+ -> Antal value = 1,"[{""variable"":""ScoreGap"",""column"":""score_gap_bucket"",""value"":""20+""},{""variable"":""SpikeGap"",""column"":""spike_gap_bucket"",""value"":""40+""},{""variable"":""SpikeScore"",""column"":""spike_score_bucket"",""value"":""350–375""},{""variable"":""Spread"",""column"":""spread_bucket"",""value"":""80+""},{""variable"":""Antal value"",""column"":""value_count_bucket"",""value"":""1""}]",2,40.3953,0.1667
1044,race_type=3-hästarslopp AND score_gap_bucket=20+ AND spike_gap_bucket=40+ AND spike_score_bucket=350–375 AND spread_bucket=70–80,race_type=3-hästarslopp AND score_gap_bucket=20+ AND spike_gap_bucket=40+ AND spread_bucket=70–80,5,2,0,0.0,7,59.057,45.9332,6.6475,-13.1238,False,Lopptyp = 3-hästarslopp -> ScoreGap = 20+ -> SpikeGap = 40+ -> SpikeScore = 350–375 -> Spread = 70–80,"[{""variable"":""Lopptyp"",""column"":""race_type"",""value"":""3-hästarslopp""},{""variable"":""ScoreGap"",""column"":""score_gap_bucket"",""value"":""20+""},{""variable"":""SpikeGap"",""column"":""spike_gap_bucket"",""value"":""40+""},{""variable"":""SpikeScore"",""column"":""spike_score_bucket"",""value"":""350–375""},{""variable"":""Spread"",""column"":""spread_bucket"",""value"":""70–80""}]",2,40.3936,0.1667
1045,spike_gap_bucket=20–30 AND spread_bucket=80+,spread_bucket=80+,2,16,6,37.5,98,43.9467,41.0815,1.7958,-2.8652,True,SpikeGap = 20–30 -> Spread = 80+,"[{""variable"":""SpikeGap"",""column"":""spike_gap_bucket"",""value"":""20–30""},{""variable"":""Spread"",""column"":""spread_bucket"",""value"":""80+""}]",16,40.3908,0.6154
1046,race_type=Öppet lopp AND spread_bucket=80+,spread_bucket=80+,2,36,14,38.8889,98,43.9467,40.6953,1.4095,-3.2514,True,Lopptyp = Öppet lopp -> Spread = 80+,"[{""variable"":""Lopptyp"",""column"":""race_type"",""value"":""Öppet lopp""},{""variable"":""Spread"",""column"":""spread_bucket"",""value"":""80+""}]",36,40.3889,0.7826
1047,race_type=Öppet lopp AND red_warning=false AND spike_gap_bucket=10–20 AND spike_score_bucket=350–375,race_type=Öppet lopp AND red_warning=false AND spike_score_bucket=350–375,4,5,1,20.0,31,48.2336,42.5869,3.3012,-5.6467,True,Lopptyp = Öppet lopp -> Röd varning = Nej -> SpikeGap = 10–20 -> SpikeScore = 350–375,"[{""variable"":""Lopptyp"",""column"":""race_type"",""value"":""Öppet lopp""},{""variable"":""Röd varning"",""column"":""red_warning"",""value"":false},{""variable"":""SpikeGap"",""column"":""spike_gap_bucket"",""value"":""10–20""},{""variable"":""SpikeScore"",""column"":""spike_score_bucket"",""value"":""350–375""}]",5,40.3861,0.3333
1048,race_type=Öppet lopp AND score_gap_bucket=15–20 AND spread_bucket=60–70,race_type=Öppet lopp AND score_gap_bucket=15–20,3,1,1,100.0,15,48.0726,51.3181,12.0323,3.2455,False,Lopptyp = Öppet lopp -> ScoreGap = 15–20 -> Spread = 60–70,"[{""variable"":""Lopptyp"",""column"":""race_type"",""value"":""Öppet lopp""},{""variable"":""ScoreGap"",""column"":""score_gap_bucket"",""value"":""15–20""},{""variable"":""Spread"",""column"":""spread_bucket"",""value"":""60–70""}]",1,40.3796,0.0909
1049,score_gap_bucket=20+ AND spike_gap_bucket=10–20 AND spread_bucket=80+,score_gap_bucket=20+ AND spread_bucket=80+,3,7,2,28.5714,70,46.6106,41.9338,2.6481,-4.6768,True,ScoreGap = 20+ -> SpikeGap = 10–20 -> Spread = 80+,"[{""variable"":""ScoreGap"",""column"":""score_gap_bucket"",""value"":""20+""},{""variable"":""SpikeGap"",""column"":""spike_gap_bucket"",""value"":""10–20""},{""variable"":""Spread"",""column"":""spread_bucket"",""value"":""80+""}]",7,40.3761,0.4118
1050,race_type=3-hästarslopp AND spike_gap_bucket=10–20 AND spread_bucket=70–80,race_type=3-hästarslopp AND spread_bucket=70–80,3,2,0,0.0,21,50.3933,45.8121,6.5264,-4.5812,False,Lopptyp = 3-hästarslopp -> SpikeGap = 10–20 -> Spread = 70–80,"[{""variable"":""Lopptyp"",""column"":""race_type"",""value"":""3-hästarslopp""},{""variable"":""SpikeGap"",""column"":""spike_gap_bucket"",""value"":""10–20""},{""variable"":""Spread"",""column"":""spread_bucket"",""value"":""70–80""}]",2,40.3734,0.1667
1051,score_gap_bucket=20+ AND spike_score_bucket=300–325 AND yellow_warning=true,score_gap_bucket=20+ AND yellow_warning=true,3,2,1,50.0,57,45.3891,45.8083,6.5226,0.4192,False,ScoreGap = 20+ -> SpikeScore = 300–325 -> Gul varning = Ja,"[{""variable"":""ScoreGap"",""column"":""score_gap_bucket"",""value"":""20+""},{""variable"":""SpikeScore"",""column"":""spike_score_bucket"",""value"":""300–325""},{""variable"":""Gul varning"",""column"":""yellow_warning"",""value"":true}]",2,40.3728,0.1667
1052,race_type=Öppet lopp AND red_warning=false AND spike_score_bucket=400+ AND spread_bucket=80+,red_warning=false AND spike_score_bucket=400+ AND spread_bucket=80+,4,7,2,28.5714,12,49.6664,41.8946,2.6089,-7.7718,True,Lopptyp = Öppet lopp -> Röd varning = Nej -> SpikeScore = 400+ -> Spread = 80+,"[{""variable"":""Lopptyp"",""column"":""race_type"",""value"":""Öppet lopp""},{""variable"":""Röd varning"",""column"":""red_warning"",""value"":false},{""variable"":""SpikeScore"",""column"":""spike_score_bucket"",""value"":""400+""},{""variable"":""Spread"",""column"":""spread_bucket"",""value"":""80+""}]",7,40.36,0.4118
1053,race_type=3-hästarslopp AND spike_gap_bucket=40+ AND spike_score_bucket=350–375 AND value_count_bucket=2,race_type=3-hästarslopp AND spike_gap_bucket=40+ AND spike_score_bucket=350–375,4,2,0,0.0,12,53.3488,45.7275,6.4418,-7.6213,False,Lopptyp = 3-hästarslopp -> SpikeGap = 40+ -> SpikeScore = 350–375 -> Antal value = 2,"[{""variable"":""Lopptyp"",""column"":""race_type"",""value"":""3-hästarslopp""},{""variable"":""SpikeGap"",""column"":""spike_gap_bucket"",""value"":""40+""},{""variable"":""SpikeScore"",""column"":""spike_score_bucket"",""value"":""350–375""},{""variable"":""Antal value"",""column"":""value_count_bucket"",""value"":""2""}]",2,40.3593,0.1667
1054,score_gap_bucket=20+ AND spike_score_bucket=300–325 AND yellow_warning=false,score_gap_bucket=20+ AND yellow_warning=false,3,3,1,33.3333,59,45.5058,43.9181,4.6324,-1.5877,False,ScoreGap = 20+ -> SpikeScore = 300–325 -> Gul varning = Nej,"[{""variable"":""ScoreGap"",""column"":""score_gap_bucket"",""value"":""20+""},{""variable"":""SpikeScore"",""column"":""spike_score_bucket"",""value"":""300–325""},{""variable"":""Gul varning"",""column"":""yellow_warning"",""value"":false}]",3,40.3547,0.2308
1055,spike_score_bucket=325–350 AND value_count_bucket=3+,value_count_bucket=3+,2,2,1,50.0,13,45.0216,45.6854,6.3997,0.6638,False,SpikeScore = 325–350 -> Antal value = 3+,"[{""variable"":""SpikeScore"",""column"":""spike_score_bucket"",""value"":""325–350""},{""variable"":""Antal value"",""column"":""value_count_bucket"",""value"":""3+""}]",2,40.3523,0.1667
1056,red_warning=true AND value_count_bucket=3+,value_count_bucket=3+,2,2,1,50.0,13,45.0216,45.6854,6.3997,0.6638,False,Röd varning = Ja -> Antal value = 3+,"[{""variable"":""Röd varning"",""column"":""red_warning"",""value"":true},{""variable"":""Antal value"",""column"":""value_count_bucket"",""value"":""3+""}]",2,40.3523,0.1667
1057,race_type=3-hästarslopp AND spike_score_bucket=350–375 AND spread_bucket=70–80 AND value_count_bucket=1,spike_score_bucket=350–375 AND spread_bucket=70–80 AND value_count_bucket=1,4,3,1,33.3333,6,49.1279,43.863,4.5773,-5.2649,False,Lopptyp = 3-hästarslopp -> SpikeScore = 350–375 -> Spread = 70–80 -> Antal value = 1,"[{""variable"":""Lopptyp"",""column"":""race_type"",""value"":""3-hästarslopp""},{""variable"":""SpikeScore"",""column"":""spike_score_bucket"",""value"":""350–375""},{""variable"":""Spread"",""column"":""spread_bucket"",""value"":""70–80""},{""variable"":""Antal value"",""column"":""value_count_bucket"",""value"":""1""}]",3,40.342,0.2308
1058,score_gap_bucket=10–15 AND spread_bucket=70–80 AND yellow_warning=true,spread_bucket=70–80 AND yellow_warning=true,3,2,0,0.0,20,50.1817,45.6197,6.334,-4.562,False,ScoreGap = 10–15 -> Spread = 70–80 -> Gul varning = Ja,"[{""variable"":""ScoreGap"",""column"":""score_gap_bucket"",""value"":""10–15""},{""variable"":""Spread"",""column"":""spread_bucket"",""value"":""70–80""},{""variable"":""Gul varning"",""column"":""yellow_warning"",""value"":true}]",2,40.3414,0.1667
1059,spike_gap_bucket=30–40 AND spread_bucket=70–80 AND yellow_warning=true,spread_bucket=70–80 AND yellow_warning=true,3,2,0,0.0,20,50.1817,45.6197,6.334,-4.562,False,SpikeGap = 30–40 -> Spread = 70–80 -> Gul varning = Ja,"[{""variable"":""SpikeGap"",""column"":""spike_gap_bucket"",""value"":""30–40""},{""variable"":""Spread"",""column"":""spread_bucket"",""value"":""70–80""},{""variable"":""Gul varning"",""column"":""yellow_warning"",""value"":true}]",2,40.3414,0.1667
1060,red_warning=true AND spike_gap_bucket=30–40 AND spike_score_bucket=350–375,spike_gap_bucket=30–40 AND spike_score_bucket=350–375,3,1,1,100.0,7,43.839,50.8591,11.5734,7.0201,False,Röd varning = Ja -> SpikeGap = 30–40 -> SpikeScore = 350–375,"[{""variable"":""Röd varning"",""column"":""red_warning"",""value"":true},{""variable"":""SpikeGap"",""column"":""spike_gap_bucket"",""value"":""30–40""},{""variable"":""SpikeScore"",""column"":""spike_score_bucket"",""value"":""350–375""}]",1,40.3378,0.0909
1061,score_gap_bucket=20+ AND spike_gap_bucket=30–40 AND spike_score_bucket=300–325,score_gap_bucket=20+ AND spike_score_bucket=300–325,3,2,1,50.0,5,43.7983,45.5702,6.2845,1.7719,False,ScoreGap = 20+ -> SpikeGap = 30–40 -> SpikeScore = 300–325,"[{""variable"":""ScoreGap"",""column"":""score_gap_bucket"",""value"":""20+""},{""variable"":""SpikeGap"",""column"":""spike_gap_bucket"",""value"":""30–40""},{""variable"":""SpikeScore"",""column"":""spike_score_bucket"",""value"":""300–325""}]",2,40.3331,0.1667
1062,race_type=Öppet lopp AND spike_score_bucket=375–400 AND spread_bucket=70–80,race_type=Öppet lopp AND spread_bucket=70–80,3,3,1,33.3333,15,45.9219,43.8238,4.5381,-2.0981,False,Lopptyp = Öppet lopp -> SpikeScore = 375–400 -> Spread = 70–80,"[{""variable"":""Lopptyp"",""column"":""race_type"",""value"":""Öppet lopp""},{""variable"":""SpikeScore"",""column"":""spike_score_bucket"",""value"":""375–400""},{""variable"":""Spread"",""column"":""spread_bucket"",""value"":""70–80""}]",3,40.333,0.2308
1063,score_gap_bucket=5–10 AND spike_score_bucket=350–375 AND spread_bucket=70–80,spike_score_bucket=350–375 AND spread_bucket=70–80,3,1,1,100.0,14,47.2726,50.7878,11.502,3.5152,False,ScoreGap = 5–10 -> SpikeScore = 350–375 -> Spread = 70–80,"[{""variable"":""ScoreGap"",""column"":""score_gap_bucket"",""value"":""5–10""},{""variable"":""SpikeScore"",""column"":""spike_score_bucket"",""value"":""350–375""},{""variable"":""Spread"",""column"":""spread_bucket"",""value"":""70–80""}]",1,40.3314,0.0909
1064,score_gap_bucket=20+ AND spike_score_bucket=<300 AND yellow_warning=true,score_gap_bucket=20+ AND yellow_warning=true,3,3,1,33.3333,57,45.3891,43.8166,4.5309,-1.5725,False,ScoreGap = 20+ -> SpikeScore = <300 -> Gul varning = Ja,"[{""variable"":""ScoreGap"",""column"":""score_gap_bucket"",""value"":""20+""},{""variable"":""SpikeScore"",""column"":""spike_score_bucket"",""value"":""<300""},{""variable"":""Gul varning"",""column"":""yellow_warning"",""value"":true}]",3,40.3313,0.2308
1065,race_type=3-hästarslopp AND spike_score_bucket=300–325,race_type=3-hästarslopp,2,1,1,100.0,77,48.3063,50.7679,11.4822,2.4616,False,Lopptyp = 3-hästarslopp -> SpikeScore = 300–325,"[{""variable"":""Lopptyp"",""column"":""race_type"",""value"":""3-hästarslopp""},{""variable"":""SpikeScore"",""column"":""spike_score_bucket"",""value"":""300–325""}]",1,40.3295,0.0909
1066,score_gap_bucket=10–15 AND spread_bucket=70–80,spread_bucket=70–80,2,3,1,33.3333,37,45.3634,43.7943,4.5085,-1.5691,False,ScoreGap = 10–15 -> Spread = 70–80,"[{""variable"":""ScoreGap"",""column"":""score_gap_bucket"",""value"":""10–15""},{""variable"":""Spread"",""column"":""spread_bucket"",""value"":""70–80""}]",3,40.3262,0.2308
1067,red_warning=true AND spread_bucket=70–80,spread_bucket=70–80,2,3,1,33.3333,37,45.3634,43.7943,4.5085,-1.5691,False,Röd varning = Ja -> Spread = 70–80,"[{""variable"":""Röd varning"",""column"":""red_warning"",""value"":true},{""variable"":""Spread"",""column"":""spread_bucket"",""value"":""70–80""}]",3,40.3262,0.2308
1068,red_warning=false AND spread_bucket=<60 AND value_count_bucket=3+,red_warning=false AND value_count_bucket=3+,3,4,1,25.0,11,49.3867,42.8836,3.5979,-6.5031,False,Röd varning = Nej -> Spread = <60 -> Antal value = 3+,"[{""variable"":""Röd varning"",""column"":""red_warning"",""value"":false},{""variable"":""Spread"",""column"":""spread_bucket"",""value"":""<60""},{""variable"":""Antal value"",""column"":""value_count_bucket"",""value"":""3+""}]",4,40.3137,0.2857
1069,race_type=Öppet lopp AND spike_gap_bucket=0–10 AND value_count_bucket=1,race_type=Öppet lopp AND spike_gap_bucket=0–10,3,12,5,41.6667,27,40.8694,41.1684,1.8827,0.299,True,Lopptyp = Öppet lopp -> SpikeGap = 0–10 -> Antal value = 1,"[{""variable"":""Lopptyp"",""column"":""race_type"",""value"":""Öppet lopp""},{""variable"":""SpikeGap"",""column"":""spike_gap_bucket"",""value"":""0–10""},{""variable"":""Antal value"",""column"":""value_count_bucket"",""value"":""1""}]",12,40.3126,0.5455
1070,score_gap_bucket=20+ AND spike_gap_bucket=40+ AND spike_score_bucket=350–375 AND value_count_bucket=2,score_gap_bucket=20+ AND spike_gap_bucket=40+ AND value_count_bucket=2,4,1,0,0.0,6,58.9765,50.5513,11.2656,-8.4252,False,ScoreGap = 20+ -> SpikeGap = 40+ -> SpikeScore = 350–375 -> Antal value = 2,"[{""variable"":""ScoreGap"",""column"":""score_gap_bucket"",""value"":""20+""},{""variable"":""SpikeGap"",""column"":""spike_gap_bucket"",""value"":""40+""},{""variable"":""SpikeScore"",""column"":""spike_score_bucket"",""value"":""350–375""},{""variable"":""Antal value"",""column"":""value_count_bucket"",""value"":""2""}]",1,40.3099,0.0909
1071,race_type=Öppet lopp AND score_gap_bucket=20+ AND spread_bucket=80+,score_gap_bucket=20+ AND spread_bucket=80+,3,25,9,36.0,70,46.6106,40.7158,1.4301,-5.8948,True,Lopptyp = Öppet lopp -> ScoreGap = 20+ -> Spread = 80+,"[{""variable"":""Lopptyp"",""column"":""race_type"",""value"":""Öppet lopp""},{""variable"":""ScoreGap"",""column"":""score_gap_bucket"",""value"":""20+""},{""variable"":""Spread"",""column"":""spread_bucket"",""value"":""80+""}]",25,40.3072,0.7143
1072,spike_gap_bucket=40+ AND spread_bucket=60–70 AND value_count_bucket=1,spike_gap_bucket=40+ AND spread_bucket=60–70,3,5,2,40.0,8,43.8173,42.3491,3.0634,-1.4682,True,SpikeGap = 40+ -> Spread = 60–70 -> Antal value = 1,"[{""variable"":""SpikeGap"",""column"":""spike_gap_bucket"",""value"":""40+""},{""variable"":""Spread"",""column"":""spread_bucket"",""value"":""60–70""},{""variable"":""Antal value"",""column"":""value_count_bucket"",""value"":""1""}]",5,40.3068,0.3333
1073,red_warning=true AND spike_gap_bucket=40+ AND spread_bucket=80+,spike_gap_bucket=40+ AND spread_bucket=80+,3,1,0,0.0,41,52.8997,50.3807,11.095,-2.519,False,Röd varning = Ja -> SpikeGap = 40+ -> Spread = 80+,"[{""variable"":""Röd varning"",""column"":""red_warning"",""value"":true},{""variable"":""SpikeGap"",""column"":""spike_gap_bucket"",""value"":""40+""},{""variable"":""Spread"",""column"":""spread_bucket"",""value"":""80+""}]",1,40.2943,0.0909
1074,race_type=Öppet lopp AND red_warning=true AND spike_gap_bucket=40+,race_type=Öppet lopp AND spike_gap_bucket=40+,3,8,3,37.5,64,43.1772,41.5551,2.2694,-1.6221,True,Lopptyp = Öppet lopp -> Röd varning = Ja -> SpikeGap = 40+,"[{""variable"":""Lopptyp"",""column"":""race_type"",""value"":""Öppet lopp""},{""variable"":""Röd varning"",""column"":""red_warning"",""value"":true},{""variable"":""SpikeGap"",""column"":""spike_gap_bucket"",""value"":""40+""}]",8,40.2943,0.4444
1075,race_type=Topp 5-profil AND spike_score_bucket=325–350 AND value_count_bucket=2,spike_score_bucket=325–350 AND value_count_bucket=2,3,1,1,100.0,7,43.2641,50.3561,11.0704,7.092,False,Lopptyp = Topp 5-profil -> SpikeScore = 325–350 -> Antal value = 2,"[{""variable"":""Lopptyp"",""column"":""race_type"",""value"":""Topp 5-profil""},{""variable"":""SpikeScore"",""column"":""spike_score_bucket"",""value"":""325–350""},{""variable"":""Antal value"",""column"":""value_count_bucket"",""value"":""2""}]",1,40.2921,0.0909
1076,spike_gap_bucket=30–40 AND spike_score_bucket=325–350 AND value_count_bucket=2,spike_score_bucket=325–350 AND value_count_bucket=2,3,1,1,100.0,7,43.2641,50.3561,11.0704,7.092,False,SpikeGap = 30–40 -> SpikeScore = 325–350 -> Antal value = 2,"[{""variable"":""SpikeGap"",""column"":""spike_gap_bucket"",""value"":""30–40""},{""variable"":""SpikeScore"",""column"":""spike_score_bucket"",""value"":""325–350""},{""variable"":""Antal value"",""column"":""value_count_bucket"",""value"":""2""}]",1,40.2921,0.0909
1077,red_warning=false AND score_gap_bucket=5–10 AND spread_bucket=80+,red_warning=false AND spread_bucket=80+,3,3,1,33.3333,88,45.1753,43.6307,4.345,-1.5446,False,Röd varning = Nej -> ScoreGap = 5–10 -> Spread = 80+,"[{""variable"":""Röd varning"",""column"":""red_warning"",""value"":false},{""variable"":""ScoreGap"",""column"":""score_gap_bucket"",""value"":""5–10""},{""variable"":""Spread"",""column"":""spread_bucket"",""value"":""80+""}]",3,40.2884,0.2308
1078,race_type=3-hästarslopp AND spike_gap_bucket=30–40 AND yellow_warning=true,race_type=3-hästarslopp AND yellow_warning=true,3,4,1,25.0,44,46.3457,42.7881,3.5024,-3.5576,False,Lopptyp = 3-hästarslopp -> SpikeGap = 30–40 -> Gul varning = Ja,"[{""variable"":""Lopptyp"",""column"":""race_type"",""value"":""3-hästarslopp""},{""variable"":""SpikeGap"",""column"":""spike_gap_bucket"",""value"":""30–40""},{""variable"":""Gul varning"",""column"":""yellow_warning"",""value"":true}]",4,40.2864,0.2857
1079,race_type=Topp 5-profil AND spike_gap_bucket=40+,spike_gap_bucket=40+,2,4,1,25.0,107,46.3442,42.7868,3.5011,-3.5574,False,Lopptyp = Topp 5-profil -> SpikeGap = 40+,"[{""variable"":""Lopptyp"",""column"":""race_type"",""value"":""Topp 5-profil""},{""variable"":""SpikeGap"",""column"":""spike_gap_bucket"",""value"":""40+""}]",4,40.286,0.2857
1080,score_gap_bucket=15–20 AND spike_score_bucket=375–400 AND value_count_bucket=2,score_gap_bucket=15–20 AND spike_score_bucket=375–400,3,2,1,50.0,9,44.2255,45.2754,5.9897,1.0499,False,ScoreGap = 15–20 -> SpikeScore = 375–400 -> Antal value = 2,"[{""variable"":""ScoreGap"",""column"":""score_gap_bucket"",""value"":""15–20""},{""variable"":""SpikeScore"",""column"":""spike_score_bucket"",""value"":""375–400""},{""variable"":""Antal value"",""column"":""value_count_bucket"",""value"":""2""}]",2,40.284,0.1667
1081,score_gap_bucket=15–20 AND spread_bucket=60–70 AND value_count_bucket=1,score_gap_bucket=15–20 AND value_count_bucket=1,3,2,1,50.0,9,44.2255,45.2754,5.9897,1.0499,False,ScoreGap = 15–20 -> Spread = 60–70 -> Antal value = 1,"[{""variable"":""ScoreGap"",""column"":""score_gap_bucket"",""value"":""15–20""},{""variable"":""Spread"",""column"":""spread_bucket"",""value"":""60–70""},{""variable"":""Antal value"",""column"":""value_count_bucket"",""value"":""1""}]",2,40.284,0.1667
1082,score_gap_bucket=15–20 AND spread_bucket=80+ AND value_count_bucket=1,score_gap_bucket=15–20 AND value_count_bucket=1,3,2,1,50.0,9,44.2255,45.2754,5.9897,1.0499,False,ScoreGap = 15–20 -> Spread = 80+ -> Antal value = 1,"[{""variable"":""ScoreGap"",""column"":""score_gap_bucket"",""value"":""15–20""},{""variable"":""Spread"",""column"":""spread_bucket"",""value"":""80+""},{""variable"":""Antal value"",""column"":""value_count_bucket"",""value"":""1""}]",2,40.284,0.1667
1083,race_type=Topp 5-profil AND score_gap_bucket=5–10 AND spike_score_bucket=350–375,race_type=Topp 5-profil AND spike_score_bucket=350–375,3,2,1,50.0,5,43.3461,45.2472,5.9615,1.9011,False,Lopptyp = Topp 5-profil -> ScoreGap = 5–10 -> SpikeScore = 350–375,"[{""variable"":""Lopptyp"",""column"":""race_type"",""value"":""Topp 5-profil""},{""variable"":""ScoreGap"",""column"":""score_gap_bucket"",""value"":""5–10""},{""variable"":""SpikeScore"",""column"":""spike_score_bucket"",""value"":""350–375""}]",2,40.2793,0.1667
1084,score_gap_bucket=0–5 AND spike_gap_bucket=30–40 AND spike_score_bucket=350–375,spike_gap_bucket=30–40 AND spike_score_bucket=350–375,3,2,1,50.0,7,43.839,45.2081,5.9224,1.3691,False,ScoreGap = 0–5 -> SpikeGap = 30–40 -> SpikeScore = 350–375,"[{""variable"":""ScoreGap"",""column"":""score_gap_bucket"",""value"":""0–5""},{""variable"":""SpikeGap"",""column"":""spike_gap_bucket"",""value"":""30–40""},{""variable"":""SpikeScore"",""column"":""spike_score_bucket"",""value"":""350–375""}]",2,40.2728,0.1667
1085,score_gap_bucket=20+ AND spike_gap_bucket=20–30 AND spike_score_bucket=350–375 AND value_count_bucket=1,score_gap_bucket=20+ AND spike_gap_bucket=20–30 AND spike_score_bucket=350–375,4,3,1,33.3333,6,48.6068,43.5156,4.2299,-5.0912,False,ScoreGap = 20+ -> SpikeGap = 20–30 -> SpikeScore = 350–375 -> Antal value = 1,"[{""variable"":""ScoreGap"",""column"":""score_gap_bucket"",""value"":""20+""},{""variable"":""SpikeGap"",""column"":""spike_gap_bucket"",""value"":""20–30""},{""variable"":""SpikeScore"",""column"":""spike_score_bucket"",""value"":""350–375""},{""variable"":""Antal value"",""column"":""value_count_bucket"",""value"":""1""}]",3,40.2618,0.2308
1086,red_warning=false AND spike_gap_bucket=20–30,red_warning=false,2,25,10,40.0,204,41.4541,40.6463,1.3606,-0.8078,True,Röd varning = Nej -> SpikeGap = 20–30,"[{""variable"":""Röd varning"",""column"":""red_warning"",""value"":false},{""variable"":""SpikeGap"",""column"":""spike_gap_bucket"",""value"":""20–30""}]",25,40.2576,0.7143
1087,spike_gap_bucket=40+ AND spike_score_bucket=300–325 AND yellow_warning=false,spike_gap_bucket=40+ AND yellow_warning=false,3,1,0,0.0,53,52.4231,49.9268,10.641,-2.4963,False,SpikeGap = 40+ -> SpikeScore = 300–325 -> Gul varning = Nej,"[{""variable"":""SpikeGap"",""column"":""spike_gap_bucket"",""value"":""40+""},{""variable"":""SpikeScore"",""column"":""spike_score_bucket"",""value"":""300–325""},{""variable"":""Gul varning"",""column"":""yellow_warning"",""value"":false}]",1,40.2531,0.0909
1088,race_type=Topp 5-profil AND value_count_bucket=0,value_count_bucket=0,2,7,3,42.8571,118,41.2008,41.6302,2.3445,0.4294,True,Lopptyp = Topp 5-profil -> Antal value = 0,"[{""variable"":""Lopptyp"",""column"":""race_type"",""value"":""Topp 5-profil""},{""variable"":""Antal value"",""column"":""value_count_bucket"",""value"":""0""}]",7,40.2511,0.4118
1089,race_type=Öppet lopp AND spike_gap_bucket=40+ AND spread_bucket=80+ AND value_count_bucket=1,race_type=Öppet lopp AND spike_gap_bucket=40+ AND spread_bucket=80+,4,3,0,0.0,16,51.6109,43.4618,4.1761,-8.1491,False,Lopptyp = Öppet lopp -> SpikeGap = 40+ -> Spread = 80+ -> Antal value = 1,"[{""variable"":""Lopptyp"",""column"":""race_type"",""value"":""Öppet lopp""},{""variable"":""SpikeGap"",""column"":""spike_gap_bucket"",""value"":""40+""},{""variable"":""Spread"",""column"":""spread_bucket"",""value"":""80+""},{""variable"":""Antal value"",""column"":""value_count_bucket"",""value"":""1""}]",3,40.2494,0.2308
1090,spike_gap_bucket=40+ AND spike_score_bucket=375–400 AND spread_bucket=60–70,spike_gap_bucket=40+ AND spread_bucket=60–70,3,2,1,50.0,8,43.8173,45.0538,5.7681,1.2365,False,SpikeGap = 40+ -> SpikeScore = 375–400 -> Spread = 60–70,"[{""variable"":""SpikeGap"",""column"":""spike_gap_bucket"",""value"":""40+""},{""variable"":""SpikeScore"",""column"":""spike_score_bucket"",""value"":""375–400""},{""variable"":""Spread"",""column"":""spread_bucket"",""value"":""60–70""}]",2,40.2471,0.1667
1091,score_gap_bucket=15–20 AND spike_gap_bucket=0–10 AND value_count_bucket=1,score_gap_bucket=15–20 AND value_count_bucket=1,3,1,1,100.0,9,44.2255,49.8029,10.5172,5.5774,False,ScoreGap = 15–20 -> SpikeGap = 0–10 -> Antal value = 1,"[{""variable"":""ScoreGap"",""column"":""score_gap_bucket"",""value"":""15–20""},{""variable"":""SpikeGap"",""column"":""spike_gap_bucket"",""value"":""0–10""},{""variable"":""Antal value"",""column"":""value_count_bucket"",""value"":""1""}]",1,40.2418,0.0909
1092,red_warning=false AND spike_gap_bucket=20–30 AND yellow_warning=true,red_warning=false AND yellow_warning=true,3,10,4,40.0,86,41.7838,41.1892,1.9035,-0.5946,True,Röd varning = Nej -> SpikeGap = 20–30 -> Gul varning = Ja,"[{""variable"":""Röd varning"",""column"":""red_warning"",""value"":false},{""variable"":""SpikeGap"",""column"":""spike_gap_bucket"",""value"":""20–30""},{""variable"":""Gul varning"",""column"":""yellow_warning"",""value"":true}]",10,40.2375,0.5
1093,red_warning=false AND spike_gap_bucket=20–30 AND spike_score_bucket=325–350,red_warning=false AND spike_score_bucket=325–350,3,2,0,0.0,42,49.486,44.9873,5.7016,-4.4987,False,Röd varning = Nej -> SpikeGap = 20–30 -> SpikeScore = 325–350,"[{""variable"":""Röd varning"",""column"":""red_warning"",""value"":false},{""variable"":""SpikeGap"",""column"":""spike_gap_bucket"",""value"":""20–30""},{""variable"":""SpikeScore"",""column"":""spike_score_bucket"",""value"":""325–350""}]",2,40.236,0.1667
1094,score_gap_bucket=20+ AND spike_gap_bucket=20–30 AND spread_bucket=60–70,score_gap_bucket=20+ AND spike_gap_bucket=20–30,3,2,1,50.0,16,44.3044,44.9372,5.6515,0.6328,False,ScoreGap = 20+ -> SpikeGap = 20–30 -> Spread = 60–70,"[{""variable"":""ScoreGap"",""column"":""score_gap_bucket"",""value"":""20+""},{""variable"":""SpikeGap"",""column"":""spike_gap_bucket"",""value"":""20–30""},{""variable"":""Spread"",""column"":""spread_bucket"",""value"":""60–70""}]",2,40.2276,0.1667
1095,score_gap_bucket=20+ AND spike_gap_bucket=40+ AND spike_score_bucket=375–400 AND value_count_bucket=3+,score_gap_bucket=20+ AND spike_gap_bucket=40+ AND value_count_bucket=3+,4,3,1,33.3333,5,49.3356,43.3347,4.049,-6.0008,False,ScoreGap = 20+ -> SpikeGap = 40+ -> SpikeScore = 375–400 -> Antal value = 3+,"[{""variable"":""ScoreGap"",""column"":""score_gap_bucket"",""value"":""20+""},{""variable"":""SpikeGap"",""column"":""spike_gap_bucket"",""value"":""40+""},{""variable"":""SpikeScore"",""column"":""spike_score_bucket"",""value"":""375–400""},{""variable"":""Antal value"",""column"":""value_count_bucket"",""value"":""3+""}]",3,40.2201,0.2308
1096,spike_gap_bucket=0–10 AND value_count_bucket=2,spike_gap_bucket=0–10,2,4,2,50.0,43,41.0431,42.5359,3.2502,1.4928,False,SpikeGap = 0–10 -> Antal value = 2,"[{""variable"":""SpikeGap"",""column"":""spike_gap_bucket"",""value"":""0–10""},{""variable"":""Antal value"",""column"":""value_count_bucket"",""value"":""2""}]",4,40.2143,0.2857
1097,race_type=Öppet lopp AND spike_gap_bucket=10–20 AND spike_score_bucket=350–375 AND yellow_warning=false,race_type=Öppet lopp AND spike_score_bucket=350–375 AND yellow_warning=false,4,1,0,0.0,19,52.0765,49.4727,10.187,-2.6038,False,Lopptyp = Öppet lopp -> SpikeGap = 10–20 -> SpikeScore = 350–375 -> Gul varning = Nej,"[{""variable"":""Lopptyp"",""column"":""race_type"",""value"":""Öppet lopp""},{""variable"":""SpikeGap"",""column"":""spike_gap_bucket"",""value"":""10–20""},{""variable"":""SpikeScore"",""column"":""spike_score_bucket"",""value"":""350–375""},{""variable"":""Gul varning"",""column"":""yellow_warning"",""value"":false}]",1,40.2118,0.0909
1098,score_gap_bucket=10–15 AND spike_gap_bucket=0–10 AND spike_score_bucket=325–350,score_gap_bucket=10–15 AND spike_gap_bucket=0–10,3,2,1,50.0,6,43.1101,44.8326,5.5469,1.7225,False,ScoreGap = 10–15 -> SpikeGap = 0–10 -> SpikeScore = 325–350,"[{""variable"":""ScoreGap"",""column"":""score_gap_bucket"",""value"":""10–15""},{""variable"":""SpikeGap"",""column"":""spike_gap_bucket"",""value"":""0–10""},{""variable"":""SpikeScore"",""column"":""spike_score_bucket"",""value"":""325–350""}]",2,40.2102,0.1667
1099,score_gap_bucket=10–15 AND spike_gap_bucket=0–10 AND spike_score_bucket=<300,score_gap_bucket=10–15 AND spike_gap_bucket=0–10,3,2,1,50.0,6,43.1101,44.8326,5.5469,1.7225,False,ScoreGap = 10–15 -> SpikeGap = 0–10 -> SpikeScore = <300,"[{""variable"":""ScoreGap"",""column"":""score_gap_bucket"",""value"":""10–15""},{""variable"":""SpikeGap"",""column"":""spike_gap_bucket"",""value"":""0–10""},{""variable"":""SpikeScore"",""column"":""spike_score_bucket"",""value"":""<300""}]",2,40.2102,0.1667
1100,score_gap_bucket=10–15 AND spike_gap_bucket=0–10 AND spread_bucket=70–80,score_gap_bucket=10–15 AND spike_gap_bucket=0–10,3,2,1,50.0,6,43.1101,44.8326,5.5469,1.7225,False,ScoreGap = 10–15 -> SpikeGap = 0–10 -> Spread = 70–80,"[{""variable"":""ScoreGap"",""column"":""score_gap_bucket"",""value"":""10–15""},{""variable"":""SpikeGap"",""column"":""spike_gap_bucket"",""value"":""0–10""},{""variable"":""Spread"",""column"":""spread_bucket"",""value"":""70–80""}]",2,40.2102,0.1667
1101,spike_gap_bucket=30–40 AND spike_score_bucket=325–350 AND spread_bucket=60–70,spike_score_bucket=325–350 AND spread_bucket=60–70,3,2,1,50.0,5,42.7253,44.8038,5.5181,2.0785,False,SpikeGap = 30–40 -> SpikeScore = 325–350 -> Spread = 60–70,"[{""variable"":""SpikeGap"",""column"":""spike_gap_bucket"",""value"":""30–40""},{""variable"":""SpikeScore"",""column"":""spike_score_bucket"",""value"":""325–350""},{""variable"":""Spread"",""column"":""spread_bucket"",""value"":""60–70""}]",2,40.2054,0.1667
1102,spike_score_bucket=325–350 AND spread_bucket=60–70 AND value_count_bucket=1,spike_score_bucket=325–350 AND spread_bucket=60–70,3,2,1,50.0,5,42.7253,44.8038,5.5181,2.0785,False,SpikeScore = 325–350 -> Spread = 60–70 -> Antal value = 1,"[{""variable"":""SpikeScore"",""column"":""spike_score_bucket"",""value"":""325–350""},{""variable"":""Spread"",""column"":""spread_bucket"",""value"":""60–70""},{""variable"":""Antal value"",""column"":""value_count_bucket"",""value"":""1""}]",2,40.2054,0.1667
1103,score_gap_bucket=10–15 AND spike_gap_bucket=40+ AND spike_score_bucket=300–325,score_gap_bucket=10–15 AND spike_gap_bucket=40+,3,1,1,100.0,10,44.2295,49.2995,10.0138,5.07,False,ScoreGap = 10–15 -> SpikeGap = 40+ -> SpikeScore = 300–325,"[{""variable"":""ScoreGap"",""column"":""score_gap_bucket"",""value"":""10–15""},{""variable"":""SpikeGap"",""column"":""spike_gap_bucket"",""value"":""40+""},{""variable"":""SpikeScore"",""column"":""spike_score_bucket"",""value"":""300–325""}]",1,40.1961,0.0909
1104,score_gap_bucket=20+ AND spike_gap_bucket=30–40 AND spread_bucket=<60,score_gap_bucket=20+ AND spread_bucket=<60,3,2,1,50.0,14,43.9694,44.7232,5.4375,0.7538,False,ScoreGap = 20+ -> SpikeGap = 30–40 -> Spread = <60,"[{""variable"":""ScoreGap"",""column"":""score_gap_bucket"",""value"":""20+""},{""variable"":""SpikeGap"",""column"":""spike_gap_bucket"",""value"":""30–40""},{""variable"":""Spread"",""column"":""spread_bucket"",""value"":""<60""}]",2,40.192,0.1667
1105,score_gap_bucket=0–5 AND spike_gap_bucket=40+ AND spike_score_bucket=350–375,spike_gap_bucket=40+ AND spike_score_bucket=350–375,3,4,1,25.0,35,45.9433,42.4528,3.167,-3.4905,False,ScoreGap = 0–5 -> SpikeGap = 40+ -> SpikeScore = 350–375,"[{""variable"":""ScoreGap"",""column"":""score_gap_bucket"",""value"":""0–5""},{""variable"":""SpikeGap"",""column"":""spike_gap_bucket"",""value"":""40+""},{""variable"":""SpikeScore"",""column"":""spike_score_bucket"",""value"":""350–375""}]",4,40.1906,0.2857
1106,score_gap_bucket=20+ AND spike_gap_bucket=30–40 AND yellow_warning=false,score_gap_bucket=20+ AND yellow_warning=false,3,12,4,33.3333,59,45.5058,40.9411,1.6554,-4.5647,True,ScoreGap = 20+ -> SpikeGap = 30–40 -> Gul varning = Nej,"[{""variable"":""ScoreGap"",""column"":""score_gap_bucket"",""value"":""20+""},{""variable"":""SpikeGap"",""column"":""spike_gap_bucket"",""value"":""30–40""},{""variable"":""Gul varning"",""column"":""yellow_warning"",""value"":false}]",12,40.1887,0.5455
1107,race_type=Topp 5-profil AND score_gap_bucket=15–20,score_gap_bucket=15–20,2,2,1,50.0,25,44.127,44.6609,5.3752,0.5339,False,Lopptyp = Topp 5-profil -> ScoreGap = 15–20,"[{""variable"":""Lopptyp"",""column"":""race_type"",""value"":""Topp 5-profil""},{""variable"":""ScoreGap"",""column"":""score_gap_bucket"",""value"":""15–20""}]",2,40.1816,0.1667
1108,race_type=3-hästarslopp AND spike_score_bucket=375–400 AND yellow_warning=true,race_type=3-hästarslopp AND yellow_warning=true,3,15,5,33.3333,44,46.3457,40.769,1.4833,-5.5767,True,Lopptyp = 3-hästarslopp -> SpikeScore = 375–400 -> Gul varning = Ja,"[{""variable"":""Lopptyp"",""column"":""race_type"",""value"":""3-hästarslopp""},{""variable"":""SpikeScore"",""column"":""spike_score_bucket"",""value"":""375–400""},{""variable"":""Gul varning"",""column"":""yellow_warning"",""value"":true}]",15,40.1757,0.6
1109,score_gap_bucket=5–10 AND spike_gap_bucket=40+,spike_gap_bucket=40+,2,15,5,33.3333,107,46.3442,40.7681,1.4824,-5.5761,True,ScoreGap = 5–10 -> SpikeGap = 40+,"[{""variable"":""ScoreGap"",""column"":""score_gap_bucket"",""value"":""5–10""},{""variable"":""SpikeGap"",""column"":""spike_gap_bucket"",""value"":""40+""}]",15,40.1751,0.6
1110,spike_gap_bucket=20–30 AND spike_score_bucket=325–350 AND yellow_warning=false,spike_score_bucket=325–350 AND yellow_warning=false,3,1,0,0.0,26,51.4811,49.0296,9.7439,-2.4515,False,SpikeGap = 20–30 -> SpikeScore = 325–350 -> Gul varning = Nej,"[{""variable"":""SpikeGap"",""column"":""spike_gap_bucket"",""value"":""20–30""},{""variable"":""SpikeScore"",""column"":""spike_score_bucket"",""value"":""325–350""},{""variable"":""Gul varning"",""column"":""yellow_warning"",""value"":false}]",1,40.1715,0.0909
1111,score_gap_bucket=15–20 AND spike_gap_bucket=30–40,score_gap_bucket=15–20,2,6,2,33.3333,25,44.127,41.6362,2.3504,-2.4908,True,ScoreGap = 15–20 -> SpikeGap = 30–40,"[{""variable"":""ScoreGap"",""column"":""score_gap_bucket"",""value"":""15–20""},{""variable"":""SpikeGap"",""column"":""spike_gap_bucket"",""value"":""30–40""}]",6,40.1671,0.375
1112,score_gap_bucket=15–20 AND spread_bucket=80+,score_gap_bucket=15–20,2,6,2,33.3333,25,44.127,41.6362,2.3504,-2.4908,True,ScoreGap = 15–20 -> Spread = 80+,"[{""variable"":""ScoreGap"",""column"":""score_gap_bucket"",""value"":""15–20""},{""variable"":""Spread"",""column"":""spread_bucket"",""value"":""80+""}]",6,40.1671,0.375
1113,score_gap_bucket=10–15 AND value_count_bucket=3+,value_count_bucket=3+,2,1,1,100.0,13,45.0216,48.9486,9.6629,3.927,False,ScoreGap = 10–15 -> Antal value = 3+,"[{""variable"":""ScoreGap"",""column"":""score_gap_bucket"",""value"":""10–15""},{""variable"":""Antal value"",""column"":""value_count_bucket"",""value"":""3+""}]",1,40.1642,0.0909
1114,score_gap_bucket=5–10 AND value_count_bucket=3+,value_count_bucket=3+,2,1,1,100.0,13,45.0216,48.9486,9.6629,3.927,False,ScoreGap = 5–10 -> Antal value = 3+,"[{""variable"":""ScoreGap"",""column"":""score_gap_bucket"",""value"":""5–10""},{""variable"":""Antal value"",""column"":""value_count_bucket"",""value"":""3+""}]",1,40.1642,0.0909
1115,race_type=3-hästarslopp AND score_gap_bucket=15–20 AND spread_bucket=80+,race_type=3-hästarslopp AND spread_bucket=80+,3,3,0,0.0,56,49.5543,43.0907,3.805,-6.4636,False,Lopptyp = 3-hästarslopp -> ScoreGap = 15–20 -> Spread = 80+,"[{""variable"":""Lopptyp"",""column"":""race_type"",""value"":""3-hästarslopp""},{""variable"":""ScoreGap"",""column"":""score_gap_bucket"",""value"":""15–20""},{""variable"":""Spread"",""column"":""spread_bucket"",""value"":""80+""}]",3,40.1638,0.2308
1116,score_gap_bucket=20+ AND spike_score_bucket=400+ AND yellow_warning=false,score_gap_bucket=20+ AND spike_score_bucket=400+,3,7,2,28.5714,13,48.3321,41.4159,2.1302,-6.9162,True,ScoreGap = 20+ -> SpikeScore = 400+ -> Gul varning = Nej,"[{""variable"":""ScoreGap"",""column"":""score_gap_bucket"",""value"":""20+""},{""variable"":""SpikeScore"",""column"":""spike_score_bucket"",""value"":""400+""},{""variable"":""Gul varning"",""column"":""yellow_warning"",""value"":false}]",7,40.1628,0.4118
1117,race_type=3-hästarslopp AND spike_gap_bucket=40+ AND spike_score_bucket=375–400 AND spread_bucket=80+ AND value_count_bucket=1,race_type=3-hästarslopp AND spike_gap_bucket=40+ AND spread_bucket=80+ AND value_count_bucket=1,5,2,0,0.0,8,55.6692,44.5354,5.2496,-11.1338,False,Lopptyp = 3-hästarslopp -> SpikeGap = 40+ -> SpikeScore = 375–400 -> Spread = 80+ -> Antal value = 1,"[{""variable"":""Lopptyp"",""column"":""race_type"",""value"":""3-hästarslopp""},{""variable"":""SpikeGap"",""column"":""spike_gap_bucket"",""value"":""40+""},{""variable"":""SpikeScore"",""column"":""spike_score_bucket"",""value"":""375–400""},{""variable"":""Spread"",""column"":""spread_bucket"",""value"":""80+""},{""variable"":""Antal value"",""column"":""value_count_bucket"",""value"":""1""}]",2,40.1607,0.1667
1118,race_type=Öppet lopp AND score_gap_bucket=10–15 AND spike_gap_bucket=40+,score_gap_bucket=10–15 AND spike_gap_bucket=40+,3,8,3,37.5,10,44.2295,41.2386,1.9529,-2.9909,True,Lopptyp = Öppet lopp -> ScoreGap = 10–15 -> SpikeGap = 40+,"[{""variable"":""Lopptyp"",""column"":""race_type"",""value"":""Öppet lopp""},{""variable"":""ScoreGap"",""column"":""score_gap_bucket"",""value"":""10–15""},{""variable"":""SpikeGap"",""column"":""spike_gap_bucket"",""value"":""40+""}]",8,40.1537,0.4444
1119,race_type=Topp 5-profil AND red_warning=false AND spike_gap_bucket=40+,red_warning=false AND spike_gap_bucket=40+,3,2,0,0.0,93,48.9105,44.4641,5.1784,-4.4464,False,Lopptyp = Topp 5-profil -> Röd varning = Nej -> SpikeGap = 40+,"[{""variable"":""Lopptyp"",""column"":""race_type"",""value"":""Topp 5-profil""},{""variable"":""Röd varning"",""column"":""red_warning"",""value"":false},{""variable"":""SpikeGap"",""column"":""spike_gap_bucket"",""value"":""40+""}]",2,40.1488,0.1667
1120,spike_gap_bucket=20–30 AND spike_score_bucket=350–375 AND spread_bucket=<60 AND yellow_warning=false,spike_score_bucket=350–375 AND spread_bucket=<60 AND yellow_warning=false,4,1,0,0.0,13,52.454,48.7073,9.4216,-3.7467,False,SpikeGap = 20–30 -> SpikeScore = 350–375 -> Spread = <60 -> Gul varning = Nej,"[{""variable"":""SpikeGap"",""column"":""spike_gap_bucket"",""value"":""20–30""},{""variable"":""SpikeScore"",""column"":""spike_score_bucket"",""value"":""350–375""},{""variable"":""Spread"",""column"":""spread_bucket"",""value"":""<60""},{""variable"":""Gul varning"",""column"":""yellow_warning"",""value"":false}]",1,40.1422,0.0909
1121,spike_gap_bucket=30–40 AND spike_score_bucket=350–375 AND spread_bucket=<60 AND yellow_warning=false,spike_score_bucket=350–375 AND spread_bucket=<60 AND yellow_warning=false,4,1,0,0.0,13,52.454,48.7073,9.4216,-3.7467,False,SpikeGap = 30–40 -> SpikeScore = 350–375 -> Spread = <60 -> Gul varning = Nej,"[{""variable"":""SpikeGap"",""column"":""spike_gap_bucket"",""value"":""30–40""},{""variable"":""SpikeScore"",""column"":""spike_score_bucket"",""value"":""350–375""},{""variable"":""Spread"",""column"":""spread_bucket"",""value"":""<60""},{""variable"":""Gul varning"",""column"":""yellow_warning"",""value"":false}]",1,40.1422,0.0909
1122,race_type=3-hästarslopp AND score_gap_bucket=15–20 AND spike_gap_bucket=0–10,race_type=3-hästarslopp AND spike_gap_bucket=0–10,3,1,0,0.0,9,54.0043,48.6039,9.3182,-5.4004,False,Lopptyp = 3-hästarslopp -> ScoreGap = 15–20 -> SpikeGap = 0–10,"[{""variable"":""Lopptyp"",""column"":""race_type"",""value"":""3-hästarslopp""},{""variable"":""ScoreGap"",""column"":""score_gap_bucket"",""value"":""15–20""},{""variable"":""SpikeGap"",""column"":""spike_gap_bucket"",""value"":""0–10""}]",1,40.1328,0.0909
1123,spike_gap_bucket=20–30 AND value_count_bucket=0,value_count_bucket=0,2,15,6,40.0,118,41.2008,40.6862,1.4005,-0.5146,True,SpikeGap = 20–30 -> Antal value = 0,"[{""variable"":""SpikeGap"",""column"":""spike_gap_bucket"",""value"":""20–30""},{""variable"":""Antal value"",""column"":""value_count_bucket"",""value"":""0""}]",15,40.126,0.6
1124,race_type=Topp 5-profil AND spike_gap_bucket=40+ AND spike_score_bucket=350–375,spike_gap_bucket=40+ AND spike_score_bucket=350–375,3,1,1,100.0,35,45.9433,48.5174,9.2317,2.5741,False,Lopptyp = Topp 5-profil -> SpikeGap = 40+ -> SpikeScore = 350–375,"[{""variable"":""Lopptyp"",""column"":""race_type"",""value"":""Topp 5-profil""},{""variable"":""SpikeGap"",""column"":""spike_gap_bucket"",""value"":""40+""},{""variable"":""SpikeScore"",""column"":""spike_score_bucket"",""value"":""350–375""}]",1,40.125,0.0909
1125,red_warning=false AND score_gap_bucket=10–15 AND spike_gap_bucket=20–30,red_warning=false AND spike_gap_bucket=20–30,3,4,2,50.0,25,40.6463,42.2052,2.9195,1.559,False,Röd varning = Nej -> ScoreGap = 10–15 -> SpikeGap = 20–30,"[{""variable"":""Röd varning"",""column"":""red_warning"",""value"":false},{""variable"":""ScoreGap"",""column"":""score_gap_bucket"",""value"":""10–15""},{""variable"":""SpikeGap"",""column"":""spike_gap_bucket"",""value"":""20–30""}]",4,40.1199,0.2857
1126,score_gap_bucket=0–5 AND spike_gap_bucket=30–40 AND spike_score_bucket=325–350,score_gap_bucket=0–5 AND spike_score_bucket=325–350,3,2,1,50.0,16,43.5592,44.2748,4.9891,0.7156,False,ScoreGap = 0–5 -> SpikeGap = 30–40 -> SpikeScore = 325–350,"[{""variable"":""ScoreGap"",""column"":""score_gap_bucket"",""value"":""0–5""},{""variable"":""SpikeGap"",""column"":""spike_gap_bucket"",""value"":""30–40""},{""variable"":""SpikeScore"",""column"":""spike_score_bucket"",""value"":""325–350""}]",2,40.1172,0.1667
1127,race_type=Topp 5-profil AND spread_bucket=80+,spread_bucket=80+,2,6,2,33.3333,98,43.9467,41.4975,2.2117,-2.4492,True,Lopptyp = Topp 5-profil -> Spread = 80+,"[{""variable"":""Lopptyp"",""column"":""race_type"",""value"":""Topp 5-profil""},{""variable"":""Spread"",""column"":""spread_bucket"",""value"":""80+""}]",6,40.1151,0.375
1128,race_type=3-hästarslopp AND spike_gap_bucket=10–20 AND value_count_bucket=3+,race_type=3-hästarslopp AND value_count_bucket=3+,3,1,0,0.0,6,56.3895,48.3339,9.0481,-8.0556,False,Lopptyp = 3-hästarslopp -> SpikeGap = 10–20 -> Antal value = 3+,"[{""variable"":""Lopptyp"",""column"":""race_type"",""value"":""3-hästarslopp""},{""variable"":""SpikeGap"",""column"":""spike_gap_bucket"",""value"":""10–20""},{""variable"":""Antal value"",""column"":""value_count_bucket"",""value"":""3+""}]",1,40.1083,0.0909
1129,race_type=Topp 5-profil AND spike_gap_bucket=0–10 AND spike_score_bucket=350–375,spike_gap_bucket=0–10 AND spike_score_bucket=350–375,3,2,0,0.0,13,51.0198,44.2172,4.9314,-6.8026,False,Lopptyp = Topp 5-profil -> SpikeGap = 0–10 -> SpikeScore = 350–375,"[{""variable"":""Lopptyp"",""column"":""race_type"",""value"":""Topp 5-profil""},{""variable"":""SpikeGap"",""column"":""spike_gap_bucket"",""value"":""0–10""},{""variable"":""SpikeScore"",""column"":""spike_score_bucket"",""value"":""350–375""}]",2,40.1076,0.1667
1130,score_gap_bucket=20+ AND spike_gap_bucket=40+ AND spread_bucket=60–70 AND yellow_warning=true,score_gap_bucket=20+ AND spike_gap_bucket=40+ AND yellow_warning=true,4,2,0,0.0,28,48.6123,44.193,4.9073,-4.4193,False,ScoreGap = 20+ -> SpikeGap = 40+ -> Spread = 60–70 -> Gul varning = Ja,"[{""variable"":""ScoreGap"",""column"":""score_gap_bucket"",""value"":""20+""},{""variable"":""SpikeGap"",""column"":""spike_gap_bucket"",""value"":""40+""},{""variable"":""Spread"",""column"":""spread_bucket"",""value"":""60–70""},{""variable"":""Gul varning"",""column"":""yellow_warning"",""value"":true}]",2,40.1036,0.1667
1131,spike_gap_bucket=10–20 AND value_count_bucket=3+,value_count_bucket=3+,2,3,1,33.3333,13,45.0216,42.83,3.5443,-2.1915,False,SpikeGap = 10–20 -> Antal value = 3+,"[{""variable"":""SpikeGap"",""column"":""spike_gap_bucket"",""value"":""10–20""},{""variable"":""Antal value"",""column"":""value_count_bucket"",""value"":""3+""}]",3,40.1036,0.2308
1132,race_type=Öppet lopp AND spike_gap_bucket=0–10 AND spike_score_bucket=375–400 AND spread_bucket=80+,spike_gap_bucket=0–10 AND spike_score_bucket=375–400 AND spread_bucket=80+,4,3,1,33.3333,6,47.5543,42.814,3.5283,-4.7403,False,Lopptyp = Öppet lopp -> SpikeGap = 0–10 -> SpikeScore = 375–400 -> Spread = 80+,"[{""variable"":""Lopptyp"",""column"":""race_type"",""value"":""Öppet lopp""},{""variable"":""SpikeGap"",""column"":""spike_gap_bucket"",""value"":""0–10""},{""variable"":""SpikeScore"",""column"":""spike_score_bucket"",""value"":""375–400""},{""variable"":""Spread"",""column"":""spread_bucket"",""value"":""80+""}]",3,40.0999,0.2308
1133,spike_gap_bucket=30–40 AND spread_bucket=70–80 AND yellow_warning=false,spread_bucket=70–80 AND yellow_warning=false,3,2,1,50.0,17,43.4397,44.1303,4.8445,0.6906,False,SpikeGap = 30–40 -> Spread = 70–80 -> Gul varning = Nej,"[{""variable"":""SpikeGap"",""column"":""spike_gap_bucket"",""value"":""30–40""},{""variable"":""Spread"",""column"":""spread_bucket"",""value"":""70–80""},{""variable"":""Gul varning"",""column"":""yellow_warning"",""value"":false}]",2,40.0931,0.1667
1134,race_type=Öppet lopp AND score_gap_bucket=10–15 AND spike_gap_bucket=0–10,score_gap_bucket=10–15 AND spike_gap_bucket=0–10,3,5,2,40.0,6,43.1101,41.6964,2.4107,-1.4137,True,Lopptyp = Öppet lopp -> ScoreGap = 10–15 -> SpikeGap = 0–10,"[{""variable"":""Lopptyp"",""column"":""race_type"",""value"":""Öppet lopp""},{""variable"":""ScoreGap"",""column"":""score_gap_bucket"",""value"":""10–15""},{""variable"":""SpikeGap"",""column"":""spike_gap_bucket"",""value"":""0–10""}]",5,40.0893,0.3333
1135,score_gap_bucket=20+ AND spread_bucket=60–70 AND yellow_warning=false,score_gap_bucket=20+ AND yellow_warning=false,3,4,1,25.0,59,45.5058,42.0882,2.8025,-3.4176,False,ScoreGap = 20+ -> Spread = 60–70 -> Gul varning = Nej,"[{""variable"":""ScoreGap"",""column"":""score_gap_bucket"",""value"":""20+""},{""variable"":""Spread"",""column"":""spread_bucket"",""value"":""60–70""},{""variable"":""Gul varning"",""column"":""yellow_warning"",""value"":false}]",4,40.0864,0.2857
1136,spike_gap_bucket=0–10 AND spike_score_bucket=<300 AND spread_bucket=<60,spike_gap_bucket=0–10 AND spread_bucket=<60,3,3,1,33.3333,14,44.7312,42.7198,3.4341,-2.0114,False,SpikeGap = 0–10 -> SpikeScore = <300 -> Spread = <60,"[{""variable"":""SpikeGap"",""column"":""spike_gap_bucket"",""value"":""0–10""},{""variable"":""SpikeScore"",""column"":""spike_score_bucket"",""value"":""<300""},{""variable"":""Spread"",""column"":""spread_bucket"",""value"":""<60""}]",3,40.0782,0.2308
1137,spike_score_bucket=<300 AND spread_bucket=60–70 AND value_count_bucket=0,spread_bucket=60–70 AND value_count_bucket=0,3,1,1,100.0,9,42.2074,47.9867,8.7009,5.7793,False,SpikeScore = <300 -> Spread = 60–70 -> Antal value = 0,"[{""variable"":""SpikeScore"",""column"":""spike_score_bucket"",""value"":""<300""},{""variable"":""Spread"",""column"":""spread_bucket"",""value"":""60–70""},{""variable"":""Antal value"",""column"":""value_count_bucket"",""value"":""0""}]",1,40.0767,0.0909
1138,spike_gap_bucket=20–30 AND spread_bucket=70–80,spread_bucket=70–80,2,1,1,100.0,37,45.3634,47.9651,8.6794,2.6017,False,SpikeGap = 20–30 -> Spread = 70–80,"[{""variable"":""SpikeGap"",""column"":""spike_gap_bucket"",""value"":""20–30""},{""variable"":""Spread"",""column"":""spread_bucket"",""value"":""70–80""}]",1,40.0747,0.0909
1139,spike_score_bucket=<300 AND spread_bucket=70–80,spread_bucket=70–80,2,1,1,100.0,37,45.3634,47.9651,8.6794,2.6017,False,SpikeScore = <300 -> Spread = 70–80,"[{""variable"":""SpikeScore"",""column"":""spike_score_bucket"",""value"":""<300""},{""variable"":""Spread"",""column"":""spread_bucket"",""value"":""70–80""}]",1,40.0747,0.0909
1140,spike_score_bucket=375–400 AND spread_bucket=80+ AND value_count_bucket=2,spread_bucket=80+ AND value_count_bucket=2,3,5,1,20.0,14,49.3804,41.6487,2.363,-7.7317,True,SpikeScore = 375–400 -> Spread = 80+ -> Antal value = 2,"[{""variable"":""SpikeScore"",""column"":""spike_score_bucket"",""value"":""375–400""},{""variable"":""Spread"",""column"":""spread_bucket"",""value"":""80+""},{""variable"":""Antal value"",""column"":""value_count_bucket"",""value"":""2""}]",5,40.0734,0.3333
1141,red_warning=false AND spike_gap_bucket=10–20 AND spike_score_bucket=350–375 AND value_count_bucket=2,red_warning=false AND spike_score_bucket=350–375 AND value_count_bucket=2,4,3,1,33.3333,7,46.6636,42.6645,3.3788,-3.9991,False,Röd varning = Nej -> SpikeGap = 10–20 -> SpikeScore = 350–375 -> Antal value = 2,"[{""variable"":""Röd varning"",""column"":""red_warning"",""value"":false},{""variable"":""SpikeGap"",""column"":""spike_gap_bucket"",""value"":""10–20""},{""variable"":""SpikeScore"",""column"":""spike_score_bucket"",""value"":""350–375""},{""variable"":""Antal value"",""column"":""value_count_bucket"",""value"":""2""}]",3,40.0654,0.2308
1142,score_gap_bucket=15–20 AND spread_bucket=<60 AND value_count_bucket=2,score_gap_bucket=15–20 AND spread_bucket=<60,3,2,1,50.0,10,42.7513,43.9594,4.6737,1.2081,False,ScoreGap = 15–20 -> Spread = <60 -> Antal value = 2,"[{""variable"":""ScoreGap"",""column"":""score_gap_bucket"",""value"":""15–20""},{""variable"":""Spread"",""column"":""spread_bucket"",""value"":""<60""},{""variable"":""Antal value"",""column"":""value_count_bucket"",""value"":""2""}]",2,40.0647,0.1667
1143,score_gap_bucket=0–5 AND spike_gap_bucket=40+ AND spike_score_bucket=375–400 AND spread_bucket=80+ AND yellow_warning=false,spike_gap_bucket=40+ AND spike_score_bucket=375–400 AND spread_bucket=80+ AND yellow_warning=false,5,1,0,0.0,6,55.7785,47.8101,8.5244,-7.9684,False,ScoreGap = 0–5 -> SpikeGap = 40+ -> SpikeScore = 375–400 -> Spread = 80+ -> Gul varning = Nej,"[{""variable"":""ScoreGap"",""column"":""score_gap_bucket"",""value"":""0–5""},{""variable"":""SpikeGap"",""column"":""spike_gap_bucket"",""value"":""40+""},{""variable"":""SpikeScore"",""column"":""spike_score_bucket"",""value"":""375–400""},{""variable"":""Spread"",""column"":""spread_bucket"",""value"":""80+""},{""variable"":""Gul varning"",""column"":""yellow_warning"",""value"":false}]",1,40.0607,0.0909
1144,score_gap_bucket=5–10 AND spread_bucket=70–80,spread_bucket=70–80,2,4,1,25.0,37,45.3634,41.9695,2.6838,-3.3939,False,ScoreGap = 5–10 -> Spread = 70–80,"[{""variable"":""ScoreGap"",""column"":""score_gap_bucket"",""value"":""5–10""},{""variable"":""Spread"",""column"":""spread_bucket"",""value"":""70–80""}]",4,40.0525,0.2857
1145,spike_gap_bucket=30–40 AND spread_bucket=70–80,spread_bucket=70–80,2,4,1,25.0,37,45.3634,41.9695,2.6838,-3.3939,False,SpikeGap = 30–40 -> Spread = 70–80,"[{""variable"":""SpikeGap"",""column"":""spike_gap_bucket"",""value"":""30–40""},{""variable"":""Spread"",""column"":""spread_bucket"",""value"":""70–80""}]",4,40.0525,0.2857
1146,race_type=Öppet lopp AND value_count_bucket=3+,value_count_bucket=3+,2,6,2,33.3333,13,45.0216,41.3306,2.0449,-3.691,True,Lopptyp = Öppet lopp -> Antal value = 3+,"[{""variable"":""Lopptyp"",""column"":""race_type"",""value"":""Öppet lopp""},{""variable"":""Antal value"",""column"":""value_count_bucket"",""value"":""3+""}]",6,40.0525,0.375
1147,spike_score_bucket=375–400 AND value_count_bucket=3+,value_count_bucket=3+,2,6,2,33.3333,13,45.0216,41.3306,2.0449,-3.691,True,SpikeScore = 375–400 -> Antal value = 3+,"[{""variable"":""SpikeScore"",""column"":""spike_score_bucket"",""value"":""375–400""},{""variable"":""Antal value"",""column"":""value_count_bucket"",""value"":""3+""}]",6,40.0525,0.375
1148,race_type=Topp 5-profil AND spike_score_bucket=400+,spike_score_bucket=400+,2,2,1,50.0,19,43.2234,43.8688,4.5831,0.6454,False,Lopptyp = Topp 5-profil -> SpikeScore = 400+,"[{""variable"":""Lopptyp"",""column"":""race_type"",""value"":""Topp 5-profil""},{""variable"":""SpikeScore"",""column"":""spike_score_bucket"",""value"":""400+""}]",2,40.0496,0.1667
1149,spike_gap_bucket=0–10 AND spike_score_bucket=400+,spike_score_bucket=400+,2,2,1,50.0,19,43.2234,43.8688,4.5831,0.6454,False,SpikeGap = 0–10 -> SpikeScore = 400+,"[{""variable"":""SpikeGap"",""column"":""spike_gap_bucket"",""value"":""0–10""},{""variable"":""SpikeScore"",""column"":""spike_score_bucket"",""value"":""400+""}]",2,40.0496,0.1667
1150,spike_score_bucket=400+ AND spread_bucket=60–70,spike_score_bucket=400+,2,2,1,50.0,19,43.2234,43.8688,4.5831,0.6454,False,SpikeScore = 400+ -> Spread = 60–70,"[{""variable"":""SpikeScore"",""column"":""spike_score_bucket"",""value"":""400+""},{""variable"":""Spread"",""column"":""spread_bucket"",""value"":""60–70""}]",2,40.0496,0.1667
1151,score_gap_bucket=0–5 AND spike_gap_bucket=10–20 AND spread_bucket=80+,score_gap_bucket=0–5 AND spread_bucket=80+,3,2,1,50.0,10,42.6311,43.8593,4.5735,1.2281,False,ScoreGap = 0–5 -> SpikeGap = 10–20 -> Spread = 80+,"[{""variable"":""ScoreGap"",""column"":""score_gap_bucket"",""value"":""0–5""},{""variable"":""SpikeGap"",""column"":""spike_gap_bucket"",""value"":""10–20""},{""variable"":""Spread"",""column"":""spread_bucket"",""value"":""80+""}]",2,40.048,0.1667
1152,score_gap_bucket=0–5 AND spike_gap_bucket=30–40 AND spread_bucket=80+,score_gap_bucket=0–5 AND spread_bucket=80+,3,2,1,50.0,10,42.6311,43.8593,4.5735,1.2281,False,ScoreGap = 0–5 -> SpikeGap = 30–40 -> Spread = 80+,"[{""variable"":""ScoreGap"",""column"":""score_gap_bucket"",""value"":""0–5""},{""variable"":""SpikeGap"",""column"":""spike_gap_bucket"",""value"":""30–40""},{""variable"":""Spread"",""column"":""spread_bucket"",""value"":""80+""}]",2,40.048,0.1667
1153,red_warning=true AND spike_score_bucket=375–400 AND spread_bucket=80+,red_warning=true AND spread_bucket=80+,3,2,1,50.0,10,42.6311,43.8593,4.5735,1.2281,False,Röd varning = Ja -> SpikeScore = 375–400 -> Spread = 80+,"[{""variable"":""Röd varning"",""column"":""red_warning"",""value"":true},{""variable"":""SpikeScore"",""column"":""spike_score_bucket"",""value"":""375–400""},{""variable"":""Spread"",""column"":""spread_bucket"",""value"":""80+""}]",2,40.048,0.1667
1154,red_warning=false AND score_gap_bucket=0–5 AND spike_gap_bucket=0–10,red_warning=false AND spike_gap_bucket=0–10,3,6,2,33.3333,31,43.7075,41.3135,2.0277,-2.394,True,Röd varning = Nej -> ScoreGap = 0–5 -> SpikeGap = 0–10,"[{""variable"":""Röd varning"",""column"":""red_warning"",""value"":false},{""variable"":""ScoreGap"",""column"":""score_gap_bucket"",""value"":""0–5""},{""variable"":""SpikeGap"",""column"":""spike_gap_bucket"",""value"":""0–10""}]",6,40.0461,0.375
1155,race_type=Öppet lopp AND score_gap_bucket=20+ AND spike_gap_bucket=20–30,score_gap_bucket=20+ AND spike_gap_bucket=20–30,3,6,2,33.3333,16,44.3044,41.3123,2.0266,-2.9921,True,Lopptyp = Öppet lopp -> ScoreGap = 20+ -> SpikeGap = 20–30,"[{""variable"":""Lopptyp"",""column"":""race_type"",""value"":""Öppet lopp""},{""variable"":""ScoreGap"",""column"":""score_gap_bucket"",""value"":""20+""},{""variable"":""SpikeGap"",""column"":""spike_gap_bucket"",""value"":""20–30""}]",6,40.0457,0.375
1156,score_gap_bucket=0–5 AND spike_gap_bucket=0–10 AND spread_bucket=<60,spike_gap_bucket=0–10 AND spread_bucket=<60,3,6,2,33.3333,14,44.7312,41.3118,2.0261,-3.4194,True,ScoreGap = 0–5 -> SpikeGap = 0–10 -> Spread = <60,"[{""variable"":""ScoreGap"",""column"":""score_gap_bucket"",""value"":""0–5""},{""variable"":""SpikeGap"",""column"":""spike_gap_bucket"",""value"":""0–10""},{""variable"":""Spread"",""column"":""spread_bucket"",""value"":""<60""}]",6,40.0455,0.375
1157,score_gap_bucket=20+ AND spike_gap_bucket=10–20 AND spike_score_bucket=<300,score_gap_bucket=20+ AND spike_gap_bucket=10–20,3,2,1,50.0,17,43.107,43.8326,4.5469,0.7256,False,ScoreGap = 20+ -> SpikeGap = 10–20 -> SpikeScore = <300,"[{""variable"":""ScoreGap"",""column"":""score_gap_bucket"",""value"":""20+""},{""variable"":""SpikeGap"",""column"":""spike_gap_bucket"",""value"":""10–20""},{""variable"":""SpikeScore"",""column"":""spike_score_bucket"",""value"":""<300""}]",2,40.0435,0.1667
1158,score_gap_bucket=20+ AND spike_gap_bucket=30–40 AND spike_score_bucket=350–375,score_gap_bucket=20+ AND spike_score_bucket=350–375,3,2,0,0.0,38,48.1889,43.8081,4.5224,-4.3808,False,ScoreGap = 20+ -> SpikeGap = 30–40 -> SpikeScore = 350–375,"[{""variable"":""ScoreGap"",""column"":""score_gap_bucket"",""value"":""20+""},{""variable"":""SpikeGap"",""column"":""spike_gap_bucket"",""value"":""30–40""},{""variable"":""SpikeScore"",""column"":""spike_score_bucket"",""value"":""350–375""}]",2,40.0394,0.1667
1159,score_gap_bucket=20+ AND spike_score_bucket=350–375 AND spread_bucket=60–70,score_gap_bucket=20+ AND spike_score_bucket=350–375,3,2,0,0.0,38,48.1889,43.8081,4.5224,-4.3808,False,ScoreGap = 20+ -> SpikeScore = 350–375 -> Spread = 60–70,"[{""variable"":""ScoreGap"",""column"":""score_gap_bucket"",""value"":""20+""},{""variable"":""SpikeScore"",""column"":""spike_score_bucket"",""value"":""350–375""},{""variable"":""Spread"",""column"":""spread_bucket"",""value"":""60–70""}]",2,40.0394,0.1667
1160,score_gap_bucket=10–15 AND spike_gap_bucket=0–10 AND yellow_warning=true,spike_gap_bucket=0–10 AND yellow_warning=true,3,3,1,33.3333,26,43.9318,42.5494,3.2637,-1.3824,False,ScoreGap = 10–15 -> SpikeGap = 0–10 -> Gul varning = Ja,"[{""variable"":""ScoreGap"",""column"":""score_gap_bucket"",""value"":""10–15""},{""variable"":""SpikeGap"",""column"":""spike_gap_bucket"",""value"":""0–10""},{""variable"":""Gul varning"",""column"":""yellow_warning"",""value"":true}]",3,40.0389,0.2308
1161,spike_gap_bucket=40+ AND spike_score_bucket=350–375 AND spread_bucket=<60,spike_gap_bucket=40+ AND spike_score_bucket=350–375,3,15,5,33.3333,35,45.9433,40.539,1.2533,-5.4043,True,SpikeGap = 40+ -> SpikeScore = 350–375 -> Spread = <60,"[{""variable"":""SpikeGap"",""column"":""spike_gap_bucket"",""value"":""40+""},{""variable"":""SpikeScore"",""column"":""spike_score_bucket"",""value"":""350–375""},{""variable"":""Spread"",""column"":""spread_bucket"",""value"":""<60""}]",15,40.0377,0.6
1162,score_gap_bucket=0–5 AND spike_gap_bucket=0–10 AND spike_score_bucket=350–375,spike_gap_bucket=0–10 AND spike_score_bucket=350–375,3,1,0,0.0,13,51.0198,47.3755,8.0898,-3.6443,False,ScoreGap = 0–5 -> SpikeGap = 0–10 -> SpikeScore = 350–375,"[{""variable"":""ScoreGap"",""column"":""score_gap_bucket"",""value"":""0–5""},{""variable"":""SpikeGap"",""column"":""spike_gap_bucket"",""value"":""0–10""},{""variable"":""SpikeScore"",""column"":""spike_score_bucket"",""value"":""350–375""}]",1,40.0211,0.0909
1163,score_gap_bucket=20+ AND spike_score_bucket=375–400 AND value_count_bucket=3+,score_gap_bucket=20+ AND value_count_bucket=3+,3,4,1,25.0,9,49.3309,41.8445,2.5588,-7.4864,False,ScoreGap = 20+ -> SpikeScore = 375–400 -> Antal value = 3+,"[{""variable"":""ScoreGap"",""column"":""score_gap_bucket"",""value"":""20+""},{""variable"":""SpikeScore"",""column"":""spike_score_bucket"",""value"":""375–400""},{""variable"":""Antal value"",""column"":""value_count_bucket"",""value"":""3+""}]",4,40.0168,0.2857
1164,score_gap_bucket=5–10 AND spike_score_bucket=350–375 AND spread_bucket=80+,spike_score_bucket=350–375 AND spread_bucket=80+,3,1,0,0.0,28,49.6594,47.2947,8.009,-2.3647,False,ScoreGap = 5–10 -> SpikeScore = 350–375 -> Spread = 80+,"[{""variable"":""ScoreGap"",""column"":""score_gap_bucket"",""value"":""5–10""},{""variable"":""SpikeScore"",""column"":""spike_score_bucket"",""value"":""350–375""},{""variable"":""Spread"",""column"":""spread_bucket"",""value"":""80+""}]",1,40.0138,0.0909
1165,score_gap_bucket=0–5 AND spike_gap_bucket=40+ AND spike_score_bucket=300–325,score_gap_bucket=0–5 AND spike_gap_bucket=40+,3,1,1,100.0,13,43.2389,47.2933,8.0076,4.0544,False,ScoreGap = 0–5 -> SpikeGap = 40+ -> SpikeScore = 300–325,"[{""variable"":""ScoreGap"",""column"":""score_gap_bucket"",""value"":""0–5""},{""variable"":""SpikeGap"",""column"":""spike_gap_bucket"",""value"":""40+""},{""variable"":""SpikeScore"",""column"":""spike_score_bucket"",""value"":""300–325""}]",1,40.0137,0.0909
1166,score_gap_bucket=0–5 AND spread_bucket=60–70 AND value_count_bucket=0,spread_bucket=60–70 AND value_count_bucket=0,3,2,1,50.0,9,42.2074,43.6242,4.3385,1.4168,False,ScoreGap = 0–5 -> Spread = 60–70 -> Antal value = 0,"[{""variable"":""ScoreGap"",""column"":""score_gap_bucket"",""value"":""0–5""},{""variable"":""Spread"",""column"":""spread_bucket"",""value"":""60–70""},{""variable"":""Antal value"",""column"":""value_count_bucket"",""value"":""0""}]",2,40.0088,0.1667
1167,score_gap_bucket=10–15 AND spread_bucket=60–70 AND value_count_bucket=0,spread_bucket=60–70 AND value_count_bucket=0,3,2,1,50.0,9,42.2074,43.6242,4.3385,1.4168,False,ScoreGap = 10–15 -> Spread = 60–70 -> Antal value = 0,"[{""variable"":""ScoreGap"",""column"":""score_gap_bucket"",""value"":""10–15""},{""variable"":""Spread"",""column"":""spread_bucket"",""value"":""60–70""},{""variable"":""Antal value"",""column"":""value_count_bucket"",""value"":""0""}]",2,40.0088,0.1667
1168,race_type=Öppet lopp AND score_gap_bucket=20+ AND spike_gap_bucket=30–40 AND spike_score_bucket=325–350,race_type=Öppet lopp AND score_gap_bucket=20+ AND spike_score_bucket=325–350,4,1,0,0.0,11,51.5316,47.2373,7.9516,-4.2943,False,Lopptyp = Öppet lopp -> ScoreGap = 20+ -> SpikeGap = 30–40 -> SpikeScore = 325–350,"[{""variable"":""Lopptyp"",""column"":""race_type"",""value"":""Öppet lopp""},{""variable"":""ScoreGap"",""column"":""score_gap_bucket"",""value"":""20+""},{""variable"":""SpikeGap"",""column"":""spike_gap_bucket"",""value"":""30–40""},{""variable"":""SpikeScore"",""column"":""spike_score_bucket"",""value"":""325–350""}]",1,40.0086,0.0909
1169,red_warning=false AND score_gap_bucket=0–5 AND spread_bucket=80+,red_warning=false AND spread_bucket=80+,3,4,1,25.0,88,45.1753,41.8128,2.527,-3.3625,False,Röd varning = Nej -> ScoreGap = 0–5 -> Spread = 80+,"[{""variable"":""Röd varning"",""column"":""red_warning"",""value"":false},{""variable"":""ScoreGap"",""column"":""score_gap_bucket"",""value"":""0–5""},{""variable"":""Spread"",""column"":""spread_bucket"",""value"":""80+""}]",4,40.0077,0.2857
1170,score_gap_bucket=20+ AND spike_gap_bucket=0–10 AND spread_bucket=80+ AND yellow_warning=false,score_gap_bucket=20+ AND spread_bucket=80+ AND yellow_warning=false,4,2,0,0.0,37,47.9335,43.5759,4.2902,-4.3576,False,ScoreGap = 20+ -> SpikeGap = 0–10 -> Spread = 80+ -> Gul varning = Nej,"[{""variable"":""ScoreGap"",""column"":""score_gap_bucket"",""value"":""20+""},{""variable"":""SpikeGap"",""column"":""spike_gap_bucket"",""value"":""0–10""},{""variable"":""Spread"",""column"":""spread_bucket"",""value"":""80+""},{""variable"":""Gul varning"",""column"":""yellow_warning"",""value"":false}]",2,40.0007,0.1667
1171,red_warning=false AND spike_score_bucket=300–325 AND yellow_warning=true,red_warning=false AND yellow_warning=true,3,5,2,40.0,86,41.7838,41.427,2.1413,-0.3568,True,Röd varning = Nej -> SpikeScore = 300–325 -> Gul varning = Ja,"[{""variable"":""Röd varning"",""column"":""red_warning"",""value"":false},{""variable"":""SpikeScore"",""column"":""spike_score_bucket"",""value"":""300–325""},{""variable"":""Gul varning"",""column"":""yellow_warning"",""value"":true}]",5,39.9995,0.3333
1172,spike_gap_bucket=0–10 AND spread_bucket=70–80,spread_bucket=70–80,2,7,2,28.5714,37,45.3634,41.0099,1.7242,-4.3535,True,SpikeGap = 0–10 -> Spread = 70–80,"[{""variable"":""SpikeGap"",""column"":""spike_gap_bucket"",""value"":""0–10""},{""variable"":""Spread"",""column"":""spread_bucket"",""value"":""70–80""}]",7,39.9957,0.4118
1173,race_type=Öppet lopp AND spike_gap_bucket=10–20 AND value_count_bucket=3+,race_type=Öppet lopp AND value_count_bucket=3+,3,2,1,50.0,6,41.3306,43.4979,4.2122,2.1673,False,Lopptyp = Öppet lopp -> SpikeGap = 10–20 -> Antal value = 3+,"[{""variable"":""Lopptyp"",""column"":""race_type"",""value"":""Öppet lopp""},{""variable"":""SpikeGap"",""column"":""spike_gap_bucket"",""value"":""10–20""},{""variable"":""Antal value"",""column"":""value_count_bucket"",""value"":""3+""}]",2,39.9877,0.1667
1174,score_gap_bucket=15–20 AND spike_score_bucket=375–400 AND yellow_warning=false,score_gap_bucket=15–20 AND yellow_warning=false,3,4,1,25.0,11,47.8239,41.7375,2.4518,-6.0864,False,ScoreGap = 15–20 -> SpikeScore = 375–400 -> Gul varning = Nej,"[{""variable"":""ScoreGap"",""column"":""score_gap_bucket"",""value"":""15–20""},{""variable"":""SpikeScore"",""column"":""spike_score_bucket"",""value"":""375–400""},{""variable"":""Gul varning"",""column"":""yellow_warning"",""value"":false}]",4,39.9862,0.2857
1175,score_gap_bucket=15–20 AND spike_gap_bucket=20–30,score_gap_bucket=15–20,2,1,1,100.0,25,44.127,46.7876,7.5019,2.6606,False,ScoreGap = 15–20 -> SpikeGap = 20–30,"[{""variable"":""ScoreGap"",""column"":""score_gap_bucket"",""value"":""15–20""},{""variable"":""SpikeGap"",""column"":""spike_gap_bucket"",""value"":""20–30""}]",1,39.9677,0.0909
1176,race_type=3-hästarslopp AND score_gap_bucket=20+ AND spike_gap_bucket=30–40 AND spread_bucket=80+ AND yellow_warning=true,race_type=3-hästarslopp AND score_gap_bucket=20+ AND spread_bucket=80+ AND yellow_warning=true,5,1,0,0.0,26,49.1219,46.7828,7.497,-2.3391,False,Lopptyp = 3-hästarslopp -> ScoreGap = 20+ -> SpikeGap = 30–40 -> Spread = 80+ -> Gul varning = Ja,"[{""variable"":""Lopptyp"",""column"":""race_type"",""value"":""3-hästarslopp""},{""variable"":""ScoreGap"",""column"":""score_gap_bucket"",""value"":""20+""},{""variable"":""SpikeGap"",""column"":""spike_gap_bucket"",""value"":""30–40""},{""variable"":""Spread"",""column"":""spread_bucket"",""value"":""80+""},{""variable"":""Gul varning"",""column"":""yellow_warning"",""value"":true}]",1,39.9673,0.0909
1177,score_gap_bucket=5–10 AND spike_gap_bucket=40+ AND spread_bucket=<60 AND yellow_warning=false,spike_gap_bucket=40+ AND spread_bucket=<60 AND yellow_warning=false,4,4,0,0.0,21,49.9625,41.6354,2.3497,-8.3271,False,ScoreGap = 5–10 -> SpikeGap = 40+ -> Spread = <60 -> Gul varning = Nej,"[{""variable"":""ScoreGap"",""column"":""score_gap_bucket"",""value"":""5–10""},{""variable"":""SpikeGap"",""column"":""spike_gap_bucket"",""value"":""40+""},{""variable"":""Spread"",""column"":""spread_bucket"",""value"":""<60""},{""variable"":""Gul varning"",""column"":""yellow_warning"",""value"":false}]",4,39.9571,0.2857
1178,spike_gap_bucket=40+ AND spike_score_bucket=375–400 AND spread_bucket=<60 AND yellow_warning=false,spike_gap_bucket=40+ AND spread_bucket=<60 AND yellow_warning=false,4,4,0,0.0,21,49.9625,41.6354,2.3497,-8.3271,False,SpikeGap = 40+ -> SpikeScore = 375–400 -> Spread = <60 -> Gul varning = Nej,"[{""variable"":""SpikeGap"",""column"":""spike_gap_bucket"",""value"":""40+""},{""variable"":""SpikeScore"",""column"":""spike_score_bucket"",""value"":""375–400""},{""variable"":""Spread"",""column"":""spread_bucket"",""value"":""<60""},{""variable"":""Gul varning"",""column"":""yellow_warning"",""value"":false}]",4,39.9571,0.2857
1179,race_type=Öppet lopp AND red_warning=false AND spread_bucket=80+ AND value_count_bucket=1 AND yellow_warning=true,race_type=Öppet lopp AND red_warning=false AND spread_bucket=80+ AND yellow_warning=true,5,7,2,28.5714,10,49.5173,40.8925,1.6068,-8.6248,False,Lopptyp = Öppet lopp -> Röd varning = Nej -> Spread = 80+ -> Antal value = 1 -> Gul varning = Ja,"[{""variable"":""Lopptyp"",""column"":""race_type"",""value"":""Öppet lopp""},{""variable"":""Röd varning"",""column"":""red_warning"",""value"":false},{""variable"":""Spread"",""column"":""spread_bucket"",""value"":""80+""},{""variable"":""Antal value"",""column"":""value_count_bucket"",""value"":""1""},{""variable"":""Gul varning"",""column"":""yellow_warning"",""value"":true}]",7,39.9473,0.4118
1180,spike_score_bucket=325–350 AND spread_bucket=<60,spike_score_bucket=325–350,2,29,11,37.931,58,43.4066,40.166,0.8802,-3.2406,True,SpikeScore = 325–350 -> Spread = <60,"[{""variable"":""SpikeScore"",""column"":""spike_score_bucket"",""value"":""325–350""},{""variable"":""Spread"",""column"":""spread_bucket"",""value"":""<60""}]",29,39.9403,0.7436
1181,score_gap_bucket=5–10 AND spike_score_bucket=325–350 AND spread_bucket=80+,spike_score_bucket=325–350 AND spread_bucket=80+,3,2,0,0.0,14,49.3804,43.2079,3.9221,-6.1726,False,ScoreGap = 5–10 -> SpikeScore = 325–350 -> Spread = 80+,"[{""variable"":""ScoreGap"",""column"":""score_gap_bucket"",""value"":""5–10""},{""variable"":""SpikeScore"",""column"":""spike_score_bucket"",""value"":""325–350""},{""variable"":""Spread"",""column"":""spread_bucket"",""value"":""80+""}]",2,39.9394,0.1667
1182,race_type=Topp 5-profil AND spike_score_bucket=325–350,spike_score_bucket=325–350,2,3,1,33.3333,58,43.4066,42.0927,2.807,-1.3139,False,Lopptyp = Topp 5-profil -> SpikeScore = 325–350,"[{""variable"":""Lopptyp"",""column"":""race_type"",""value"":""Topp 5-profil""},{""variable"":""SpikeScore"",""column"":""spike_score_bucket"",""value"":""325–350""}]",3,39.9335,0.2308
1183,score_gap_bucket=20+ AND spike_score_bucket=375–400 AND spread_bucket=<60,score_gap_bucket=20+ AND spread_bucket=<60,3,3,1,33.3333,14,43.9694,42.0924,2.8067,-1.877,False,ScoreGap = 20+ -> SpikeScore = 375–400 -> Spread = <60,"[{""variable"":""ScoreGap"",""column"":""score_gap_bucket"",""value"":""20+""},{""variable"":""SpikeScore"",""column"":""spike_score_bucket"",""value"":""375–400""},{""variable"":""Spread"",""column"":""spread_bucket"",""value"":""<60""}]",3,39.9334,0.2308
1184,score_gap_bucket=15–20 AND spike_gap_bucket=30–40 AND spike_score_bucket=325–350,score_gap_bucket=15–20 AND spike_score_bucket=325–350,3,3,1,33.3333,5,47.3016,42.0635,2.7778,-5.2381,False,ScoreGap = 15–20 -> SpikeGap = 30–40 -> SpikeScore = 325–350,"[{""variable"":""ScoreGap"",""column"":""score_gap_bucket"",""value"":""15–20""},{""variable"":""SpikeGap"",""column"":""spike_gap_bucket"",""value"":""30–40""},{""variable"":""SpikeScore"",""column"":""spike_score_bucket"",""value"":""325–350""}]",3,39.9267,0.2308
1185,red_warning=false AND spike_gap_bucket=10–20 AND spike_score_bucket=325–350 AND spread_bucket=<60,red_warning=false AND spike_score_bucket=325–350 AND spread_bucket=<60,4,5,1,20.0,18,47.0979,41.2071,1.9213,-5.8908,True,Röd varning = Nej -> SpikeGap = 10–20 -> SpikeScore = 325–350 -> Spread = <60,"[{""variable"":""Röd varning"",""column"":""red_warning"",""value"":false},{""variable"":""SpikeGap"",""column"":""spike_gap_bucket"",""value"":""10–20""},{""variable"":""SpikeScore"",""column"":""spike_score_bucket"",""value"":""325–350""},{""variable"":""Spread"",""column"":""spread_bucket"",""value"":""<60""}]",5,39.9262,0.3333
1186,score_gap_bucket=0–5 AND spike_gap_bucket=10–20 AND spike_score_bucket=325–350 AND yellow_warning=false,score_gap_bucket=0–5 AND spike_score_bucket=325–350 AND yellow_warning=false,4,1,0,0.0,7,52.949,46.3304,7.0447,-6.6186,False,ScoreGap = 0–5 -> SpikeGap = 10–20 -> SpikeScore = 325–350 -> Gul varning = Nej,"[{""variable"":""ScoreGap"",""column"":""score_gap_bucket"",""value"":""0–5""},{""variable"":""SpikeGap"",""column"":""spike_gap_bucket"",""value"":""10–20""},{""variable"":""SpikeScore"",""column"":""spike_score_bucket"",""value"":""325–350""},{""variable"":""Gul varning"",""column"":""yellow_warning"",""value"":false}]",1,39.9261,0.0909
1187,score_gap_bucket=20+ AND spike_gap_bucket=40+ AND spike_score_bucket=<300 AND yellow_warning=true,score_gap_bucket=20+ AND spike_gap_bucket=40+ AND yellow_warning=true,4,1,0,0.0,28,48.6123,46.2974,7.0117,-2.3149,False,ScoreGap = 20+ -> SpikeGap = 40+ -> SpikeScore = <300 -> Gul varning = Ja,"[{""variable"":""ScoreGap"",""column"":""score_gap_bucket"",""value"":""20+""},{""variable"":""SpikeGap"",""column"":""spike_gap_bucket"",""value"":""40+""},{""variable"":""SpikeScore"",""column"":""spike_score_bucket"",""value"":""<300""},{""variable"":""Gul varning"",""column"":""yellow_warning"",""value"":true}]",1,39.9231,0.0909
1188,spread_bucket=<60 AND value_count_bucket=0,value_count_bucket=0,2,43,17,39.5349,118,41.2008,40.0637,0.778,-1.1371,True,Spread = <60 -> Antal value = 0,"[{""variable"":""Spread"",""column"":""spread_bucket"",""value"":""<60""},{""variable"":""Antal value"",""column"":""value_count_bucket"",""value"":""0""}]",43,39.9169,0.8113
1189,race_type=3-hästarslopp AND spike_score_bucket=<300,race_type=3-hästarslopp,2,3,0,0.0,77,48.3063,42.0055,2.7198,-6.3008,False,Lopptyp = 3-hästarslopp -> SpikeScore = <300,"[{""variable"":""Lopptyp"",""column"":""race_type"",""value"":""3-hästarslopp""},{""variable"":""SpikeScore"",""column"":""spike_score_bucket"",""value"":""<300""}]",3,39.9134,0.2308
1190,race_type=3-hästarslopp AND red_warning=true AND spike_gap_bucket=40+ AND spike_score_bucket=375–400,race_type=3-hästarslopp AND spike_gap_bucket=40+ AND spike_score_bucket=375–400,4,2,0,0.0,12,50.2238,43.049,3.7633,-7.1748,False,Lopptyp = 3-hästarslopp -> Röd varning = Ja -> SpikeGap = 40+ -> SpikeScore = 375–400,"[{""variable"":""Lopptyp"",""column"":""race_type"",""value"":""3-hästarslopp""},{""variable"":""Röd varning"",""column"":""red_warning"",""value"":true},{""variable"":""SpikeGap"",""column"":""spike_gap_bucket"",""value"":""40+""},{""variable"":""SpikeScore"",""column"":""spike_score_bucket"",""value"":""375–400""}]",2,39.9129,0.1667
1191,red_warning=true AND score_gap_bucket=5–10 AND spike_gap_bucket=0–10 AND spread_bucket=<60,score_gap_bucket=5–10 AND spike_gap_bucket=0–10 AND spread_bucket=<60,4,3,1,33.3333,6,46.3118,41.9856,2.6999,-4.3262,False,Röd varning = Ja -> ScoreGap = 5–10 -> SpikeGap = 0–10 -> Spread = <60,"[{""variable"":""Röd varning"",""column"":""red_warning"",""value"":true},{""variable"":""ScoreGap"",""column"":""score_gap_bucket"",""value"":""5–10""},{""variable"":""SpikeGap"",""column"":""spike_gap_bucket"",""value"":""0–10""},{""variable"":""Spread"",""column"":""spread_bucket"",""value"":""<60""}]",3,39.9088,0.2308
1192,score_gap_bucket=10–15 AND spread_bucket=80+ AND yellow_warning=false,score_gap_bucket=10–15 AND spread_bucket=80+,3,3,1,33.3333,5,47.1574,41.9734,2.6877,-5.184,False,ScoreGap = 10–15 -> Spread = 80+ -> Gul varning = Nej,"[{""variable"":""ScoreGap"",""column"":""score_gap_bucket"",""value"":""10–15""},{""variable"":""Spread"",""column"":""spread_bucket"",""value"":""80+""},{""variable"":""Gul varning"",""column"":""yellow_warning"",""value"":false}]",3,39.9059,0.2308
1193,score_gap_bucket=10–15 AND spike_score_bucket=325–350 AND spread_bucket=80+,spike_score_bucket=325–350 AND spread_bucket=80+,3,1,0,0.0,14,49.3804,46.0884,6.8027,-3.292,False,ScoreGap = 10–15 -> SpikeScore = 325–350 -> Spread = 80+,"[{""variable"":""ScoreGap"",""column"":""score_gap_bucket"",""value"":""10–15""},{""variable"":""SpikeScore"",""column"":""spike_score_bucket"",""value"":""325–350""},{""variable"":""Spread"",""column"":""spread_bucket"",""value"":""80+""}]",1,39.9041,0.0909
1194,score_gap_bucket=15–20 AND spike_score_bucket=325–350 AND spread_bucket=80+,spike_score_bucket=325–350 AND spread_bucket=80+,3,1,0,0.0,14,49.3804,46.0884,6.8027,-3.292,False,ScoreGap = 15–20 -> SpikeScore = 325–350 -> Spread = 80+,"[{""variable"":""ScoreGap"",""column"":""score_gap_bucket"",""value"":""15–20""},{""variable"":""SpikeScore"",""column"":""spike_score_bucket"",""value"":""325–350""},{""variable"":""Spread"",""column"":""spread_bucket"",""value"":""80+""}]",1,39.9041,0.0909
1195,spike_gap_bucket=20–30 AND spike_score_bucket=400+ AND spread_bucket=80+,spike_score_bucket=400+ AND spread_bucket=80+,3,1,0,0.0,14,49.3804,46.0884,6.8027,-3.292,False,SpikeGap = 20–30 -> SpikeScore = 400+ -> Spread = 80+,"[{""variable"":""SpikeGap"",""column"":""spike_gap_bucket"",""value"":""20–30""},{""variable"":""SpikeScore"",""column"":""spike_score_bucket"",""value"":""400+""},{""variable"":""Spread"",""column"":""spread_bucket"",""value"":""80+""}]",1,39.9041,0.0909
1196,spike_gap_bucket=20–30 AND spread_bucket=80+ AND value_count_bucket=2,spread_bucket=80+ AND value_count_bucket=2,3,1,0,0.0,14,49.3804,46.0884,6.8027,-3.292,False,SpikeGap = 20–30 -> Spread = 80+ -> Antal value = 2,"[{""variable"":""SpikeGap"",""column"":""spike_gap_bucket"",""value"":""20–30""},{""variable"":""Spread"",""column"":""spread_bucket"",""value"":""80+""},{""variable"":""Antal value"",""column"":""value_count_bucket"",""value"":""2""}]",1,39.9041,0.0909
1197,race_type=Topp 5-profil AND red_warning=true AND spike_gap_bucket=40+,red_warning=true AND spike_gap_bucket=40+,3,2,1,50.0,14,41.9672,42.9713,3.6856,1.0041,False,Lopptyp = Topp 5-profil -> Röd varning = Ja -> SpikeGap = 40+,"[{""variable"":""Lopptyp"",""column"":""race_type"",""value"":""Topp 5-profil""},{""variable"":""Röd varning"",""column"":""red_warning"",""value"":true},{""variable"":""SpikeGap"",""column"":""spike_gap_bucket"",""value"":""40+""}]",2,39.9,0.1667
1198,score_gap_bucket=20+ AND spike_gap_bucket=20–30 AND value_count_bucket=2,score_gap_bucket=20+ AND value_count_bucket=2,3,1,0,0.0,12,49.8424,46.0084,6.7227,-3.834,False,ScoreGap = 20+ -> SpikeGap = 20–30 -> Antal value = 2,"[{""variable"":""ScoreGap"",""column"":""score_gap_bucket"",""value"":""20+""},{""variable"":""SpikeGap"",""column"":""spike_gap_bucket"",""value"":""20–30""},{""variable"":""Antal value"",""column"":""value_count_bucket"",""value"":""2""}]",1,39.8969,0.0909
1199,red_warning=false AND score_gap_bucket=5–10 AND spread_bucket=70–80,red_warning=false AND spread_bucket=70–80,3,1,0,0.0,34,48.2827,45.9835,6.6978,-2.2992,False,Röd varning = Nej -> ScoreGap = 5–10 -> Spread = 70–80,"[{""variable"":""Röd varning"",""column"":""red_warning"",""value"":false},{""variable"":""ScoreGap"",""column"":""score_gap_bucket"",""value"":""5–10""},{""variable"":""Spread"",""column"":""spread_bucket"",""value"":""70–80""}]",1,39.8946,0.0909
1200,spike_gap_bucket=0–10 AND spread_bucket=70–80 AND yellow_warning=false,spread_bucket=70–80 AND yellow_warning=false,3,3,1,33.3333,17,43.4397,41.9237,2.638,-1.516,False,SpikeGap = 0–10 -> Spread = 70–80 -> Gul varning = Nej,"[{""variable"":""SpikeGap"",""column"":""spike_gap_bucket"",""value"":""0–10""},{""variable"":""Spread"",""column"":""spread_bucket"",""value"":""70–80""},{""variable"":""Gul varning"",""column"":""yellow_warning"",""value"":false}]",3,39.8945,0.2308
1201,race_type=Öppet lopp AND red_warning=false AND spread_bucket=80+,red_warning=false AND spread_bucket=80+,3,35,13,37.1429,88,45.1753,40.0637,0.778,-5.1116,True,Lopptyp = Öppet lopp -> Röd varning = Nej -> Spread = 80+,"[{""variable"":""Lopptyp"",""column"":""race_type"",""value"":""Öppet lopp""},{""variable"":""Röd varning"",""column"":""red_warning"",""value"":false},{""variable"":""Spread"",""column"":""spread_bucket"",""value"":""80+""}]",35,39.8908,0.7778
1202,score_gap_bucket=10–15 AND spike_score_bucket=300–325 AND value_count_bucket=0,score_gap_bucket=10–15 AND value_count_bucket=0,3,2,1,50.0,14,41.8828,42.8975,3.6117,1.0147,False,ScoreGap = 10–15 -> SpikeScore = 300–325 -> Antal value = 0,"[{""variable"":""ScoreGap"",""column"":""score_gap_bucket"",""value"":""10–15""},{""variable"":""SpikeScore"",""column"":""spike_score_bucket"",""value"":""300–325""},{""variable"":""Antal value"",""column"":""value_count_bucket"",""value"":""0""}]",2,39.8877,0.1667
1203,spike_gap_bucket=20–30 AND spike_score_bucket=400+,spike_score_bucket=400+,2,3,1,33.3333,19,43.2234,41.8748,2.589,-1.3486,False,SpikeGap = 20–30 -> SpikeScore = 400+,"[{""variable"":""SpikeGap"",""column"":""spike_gap_bucket"",""value"":""20–30""},{""variable"":""SpikeScore"",""column"":""spike_score_bucket"",""value"":""400+""}]",3,39.8832,0.2308
1204,spike_gap_bucket=30–40 AND spike_score_bucket=400+,spike_score_bucket=400+,2,3,1,33.3333,19,43.2234,41.8748,2.589,-1.3486,False,SpikeGap = 30–40 -> SpikeScore = 400+,"[{""variable"":""SpikeGap"",""column"":""spike_gap_bucket"",""value"":""30–40""},{""variable"":""SpikeScore"",""column"":""spike_score_bucket"",""value"":""400+""}]",3,39.8832,0.2308
1205,race_type=Topp 5-profil AND score_gap_bucket=15–20 AND spike_gap_bucket=40+,score_gap_bucket=15–20 AND spike_gap_bucket=40+,3,1,0,0.0,13,49.2995,45.7781,6.4924,-3.5214,False,Lopptyp = Topp 5-profil -> ScoreGap = 15–20 -> SpikeGap = 40+,"[{""variable"":""Lopptyp"",""column"":""race_type"",""value"":""Topp 5-profil""},{""variable"":""ScoreGap"",""column"":""score_gap_bucket"",""value"":""15–20""},{""variable"":""SpikeGap"",""column"":""spike_gap_bucket"",""value"":""40+""}]",1,39.8759,0.0909
1206,race_type=Topp 5-profil AND score_gap_bucket=10–15 AND value_count_bucket=0,score_gap_bucket=10–15 AND value_count_bucket=0,3,1,1,100.0,14,41.8828,45.7573,6.4716,3.8745,False,Lopptyp = Topp 5-profil -> ScoreGap = 10–15 -> Antal value = 0,"[{""variable"":""Lopptyp"",""column"":""race_type"",""value"":""Topp 5-profil""},{""variable"":""ScoreGap"",""column"":""score_gap_bucket"",""value"":""10–15""},{""variable"":""Antal value"",""column"":""value_count_bucket"",""value"":""0""}]",1,39.874,0.0909
1207,score_gap_bucket=10–15 AND spread_bucket=70–80 AND value_count_bucket=1,spread_bucket=70–80 AND value_count_bucket=1,3,1,0,0.0,15,48.7791,45.7304,6.4447,-3.0487,False,ScoreGap = 10–15 -> Spread = 70–80 -> Antal value = 1,"[{""variable"":""ScoreGap"",""column"":""score_gap_bucket"",""value"":""10–15""},{""variable"":""Spread"",""column"":""spread_bucket"",""value"":""70–80""},{""variable"":""Antal value"",""column"":""value_count_bucket"",""value"":""1""}]",1,39.8716,0.0909
1208,race_type=Topp 5-profil AND spike_gap_bucket=40+ AND value_count_bucket=1,spike_gap_bucket=40+ AND value_count_bucket=1,3,3,1,33.3333,34,43.0904,41.8177,2.532,-1.2727,False,Lopptyp = Topp 5-profil -> SpikeGap = 40+ -> Antal value = 1,"[{""variable"":""Lopptyp"",""column"":""race_type"",""value"":""Topp 5-profil""},{""variable"":""SpikeGap"",""column"":""spike_gap_bucket"",""value"":""40+""},{""variable"":""Antal value"",""column"":""value_count_bucket"",""value"":""1""}]",3,39.87,0.2308
1209,score_gap_bucket=20+ AND spread_bucket=60–70 AND value_count_bucket=2,score_gap_bucket=20+ AND value_count_bucket=2,3,2,0,0.0,12,49.8424,42.7221,3.4363,-7.1203,False,ScoreGap = 20+ -> Spread = 60–70 -> Antal value = 2,"[{""variable"":""ScoreGap"",""column"":""score_gap_bucket"",""value"":""20+""},{""variable"":""Spread"",""column"":""spread_bucket"",""value"":""60–70""},{""variable"":""Antal value"",""column"":""value_count_bucket"",""value"":""2""}]",2,39.8584,0.1667
1210,red_warning=false AND spike_gap_bucket=30–40 AND yellow_warning=true,red_warning=false AND yellow_warning=true,3,8,3,37.5,86,41.7838,40.5599,1.2741,-1.2239,True,Röd varning = Nej -> SpikeGap = 30–40 -> Gul varning = Ja,"[{""variable"":""Röd varning"",""column"":""red_warning"",""value"":false},{""variable"":""SpikeGap"",""column"":""spike_gap_bucket"",""value"":""30–40""},{""variable"":""Gul varning"",""column"":""yellow_warning"",""value"":true}]",8,39.852,0.4444
1211,race_type=3-hästarslopp AND score_gap_bucket=20+ AND spike_gap_bucket=20–30 AND value_count_bucket=1,race_type=3-hästarslopp AND score_gap_bucket=20+ AND spike_gap_bucket=20–30,4,5,1,20.0,10,51.4573,40.9715,1.6858,-10.4858,True,Lopptyp = 3-hästarslopp -> ScoreGap = 20+ -> SpikeGap = 20–30 -> Antal value = 1,"[{""variable"":""Lopptyp"",""column"":""race_type"",""value"":""3-hästarslopp""},{""variable"":""ScoreGap"",""column"":""score_gap_bucket"",""value"":""20+""},{""variable"":""SpikeGap"",""column"":""spike_gap_bucket"",""value"":""20–30""},{""variable"":""Antal value"",""column"":""value_count_bucket"",""value"":""1""}]",5,39.8476,0.3333
1212,score_gap_bucket=20+ AND spike_gap_bucket=0–10 AND spike_score_bucket=375–400,spike_gap_bucket=0–10 AND spike_score_bucket=375–400,3,3,1,33.3333,7,45.2171,41.652,2.3663,-3.5651,False,ScoreGap = 20+ -> SpikeGap = 0–10 -> SpikeScore = 375–400,"[{""variable"":""ScoreGap"",""column"":""score_gap_bucket"",""value"":""20+""},{""variable"":""SpikeGap"",""column"":""spike_gap_bucket"",""value"":""0–10""},{""variable"":""SpikeScore"",""column"":""spike_score_bucket"",""value"":""375–400""}]",3,39.8318,0.2308
1213,race_type=Topp 5-profil AND spike_gap_bucket=40+ AND spike_score_bucket=400+,spike_gap_bucket=40+ AND spike_score_bucket=400+,3,1,0,0.0,11,49.2543,45.1498,5.8641,-4.1045,False,Lopptyp = Topp 5-profil -> SpikeGap = 40+ -> SpikeScore = 400+,"[{""variable"":""Lopptyp"",""column"":""race_type"",""value"":""Topp 5-profil""},{""variable"":""SpikeGap"",""column"":""spike_gap_bucket"",""value"":""40+""},{""variable"":""SpikeScore"",""column"":""spike_score_bucket"",""value"":""400+""}]",1,39.8188,0.0909
1214,race_type=Öppet lopp AND red_warning=false AND yellow_warning=true,red_warning=false AND yellow_warning=true,3,46,18,39.1304,86,41.7838,39.9345,0.6488,-1.8493,True,Lopptyp = Öppet lopp -> Röd varning = Nej -> Gul varning = Ja,"[{""variable"":""Lopptyp"",""column"":""race_type"",""value"":""Öppet lopp""},{""variable"":""Röd varning"",""column"":""red_warning"",""value"":false},{""variable"":""Gul varning"",""column"":""yellow_warning"",""value"":true}]",46,39.8186,0.8214
1215,red_warning=false AND spike_gap_bucket=10–20 AND spread_bucket=80+ AND yellow_warning=true,red_warning=false AND spread_bucket=80+ AND yellow_warning=true,4,3,0,0.0,39,47.8208,41.5833,2.2976,-6.2375,False,Röd varning = Nej -> SpikeGap = 10–20 -> Spread = 80+ -> Gul varning = Ja,"[{""variable"":""Röd varning"",""column"":""red_warning"",""value"":false},{""variable"":""SpikeGap"",""column"":""spike_gap_bucket"",""value"":""10–20""},{""variable"":""Spread"",""column"":""spread_bucket"",""value"":""80+""},{""variable"":""Gul varning"",""column"":""yellow_warning"",""value"":true}]",3,39.8159,0.2308
1216,spread_bucket=80+ AND value_count_bucket=1,spread_bucket=80+,2,32,12,37.5,98,43.9467,39.9795,0.6938,-3.9672,True,Spread = 80+ -> Antal value = 1,"[{""variable"":""Spread"",""column"":""spread_bucket"",""value"":""80+""},{""variable"":""Antal value"",""column"":""value_count_bucket"",""value"":""1""}]",32,39.8143,0.7619
1217,spike_score_bucket=375–400 AND spread_bucket=80+ AND yellow_warning=false,spread_bucket=80+ AND yellow_warning=false,3,19,7,36.8421,49,43.173,40.0887,0.803,-3.0843,True,SpikeScore = 375–400 -> Spread = 80+ -> Gul varning = Nej,"[{""variable"":""SpikeScore"",""column"":""spike_score_bucket"",""value"":""375–400""},{""variable"":""Spread"",""column"":""spread_bucket"",""value"":""80+""},{""variable"":""Gul varning"",""column"":""yellow_warning"",""value"":false}]",19,39.8118,0.6552
1218,race_type=Öppet lopp AND score_gap_bucket=15–20 AND spike_gap_bucket=10–20,race_type=Öppet lopp AND score_gap_bucket=15–20,3,1,0,0.0,15,48.0726,45.0681,5.7823,-3.0045,False,Lopptyp = Öppet lopp -> ScoreGap = 15–20 -> SpikeGap = 10–20,"[{""variable"":""Lopptyp"",""column"":""race_type"",""value"":""Öppet lopp""},{""variable"":""ScoreGap"",""column"":""score_gap_bucket"",""value"":""15–20""},{""variable"":""SpikeGap"",""column"":""spike_gap_bucket"",""value"":""10–20""}]",1,39.8114,0.0909
1219,spike_gap_bucket=10–20 AND spread_bucket=80+ AND yellow_warning=true,spread_bucket=80+ AND yellow_warning=true,3,5,1,20.0,49,46.0715,40.8572,1.5715,-5.2143,True,SpikeGap = 10–20 -> Spread = 80+ -> Gul varning = Ja,"[{""variable"":""SpikeGap"",""column"":""spike_gap_bucket"",""value"":""10–20""},{""variable"":""Spread"",""column"":""spread_bucket"",""value"":""80+""},{""variable"":""Gul varning"",""column"":""yellow_warning"",""value"":true}]",5,39.8095,0.3333
1220,race_type=Öppet lopp AND spike_gap_bucket=10–20 AND spread_bucket=80+ AND yellow_warning=true,race_type=Öppet lopp AND spread_bucket=80+ AND yellow_warning=true,4,1,0,0.0,11,49.0784,44.9885,5.7028,-4.0899,False,Lopptyp = Öppet lopp -> SpikeGap = 10–20 -> Spread = 80+ -> Gul varning = Ja,"[{""variable"":""Lopptyp"",""column"":""race_type"",""value"":""Öppet lopp""},{""variable"":""SpikeGap"",""column"":""spike_gap_bucket"",""value"":""10–20""},{""variable"":""Spread"",""column"":""spread_bucket"",""value"":""80+""},{""variable"":""Gul varning"",""column"":""yellow_warning"",""value"":true}]",1,39.8041,0.0909
1221,red_warning=false AND spike_gap_bucket=30–40 AND spike_score_bucket=325–350 AND spread_bucket=<60,red_warning=false AND spike_score_bucket=325–350 AND spread_bucket=<60,4,2,0,0.0,18,47.0979,42.3881,3.1024,-4.7098,False,Röd varning = Nej -> SpikeGap = 30–40 -> SpikeScore = 325–350 -> Spread = <60,"[{""variable"":""Röd varning"",""column"":""red_warning"",""value"":false},{""variable"":""SpikeGap"",""column"":""spike_gap_bucket"",""value"":""30–40""},{""variable"":""SpikeScore"",""column"":""spike_score_bucket"",""value"":""325–350""},{""variable"":""Spread"",""column"":""spread_bucket"",""value"":""<60""}]",2,39.8028,0.1667
1222,race_type=Öppet lopp AND spike_gap_bucket=20–30 AND spread_bucket=80+,spike_gap_bucket=20–30 AND spread_bucket=80+,3,5,2,40.0,16,41.0815,40.824,1.5383,-0.2575,True,Lopptyp = Öppet lopp -> SpikeGap = 20–30 -> Spread = 80+,"[{""variable"":""Lopptyp"",""column"":""race_type"",""value"":""Öppet lopp""},{""variable"":""SpikeGap"",""column"":""spike_gap_bucket"",""value"":""20–30""},{""variable"":""Spread"",""column"":""spread_bucket"",""value"":""80+""}]",5,39.7985,0.3333
1223,score_gap_bucket=15–20 AND spike_score_bucket=375–400 AND spread_bucket=<60,score_gap_bucket=15–20 AND spike_score_bucket=375–400,3,3,1,33.3333,9,44.2255,41.5025,2.2167,-2.723,False,ScoreGap = 15–20 -> SpikeScore = 375–400 -> Spread = <60,"[{""variable"":""ScoreGap"",""column"":""score_gap_bucket"",""value"":""15–20""},{""variable"":""SpikeScore"",""column"":""spike_score_bucket"",""value"":""375–400""},{""variable"":""Spread"",""column"":""spread_bucket"",""value"":""<60""}]",3,39.7973,0.2308
1224,score_gap_bucket=15–20 AND spread_bucket=<60 AND value_count_bucket=1,score_gap_bucket=15–20 AND value_count_bucket=1,3,3,1,33.3333,9,44.2255,41.5025,2.2167,-2.723,False,ScoreGap = 15–20 -> Spread = <60 -> Antal value = 1,"[{""variable"":""ScoreGap"",""column"":""score_gap_bucket"",""value"":""15–20""},{""variable"":""Spread"",""column"":""spread_bucket"",""value"":""<60""},{""variable"":""Antal value"",""column"":""value_count_bucket"",""value"":""1""}]",3,39.7973,0.2308
1225,race_type=Öppet lopp AND score_gap_bucket=20+ AND spread_bucket=70–80 AND yellow_warning=false,race_type=Öppet lopp AND score_gap_bucket=20+ AND spread_bucket=70–80,4,5,1,20.0,12,49.3789,40.738,1.4523,-8.6409,True,Lopptyp = Öppet lopp -> ScoreGap = 20+ -> Spread = 70–80 -> Gul varning = Nej,"[{""variable"":""Lopptyp"",""column"":""race_type"",""value"":""Öppet lopp""},{""variable"":""ScoreGap"",""column"":""score_gap_bucket"",""value"":""20+""},{""variable"":""Spread"",""column"":""spread_bucket"",""value"":""70–80""},{""variable"":""Gul varning"",""column"":""yellow_warning"",""value"":false}]",5,39.7698,0.3333
1226,score_gap_bucket=0–5 AND spike_gap_bucket=40+ AND value_count_bucket=1,score_gap_bucket=0–5 AND spike_gap_bucket=40+,3,3,1,33.3333,13,43.2389,41.3816,2.0959,-1.8573,False,ScoreGap = 0–5 -> SpikeGap = 40+ -> Antal value = 1,"[{""variable"":""ScoreGap"",""column"":""score_gap_bucket"",""value"":""0–5""},{""variable"":""SpikeGap"",""column"":""spike_gap_bucket"",""value"":""40+""},{""variable"":""Antal value"",""column"":""value_count_bucket"",""value"":""1""}]",3,39.7694,0.2308
1227,race_type=3-hästarslopp AND score_gap_bucket=15–20 AND yellow_warning=true,race_type=3-hästarslopp AND yellow_warning=true,3,2,0,0.0,44,46.3457,42.1325,2.8467,-4.2132,False,Lopptyp = 3-hästarslopp -> ScoreGap = 15–20 -> Gul varning = Ja,"[{""variable"":""Lopptyp"",""column"":""race_type"",""value"":""3-hästarslopp""},{""variable"":""ScoreGap"",""column"":""score_gap_bucket"",""value"":""15–20""},{""variable"":""Gul varning"",""column"":""yellow_warning"",""value"":true}]",2,39.7602,0.1667
1228,spike_gap_bucket=0–10 AND spike_score_bucket=325–350,spike_score_bucket=325–350,2,9,3,33.3333,58,43.4066,40.2804,0.9947,-3.1262,True,SpikeGap = 0–10 -> SpikeScore = 325–350,"[{""variable"":""SpikeGap"",""column"":""spike_gap_bucket"",""value"":""0–10""},{""variable"":""SpikeScore"",""column"":""spike_score_bucket"",""value"":""325–350""}]",9,39.7569,0.4737
1229,spike_gap_bucket=30–40 AND spike_score_bucket=325–350,spike_score_bucket=325–350,2,9,3,33.3333,58,43.4066,40.2804,0.9947,-3.1262,True,SpikeGap = 30–40 -> SpikeScore = 325–350,"[{""variable"":""SpikeGap"",""column"":""spike_gap_bucket"",""value"":""30–40""},{""variable"":""SpikeScore"",""column"":""spike_score_bucket"",""value"":""325–350""}]",9,39.7569,0.4737
1230,race_type=Öppet lopp AND score_gap_bucket=5–10 AND spike_gap_bucket=40+ AND yellow_warning=false,race_type=Öppet lopp AND spike_gap_bucket=40+ AND yellow_warning=false,4,5,0,0.0,36,50.8654,40.6923,1.4066,-10.1731,True,Lopptyp = Öppet lopp -> ScoreGap = 5–10 -> SpikeGap = 40+ -> Gul varning = Nej,"[{""variable"":""Lopptyp"",""column"":""race_type"",""value"":""Öppet lopp""},{""variable"":""ScoreGap"",""column"":""score_gap_bucket"",""value"":""5–10""},{""variable"":""SpikeGap"",""column"":""spike_gap_bucket"",""value"":""40+""},{""variable"":""Gul varning"",""column"":""yellow_warning"",""value"":false}]",5,39.7546,0.3333
1231,score_gap_bucket=15–20 AND spread_bucket=<60 AND yellow_warning=true,score_gap_bucket=15–20 AND yellow_warning=true,3,6,2,33.3333,14,43.6041,40.5229,1.2372,-3.0812,True,ScoreGap = 15–20 -> Spread = <60 -> Gul varning = Ja,"[{""variable"":""ScoreGap"",""column"":""score_gap_bucket"",""value"":""15–20""},{""variable"":""Spread"",""column"":""spread_bucket"",""value"":""<60""},{""variable"":""Gul varning"",""column"":""yellow_warning"",""value"":true}]",6,39.7497,0.375
1232,spike_gap_bucket=10–20 AND spike_score_bucket=350–375,spike_score_bucket=350–375,2,12,4,33.3333,77,44.1826,40.1141,0.8284,-4.0685,True,SpikeGap = 10–20 -> SpikeScore = 350–375,"[{""variable"":""SpikeGap"",""column"":""spike_gap_bucket"",""value"":""10–20""},{""variable"":""SpikeScore"",""column"":""spike_score_bucket"",""value"":""350–375""}]",12,39.7376,0.5455
1233,spike_score_bucket=350–375 AND value_count_bucket=2,spike_score_bucket=350–375,2,12,4,33.3333,77,44.1826,40.1141,0.8284,-4.0685,True,SpikeScore = 350–375 -> Antal value = 2,"[{""variable"":""SpikeScore"",""column"":""spike_score_bucket"",""value"":""350–375""},{""variable"":""Antal value"",""column"":""value_count_bucket"",""value"":""2""}]",12,39.7376,0.5455
1234,score_gap_bucket=10–15 AND spread_bucket=<60 AND value_count_bucket=0,score_gap_bucket=10–15 AND value_count_bucket=0,3,8,3,37.5,14,41.8828,40.2891,1.0033,-1.5937,True,ScoreGap = 10–15 -> Spread = <60 -> Antal value = 0,"[{""variable"":""ScoreGap"",""column"":""score_gap_bucket"",""value"":""10–15""},{""variable"":""Spread"",""column"":""spread_bucket"",""value"":""<60""},{""variable"":""Antal value"",""column"":""value_count_bucket"",""value"":""0""}]",8,39.7317,0.4444
1235,race_type=3-hästarslopp AND spike_gap_bucket=10–20,race_type=3-hästarslopp,2,9,2,22.2222,77,48.3063,40.2112,0.9255,-8.0951,True,Lopptyp = 3-hästarslopp -> SpikeGap = 10–20,"[{""variable"":""Lopptyp"",""column"":""race_type"",""value"":""3-hästarslopp""},{""variable"":""SpikeGap"",""column"":""spike_gap_bucket"",""value"":""10–20""}]",9,39.7241,0.4737
1236,score_gap_bucket=20+ AND spike_gap_bucket=30–40 AND spike_score_bucket=400+,score_gap_bucket=20+ AND spike_score_bucket=400+,3,2,0,0.0,13,48.3321,41.8878,2.6021,-6.4443,False,ScoreGap = 20+ -> SpikeGap = 30–40 -> SpikeScore = 400+,"[{""variable"":""ScoreGap"",""column"":""score_gap_bucket"",""value"":""20+""},{""variable"":""SpikeGap"",""column"":""spike_gap_bucket"",""value"":""30–40""},{""variable"":""SpikeScore"",""column"":""spike_score_bucket"",""value"":""400+""}]",2,39.7194,0.1667
1237,score_gap_bucket=5–10 AND spike_gap_bucket=40+ AND spike_score_bucket=375–400,score_gap_bucket=5–10 AND spike_gap_bucket=40+,3,5,2,40.0,15,40.7681,40.5761,1.2904,-0.192,True,ScoreGap = 5–10 -> SpikeGap = 40+ -> SpikeScore = 375–400,"[{""variable"":""ScoreGap"",""column"":""score_gap_bucket"",""value"":""5–10""},{""variable"":""SpikeGap"",""column"":""spike_gap_bucket"",""value"":""40+""},{""variable"":""SpikeScore"",""column"":""spike_score_bucket"",""value"":""375–400""}]",5,39.7158,0.3333
1238,spike_gap_bucket=0–10 AND spike_score_bucket=325–350 AND yellow_warning=true,spike_gap_bucket=0–10 AND yellow_warning=true,3,4,1,25.0,26,43.9318,40.7765,1.4908,-3.1553,False,SpikeGap = 0–10 -> SpikeScore = 325–350 -> Gul varning = Ja,"[{""variable"":""SpikeGap"",""column"":""spike_gap_bucket"",""value"":""0–10""},{""variable"":""SpikeScore"",""column"":""spike_score_bucket"",""value"":""325–350""},{""variable"":""Gul varning"",""column"":""yellow_warning"",""value"":true}]",4,39.7117,0.2857
1239,score_gap_bucket=20+ AND spread_bucket=60–70 AND value_count_bucket=1,score_gap_bucket=20+ AND value_count_bucket=1,3,2,1,50.0,36,40.9814,41.8013,2.5156,0.8199,False,ScoreGap = 20+ -> Spread = 60–70 -> Antal value = 1,"[{""variable"":""ScoreGap"",""column"":""score_gap_bucket"",""value"":""20+""},{""variable"":""Spread"",""column"":""spread_bucket"",""value"":""60–70""},{""variable"":""Antal value"",""column"":""value_count_bucket"",""value"":""1""}]",2,39.705,0.1667
1240,race_type=Topp 5-profil AND spike_gap_bucket=0–10 AND spread_bucket=80+,spike_gap_bucket=0–10 AND spread_bucket=80+,3,1,0,0.0,16,46.6371,43.8937,4.608,-2.7434,False,Lopptyp = Topp 5-profil -> SpikeGap = 0–10 -> Spread = 80+,"[{""variable"":""Lopptyp"",""column"":""race_type"",""value"":""Topp 5-profil""},{""variable"":""SpikeGap"",""column"":""spike_gap_bucket"",""value"":""0–10""},{""variable"":""Spread"",""column"":""spread_bucket"",""value"":""80+""}]",1,39.7046,0.0909
1241,score_gap_bucket=15–20 AND spike_gap_bucket=30–40 AND yellow_warning=false,score_gap_bucket=15–20 AND yellow_warning=false,3,1,0,0.0,11,47.8239,43.8386,4.5529,-3.9853,False,ScoreGap = 15–20 -> SpikeGap = 30–40 -> Gul varning = Nej,"[{""variable"":""ScoreGap"",""column"":""score_gap_bucket"",""value"":""15–20""},{""variable"":""SpikeGap"",""column"":""spike_gap_bucket"",""value"":""30–40""},{""variable"":""Gul varning"",""column"":""yellow_warning"",""value"":false}]",1,39.6996,0.0909
1242,red_warning=false AND spike_gap_bucket=0–10 AND spike_score_bucket=300–325 AND spread_bucket=<60,red_warning=false AND spike_gap_bucket=0–10 AND spread_bucket=<60,4,2,0,0.0,7,53.6303,41.7125,2.4267,-11.9178,False,Röd varning = Nej -> SpikeGap = 0–10 -> SpikeScore = 300–325 -> Spread = <60,"[{""variable"":""Röd varning"",""column"":""red_warning"",""value"":false},{""variable"":""SpikeGap"",""column"":""spike_gap_bucket"",""value"":""0–10""},{""variable"":""SpikeScore"",""column"":""spike_score_bucket"",""value"":""300–325""},{""variable"":""Spread"",""column"":""spread_bucket"",""value"":""<60""}]",2,39.6902,0.1667
1243,race_type=Öppet lopp AND spike_score_bucket=325–350 AND spread_bucket=70–80,spike_score_bucket=325–350 AND spread_bucket=70–80,3,4,1,25.0,10,46.9089,40.6492,1.3635,-6.2597,False,Lopptyp = Öppet lopp -> SpikeScore = 325–350 -> Spread = 70–80,"[{""variable"":""Lopptyp"",""column"":""race_type"",""value"":""Öppet lopp""},{""variable"":""SpikeScore"",""column"":""spike_score_bucket"",""value"":""325–350""},{""variable"":""Spread"",""column"":""spread_bucket"",""value"":""70–80""}]",4,39.6753,0.2857
1244,race_type=Topp 5-profil AND red_warning=false AND spike_gap_bucket=0–10,red_warning=false AND spike_gap_bucket=0–10,3,4,1,25.0,31,43.7075,40.5896,1.3039,-3.1179,False,Lopptyp = Topp 5-profil -> Röd varning = Nej -> SpikeGap = 0–10,"[{""variable"":""Lopptyp"",""column"":""race_type"",""value"":""Topp 5-profil""},{""variable"":""Röd varning"",""column"":""red_warning"",""value"":false},{""variable"":""SpikeGap"",""column"":""spike_gap_bucket"",""value"":""0–10""}]",4,39.6583,0.2857
1245,red_warning=false AND spike_gap_bucket=0–10 AND spread_bucket=60–70,red_warning=false AND spike_gap_bucket=0–10,3,4,1,25.0,31,43.7075,40.5896,1.3039,-3.1179,False,Röd varning = Nej -> SpikeGap = 0–10 -> Spread = 60–70,"[{""variable"":""Röd varning"",""column"":""red_warning"",""value"":false},{""variable"":""SpikeGap"",""column"":""spike_gap_bucket"",""value"":""0–10""},{""variable"":""Spread"",""column"":""spread_bucket"",""value"":""60–70""}]",4,39.6583,0.2857
1246,race_type=3-hästarslopp AND spike_gap_bucket=20–30 AND spike_score_bucket=<300,race_type=3-hästarslopp AND spike_gap_bucket=20–30,3,1,0,0.0,11,47.2944,43.3532,4.0675,-3.9412,False,Lopptyp = 3-hästarslopp -> SpikeGap = 20–30 -> SpikeScore = <300,"[{""variable"":""Lopptyp"",""column"":""race_type"",""value"":""3-hästarslopp""},{""variable"":""SpikeGap"",""column"":""spike_gap_bucket"",""value"":""20–30""},{""variable"":""SpikeScore"",""column"":""spike_score_bucket"",""value"":""<300""}]",1,39.6555,0.0909
1247,race_type=Öppet lopp AND red_warning=false AND spike_gap_bucket=10–20 AND spike_score_bucket=350–375 AND yellow_warning=true,race_type=Öppet lopp AND red_warning=false AND spike_score_bucket=350–375 AND yellow_warning=true,5,4,1,25.0,12,45.771,40.5782,1.2925,-5.1928,False,Lopptyp = Öppet lopp -> Röd varning = Nej -> SpikeGap = 10–20 -> SpikeScore = 350–375 -> Gul varning = Ja,"[{""variable"":""Lopptyp"",""column"":""race_type"",""value"":""Öppet lopp""},{""variable"":""Röd varning"",""column"":""red_warning"",""value"":false},{""variable"":""SpikeGap"",""column"":""spike_gap_bucket"",""value"":""10–20""},{""variable"":""SpikeScore"",""column"":""spike_score_bucket"",""value"":""350–375""},{""variable"":""Gul varning"",""column"":""yellow_warning"",""value"":true}]",4,39.655,0.2857
1248,race_type=Topp 5-profil AND score_gap_bucket=20+ AND yellow_warning=false,score_gap_bucket=20+ AND yellow_warning=false,3,1,0,0.0,59,45.5058,43.3389,4.0531,-2.1669,False,Lopptyp = Topp 5-profil -> ScoreGap = 20+ -> Gul varning = Nej,"[{""variable"":""Lopptyp"",""column"":""race_type"",""value"":""Topp 5-profil""},{""variable"":""ScoreGap"",""column"":""score_gap_bucket"",""value"":""20+""},{""variable"":""Gul varning"",""column"":""yellow_warning"",""value"":false}]",1,39.6542,0.0909
1249,spike_gap_bucket=40+ AND spike_score_bucket=375–400 AND value_count_bucket=1,spike_gap_bucket=40+ AND value_count_bucket=1,3,9,3,33.3333,34,43.0904,40.0623,0.7766,-3.0281,True,SpikeGap = 40+ -> SpikeScore = 375–400 -> Antal value = 1,"[{""variable"":""SpikeGap"",""column"":""spike_gap_bucket"",""value"":""40+""},{""variable"":""SpikeScore"",""column"":""spike_score_bucket"",""value"":""375–400""},{""variable"":""Antal value"",""column"":""value_count_bucket"",""value"":""1""}]",9,39.6536,0.4737
1250,race_type=3-hästarslopp AND spike_gap_bucket=10–20 AND spread_bucket=80+ AND yellow_warning=true,race_type=3-hästarslopp AND spread_bucket=80+ AND yellow_warning=true,4,3,0,0.0,33,47.0016,40.871,1.5852,-6.1306,False,Lopptyp = 3-hästarslopp -> SpikeGap = 10–20 -> Spread = 80+ -> Gul varning = Ja,"[{""variable"":""Lopptyp"",""column"":""race_type"",""value"":""3-hästarslopp""},{""variable"":""SpikeGap"",""column"":""spike_gap_bucket"",""value"":""10–20""},{""variable"":""Spread"",""column"":""spread_bucket"",""value"":""80+""},{""variable"":""Gul varning"",""column"":""yellow_warning"",""value"":true}]",3,39.6515,0.2308
1251,race_type=Öppet lopp AND score_gap_bucket=5–10 AND spike_score_bucket=350–375,race_type=Öppet lopp AND spike_score_bucket=350–375,3,9,3,33.3333,40,43.0609,40.042,0.7563,-3.0189,True,Lopptyp = Öppet lopp -> ScoreGap = 5–10 -> SpikeScore = 350–375,"[{""variable"":""Lopptyp"",""column"":""race_type"",""value"":""Öppet lopp""},{""variable"":""ScoreGap"",""column"":""score_gap_bucket"",""value"":""5–10""},{""variable"":""SpikeScore"",""column"":""spike_score_bucket"",""value"":""350–375""}]",9,39.644,0.4737
1252,race_type=Öppet lopp AND spike_score_bucket=350–375 AND value_count_bucket=2,race_type=Öppet lopp AND spike_score_bucket=350–375,3,9,3,33.3333,40,43.0609,40.042,0.7563,-3.0189,True,Lopptyp = Öppet lopp -> SpikeScore = 350–375 -> Antal value = 2,"[{""variable"":""Lopptyp"",""column"":""race_type"",""value"":""Öppet lopp""},{""variable"":""SpikeScore"",""column"":""spike_score_bucket"",""value"":""350–375""},{""variable"":""Antal value"",""column"":""value_count_bucket"",""value"":""2""}]",9,39.644,0.4737
1253,race_type=Topp 5-profil AND spread_bucket=70–80,spread_bucket=70–80,2,1,0,0.0,37,45.3634,43.2032,3.9175,-2.1602,False,Lopptyp = Topp 5-profil -> Spread = 70–80,"[{""variable"":""Lopptyp"",""column"":""race_type"",""value"":""Topp 5-profil""},{""variable"":""Spread"",""column"":""spread_bucket"",""value"":""70–80""}]",1,39.6418,0.0909
1254,spike_score_bucket=400+ AND spread_bucket=70–80,spread_bucket=70–80,2,1,0,0.0,37,45.3634,43.2032,3.9175,-2.1602,False,SpikeScore = 400+ -> Spread = 70–80,"[{""variable"":""SpikeScore"",""column"":""spike_score_bucket"",""value"":""400+""},{""variable"":""Spread"",""column"":""spread_bucket"",""value"":""70–80""}]",1,39.6418,0.0909
1255,spread_bucket=70–80 AND value_count_bucket=2,spread_bucket=70–80,2,1,0,0.0,37,45.3634,43.2032,3.9175,-2.1602,False,Spread = 70–80 -> Antal value = 2,"[{""variable"":""Spread"",""column"":""spread_bucket"",""value"":""70–80""},{""variable"":""Antal value"",""column"":""value_count_bucket"",""value"":""2""}]",1,39.6418,0.0909
1256,score_gap_bucket=5–10 AND spike_gap_bucket=0–10 AND value_count_bucket=1,score_gap_bucket=5–10 AND spike_gap_bucket=0–10,3,3,1,33.3333,8,43.6022,40.8016,1.5159,-2.8006,False,ScoreGap = 5–10 -> SpikeGap = 0–10 -> Antal value = 1,"[{""variable"":""ScoreGap"",""column"":""score_gap_bucket"",""value"":""5–10""},{""variable"":""SpikeGap"",""column"":""spike_gap_bucket"",""value"":""0–10""},{""variable"":""Antal value"",""column"":""value_count_bucket"",""value"":""1""}]",3,39.6355,0.2308
1257,spike_score_bucket=350–375 AND spread_bucket=60–70,spike_score_bucket=350–375,2,7,2,28.5714,77,44.1826,40.1353,0.8495,-4.0473,True,SpikeScore = 350–375 -> Spread = 60–70,"[{""variable"":""SpikeScore"",""column"":""spike_score_bucket"",""value"":""350–375""},{""variable"":""Spread"",""column"":""spread_bucket"",""value"":""60–70""}]",7,39.6355,0.4118
1258,score_gap_bucket=15–20 AND spike_gap_bucket=10–20 AND spread_bucket=70–80,score_gap_bucket=15–20 AND spread_bucket=70–80,3,1,0,0.0,6,50.2795,43.0967,3.811,-7.1828,False,ScoreGap = 15–20 -> SpikeGap = 10–20 -> Spread = 70–80,"[{""variable"":""ScoreGap"",""column"":""score_gap_bucket"",""value"":""15–20""},{""variable"":""SpikeGap"",""column"":""spike_gap_bucket"",""value"":""10–20""},{""variable"":""Spread"",""column"":""spread_bucket"",""value"":""70–80""}]",1,39.6322,0.0909
1259,score_gap_bucket=15–20 AND spike_gap_bucket=30–40 AND spread_bucket=70–80,score_gap_bucket=15–20 AND spread_bucket=70–80,3,1,0,0.0,6,50.2795,43.0967,3.811,-7.1828,False,ScoreGap = 15–20 -> SpikeGap = 30–40 -> Spread = 70–80,"[{""variable"":""ScoreGap"",""column"":""score_gap_bucket"",""value"":""15–20""},{""variable"":""SpikeGap"",""column"":""spike_gap_bucket"",""value"":""30–40""},{""variable"":""Spread"",""column"":""spread_bucket"",""value"":""70–80""}]",1,39.6322,0.0909
1260,score_gap_bucket=20+ AND spread_bucket=60–70 AND yellow_warning=true,score_gap_bucket=20+ AND yellow_warning=true,3,5,1,20.0,57,45.3891,40.3113,1.0256,-5.0778,True,ScoreGap = 20+ -> Spread = 60–70 -> Gul varning = Ja,"[{""variable"":""ScoreGap"",""column"":""score_gap_bucket"",""value"":""20+""},{""variable"":""Spread"",""column"":""spread_bucket"",""value"":""60–70""},{""variable"":""Gul varning"",""column"":""yellow_warning"",""value"":true}]",5,39.6276,0.3333
1261,spike_gap_bucket=20–30 AND spread_bucket=80+ AND yellow_warning=true,spread_bucket=80+ AND yellow_warning=true,3,8,2,25.0,49,46.0715,40.0511,0.7654,-6.0204,True,SpikeGap = 20–30 -> Spread = 80+ -> Gul varning = Ja,"[{""variable"":""SpikeGap"",""column"":""spike_gap_bucket"",""value"":""20–30""},{""variable"":""Spread"",""column"":""spread_bucket"",""value"":""80+""},{""variable"":""Gul varning"",""column"":""yellow_warning"",""value"":true}]",8,39.6259,0.4444
1262,race_type=Topp 5-profil AND red_warning=false AND spread_bucket=80+,red_warning=false AND spread_bucket=80+,3,1,0,0.0,88,45.1753,43.0241,3.7384,-2.1512,False,Lopptyp = Topp 5-profil -> Röd varning = Nej -> Spread = 80+,"[{""variable"":""Lopptyp"",""column"":""race_type"",""value"":""Topp 5-profil""},{""variable"":""Röd varning"",""column"":""red_warning"",""value"":false},{""variable"":""Spread"",""column"":""spread_bucket"",""value"":""80+""}]",1,39.6256,0.0909
1263,race_type=3-hästarslopp AND score_gap_bucket=20+ AND spike_score_bucket=375–400 AND spread_bucket=80+ AND value_count_bucket=1,race_type=3-hästarslopp AND score_gap_bucket=20+ AND spike_score_bucket=375–400 AND spread_bucket=80+,5,5,1,20.0,12,48.7377,40.2854,0.9997,-8.4523,False,Lopptyp = 3-hästarslopp -> ScoreGap = 20+ -> SpikeScore = 375–400 -> Spread = 80+ -> Antal value = 1,"[{""variable"":""Lopptyp"",""column"":""race_type"",""value"":""3-hästarslopp""},{""variable"":""ScoreGap"",""column"":""score_gap_bucket"",""value"":""20+""},{""variable"":""SpikeScore"",""column"":""spike_score_bucket"",""value"":""375–400""},{""variable"":""Spread"",""column"":""spread_bucket"",""value"":""80+""},{""variable"":""Antal value"",""column"":""value_count_bucket"",""value"":""1""}]",5,39.6189,0.3333
1264,score_gap_bucket=20+ AND spike_gap_bucket=30–40 AND yellow_warning=true,score_gap_bucket=20+ AND yellow_warning=true,3,2,0,0.0,57,45.3891,41.2628,1.9771,-4.1263,False,ScoreGap = 20+ -> SpikeGap = 30–40 -> Gul varning = Ja,"[{""variable"":""ScoreGap"",""column"":""score_gap_bucket"",""value"":""20+""},{""variable"":""SpikeGap"",""column"":""spike_gap_bucket"",""value"":""30–40""},{""variable"":""Gul varning"",""column"":""yellow_warning"",""value"":true}]",2,39.6152,0.1667
1265,score_gap_bucket=10–15 AND spike_gap_bucket=40+ AND yellow_warning=true,score_gap_bucket=10–15 AND spike_gap_bucket=40+,3,6,2,33.3333,10,44.2295,40.1434,0.8577,-4.0861,True,ScoreGap = 10–15 -> SpikeGap = 40+ -> Gul varning = Ja,"[{""variable"":""ScoreGap"",""column"":""score_gap_bucket"",""value"":""10–15""},{""variable"":""SpikeGap"",""column"":""spike_gap_bucket"",""value"":""40+""},{""variable"":""Gul varning"",""column"":""yellow_warning"",""value"":true}]",6,39.6073,0.375
1266,race_type=3-hästarslopp AND spike_gap_bucket=30–40 AND spike_score_bucket=375–400 AND yellow_warning=false,race_type=3-hästarslopp AND spike_gap_bucket=30–40 AND yellow_warning=false,4,1,0,0.0,5,51.2622,42.7185,3.4328,-8.5437,False,Lopptyp = 3-hästarslopp -> SpikeGap = 30–40 -> SpikeScore = 375–400 -> Gul varning = Nej,"[{""variable"":""Lopptyp"",""column"":""race_type"",""value"":""3-hästarslopp""},{""variable"":""SpikeGap"",""column"":""spike_gap_bucket"",""value"":""30–40""},{""variable"":""SpikeScore"",""column"":""spike_score_bucket"",""value"":""375–400""},{""variable"":""Gul varning"",""column"":""yellow_warning"",""value"":false}]",1,39.5978,0.0909
1267,red_warning=false AND spike_score_bucket=375–400 AND value_count_bucket=3+,red_warning=false AND value_count_bucket=3+,3,5,1,20.0,11,49.3867,40.2034,0.9176,-9.1833,True,Röd varning = Nej -> SpikeScore = 375–400 -> Antal value = 3+,"[{""variable"":""Röd varning"",""column"":""red_warning"",""value"":false},{""variable"":""SpikeScore"",""column"":""spike_score_bucket"",""value"":""375–400""},{""variable"":""Antal value"",""column"":""value_count_bucket"",""value"":""3+""}]",5,39.5916,0.3333
1268,red_warning=true AND spike_score_bucket=325–350 AND spread_bucket=70–80,spike_score_bucket=325–350 AND spread_bucket=70–80,3,1,0,0.0,10,46.9089,42.6445,3.3587,-4.2644,False,Röd varning = Ja -> SpikeScore = 325–350 -> Spread = 70–80,"[{""variable"":""Röd varning"",""column"":""red_warning"",""value"":true},{""variable"":""SpikeScore"",""column"":""spike_score_bucket"",""value"":""325–350""},{""variable"":""Spread"",""column"":""spread_bucket"",""value"":""70–80""}]",1,39.5911,0.0909
1269,race_type=Öppet lopp AND spike_score_bucket=350–375 AND spread_bucket=80+ AND value_count_bucket=1,race_type=Öppet lopp AND spike_score_bucket=350–375 AND spread_bucket=80+,4,1,0,0.0,6,49.738,42.6326,3.3469,-7.1054,False,Lopptyp = Öppet lopp -> SpikeScore = 350–375 -> Spread = 80+ -> Antal value = 1,"[{""variable"":""Lopptyp"",""column"":""race_type"",""value"":""Öppet lopp""},{""variable"":""SpikeScore"",""column"":""spike_score_bucket"",""value"":""350–375""},{""variable"":""Spread"",""column"":""spread_bucket"",""value"":""80+""},{""variable"":""Antal value"",""column"":""value_count_bucket"",""value"":""1""}]",1,39.59,0.0909
1270,race_type=3-hästarslopp AND spike_gap_bucket=20–30 AND yellow_warning=true,race_type=3-hästarslopp AND spike_gap_bucket=20–30,3,7,2,28.5714,11,47.2944,40.0132,0.7275,-7.2812,True,Lopptyp = 3-hästarslopp -> SpikeGap = 20–30 -> Gul varning = Ja,"[{""variable"":""Lopptyp"",""column"":""race_type"",""value"":""3-hästarslopp""},{""variable"":""SpikeGap"",""column"":""spike_gap_bucket"",""value"":""20–30""},{""variable"":""Gul varning"",""column"":""yellow_warning"",""value"":true}]",7,39.5853,0.4118
1271,score_gap_bucket=15–20 AND spike_gap_bucket=30–40 AND spread_bucket=<60,score_gap_bucket=15–20 AND spread_bucket=<60,3,3,1,33.3333,10,42.7513,40.5779,1.2922,-2.1734,False,ScoreGap = 15–20 -> SpikeGap = 30–40 -> Spread = <60,"[{""variable"":""ScoreGap"",""column"":""score_gap_bucket"",""value"":""15–20""},{""variable"":""SpikeGap"",""column"":""spike_gap_bucket"",""value"":""30–40""},{""variable"":""Spread"",""column"":""spread_bucket"",""value"":""<60""}]",3,39.5839,0.2308
1272,spike_gap_bucket=30–40 AND spike_score_bucket=325–350 AND yellow_warning=true,spike_gap_bucket=30–40 AND spike_score_bucket=325–350,3,5,2,40.0,9,40.2804,40.1803,0.8945,-0.1001,True,SpikeGap = 30–40 -> SpikeScore = 325–350 -> Gul varning = Ja,"[{""variable"":""SpikeGap"",""column"":""spike_gap_bucket"",""value"":""30–40""},{""variable"":""SpikeScore"",""column"":""spike_score_bucket"",""value"":""325–350""},{""variable"":""Gul varning"",""column"":""yellow_warning"",""value"":true}]",5,39.5839,0.3333
1273,red_warning=true AND score_gap_bucket=0–5 AND spike_score_bucket=325–350,score_gap_bucket=0–5 AND spike_score_bucket=325–350,3,9,3,33.3333,16,43.5592,39.8779,0.5922,-3.6813,True,Röd varning = Ja -> ScoreGap = 0–5 -> SpikeScore = 325–350,"[{""variable"":""Röd varning"",""column"":""red_warning"",""value"":true},{""variable"":""ScoreGap"",""column"":""score_gap_bucket"",""value"":""0–5""},{""variable"":""SpikeScore"",""column"":""spike_score_bucket"",""value"":""325–350""}]",9,39.5662,0.4737
1274,score_gap_bucket=5–10 AND spread_bucket=80+,spread_bucket=80+,2,7,2,28.5714,98,43.9467,39.9605,0.6748,-3.9862,True,ScoreGap = 5–10 -> Spread = 80+,"[{""variable"":""ScoreGap"",""column"":""score_gap_bucket"",""value"":""5–10""},{""variable"":""Spread"",""column"":""spread_bucket"",""value"":""80+""}]",7,39.5636,0.4118
1275,race_type=Öppet lopp AND score_gap_bucket=0–5 AND spike_gap_bucket=0–10,race_type=Öppet lopp AND spike_gap_bucket=0–10,3,8,3,37.5,27,40.8694,39.9067,0.621,-0.9627,True,Lopptyp = Öppet lopp -> ScoreGap = 0–5 -> SpikeGap = 0–10,"[{""variable"":""Lopptyp"",""column"":""race_type"",""value"":""Öppet lopp""},{""variable"":""ScoreGap"",""column"":""score_gap_bucket"",""value"":""0–5""},{""variable"":""SpikeGap"",""column"":""spike_gap_bucket"",""value"":""0–10""}]",8,39.5617,0.4444
1276,race_type=Öppet lopp AND spike_gap_bucket=0–10 AND spike_score_bucket=325–350,race_type=Öppet lopp AND spike_gap_bucket=0–10,3,8,3,37.5,27,40.8694,39.9067,0.621,-0.9627,True,Lopptyp = Öppet lopp -> SpikeGap = 0–10 -> SpikeScore = 325–350,"[{""variable"":""Lopptyp"",""column"":""race_type"",""value"":""Öppet lopp""},{""variable"":""SpikeGap"",""column"":""spike_gap_bucket"",""value"":""0–10""},{""variable"":""SpikeScore"",""column"":""spike_score_bucket"",""value"":""325–350""}]",8,39.5617,0.4444
1277,race_type=Öppet lopp AND red_warning=true AND spike_gap_bucket=0–10,race_type=Öppet lopp AND spike_gap_bucket=0–10,3,8,3,37.5,27,40.8694,39.9067,0.621,-0.9627,True,Lopptyp = Öppet lopp -> Röd varning = Ja -> SpikeGap = 0–10,"[{""variable"":""Lopptyp"",""column"":""race_type"",""value"":""Öppet lopp""},{""variable"":""Röd varning"",""column"":""red_warning"",""value"":true},{""variable"":""SpikeGap"",""column"":""spike_gap_bucket"",""value"":""0–10""}]",8,39.5617,0.4444
1278,score_gap_bucket=0–5 AND spike_gap_bucket=0–10 AND yellow_warning=true,spike_gap_bucket=0–10 AND yellow_warning=true,3,7,2,28.5714,26,43.9318,39.9495,0.6638,-3.9823,True,ScoreGap = 0–5 -> SpikeGap = 0–10 -> Gul varning = Ja,"[{""variable"":""ScoreGap"",""column"":""score_gap_bucket"",""value"":""0–5""},{""variable"":""SpikeGap"",""column"":""spike_gap_bucket"",""value"":""0–10""},{""variable"":""Gul varning"",""column"":""yellow_warning"",""value"":true}]",7,39.559,0.4118
1279,red_warning=true AND spike_gap_bucket=40+ AND spike_score_bucket=375–400,red_warning=true AND spike_gap_bucket=40+,3,3,1,33.3333,14,41.9672,40.4436,1.1579,-1.5236,False,Röd varning = Ja -> SpikeGap = 40+ -> SpikeScore = 375–400,"[{""variable"":""Röd varning"",""column"":""red_warning"",""value"":true},{""variable"":""SpikeGap"",""column"":""spike_gap_bucket"",""value"":""40+""},{""variable"":""SpikeScore"",""column"":""spike_score_bucket"",""value"":""375–400""}]",3,39.5529,0.2308
1280,race_type=3-hästarslopp AND score_gap_bucket=10–15 AND spike_gap_bucket=10–20,race_type=3-hästarslopp AND score_gap_bucket=10–15,3,1,0,0.0,5,50.645,42.2042,2.9185,-8.4408,False,Lopptyp = 3-hästarslopp -> ScoreGap = 10–15 -> SpikeGap = 10–20,"[{""variable"":""Lopptyp"",""column"":""race_type"",""value"":""3-hästarslopp""},{""variable"":""ScoreGap"",""column"":""score_gap_bucket"",""value"":""10–15""},{""variable"":""SpikeGap"",""column"":""spike_gap_bucket"",""value"":""10–20""}]",1,39.551,0.0909
1281,race_type=Öppet lopp AND score_gap_bucket=20+ AND spike_gap_bucket=40+ AND yellow_warning=true,race_type=Öppet lopp AND score_gap_bucket=20+ AND spike_gap_bucket=40+,4,12,3,25.0,28,48.6123,39.7577,0.472,-8.8546,True,Lopptyp = Öppet lopp -> ScoreGap = 20+ -> SpikeGap = 40+ -> Gul varning = Ja,"[{""variable"":""Lopptyp"",""column"":""race_type"",""value"":""Öppet lopp""},{""variable"":""ScoreGap"",""column"":""score_gap_bucket"",""value"":""20+""},{""variable"":""SpikeGap"",""column"":""spike_gap_bucket"",""value"":""40+""},{""variable"":""Gul varning"",""column"":""yellow_warning"",""value"":true}]",12,39.5432,0.5455
1282,spike_gap_bucket=10–20 AND spread_bucket=<60 AND value_count_bucket=0,spread_bucket=<60 AND value_count_bucket=0,3,5,2,40.0,43,40.0637,40.051,0.7652,-0.0127,True,SpikeGap = 10–20 -> Spread = <60 -> Antal value = 0,"[{""variable"":""SpikeGap"",""column"":""spike_gap_bucket"",""value"":""10–20""},{""variable"":""Spread"",""column"":""spread_bucket"",""value"":""<60""},{""variable"":""Antal value"",""column"":""value_count_bucket"",""value"":""0""}]",5,39.5408,0.3333
1283,score_gap_bucket=15–20 AND spike_score_bucket=400+,score_gap_bucket=15–20,2,1,0,0.0,25,44.127,42.0257,2.74,-2.1013,False,ScoreGap = 15–20 -> SpikeScore = 400+,"[{""variable"":""ScoreGap"",""column"":""score_gap_bucket"",""value"":""15–20""},{""variable"":""SpikeScore"",""column"":""spike_score_bucket"",""value"":""400+""}]",1,39.5348,0.0909
1284,score_gap_bucket=5–10 AND spike_gap_bucket=10–20 AND spike_score_bucket=350–375,score_gap_bucket=5–10 AND spike_score_bucket=350–375,3,3,1,33.3333,13,41.9288,40.3172,1.0314,-1.6116,False,ScoreGap = 5–10 -> SpikeGap = 10–20 -> SpikeScore = 350–375,"[{""variable"":""ScoreGap"",""column"":""score_gap_bucket"",""value"":""5–10""},{""variable"":""SpikeGap"",""column"":""spike_gap_bucket"",""value"":""10–20""},{""variable"":""SpikeScore"",""column"":""spike_score_bucket"",""value"":""350–375""}]",3,39.5237,0.2308
1285,race_type=3-hästarslopp AND score_gap_bucket=20+ AND spike_gap_bucket=20–30 AND spike_score_bucket=375–400 AND yellow_warning=true,race_type=3-hästarslopp AND score_gap_bucket=20+ AND spike_score_bucket=375–400 AND yellow_warning=true,5,1,0,0.0,11,45.7037,41.8951,2.6093,-3.8086,False,Lopptyp = 3-hästarslopp -> ScoreGap = 20+ -> SpikeGap = 20–30 -> SpikeScore = 375–400 -> Gul varning = Ja,"[{""variable"":""Lopptyp"",""column"":""race_type"",""value"":""3-hästarslopp""},{""variable"":""ScoreGap"",""column"":""score_gap_bucket"",""value"":""20+""},{""variable"":""SpikeGap"",""column"":""spike_gap_bucket"",""value"":""20–30""},{""variable"":""SpikeScore"",""column"":""spike_score_bucket"",""value"":""375–400""},{""variable"":""Gul varning"",""column"":""yellow_warning"",""value"":true}]",1,39.5229,0.0909
1286,race_type=Topp 5-profil AND score_gap_bucket=20+,score_gap_bucket=20+,2,2,0,0.0,116,44.7479,40.6799,1.3942,-4.068,False,Lopptyp = Topp 5-profil -> ScoreGap = 20+,"[{""variable"":""Lopptyp"",""column"":""race_type"",""value"":""Topp 5-profil""},{""variable"":""ScoreGap"",""column"":""score_gap_bucket"",""value"":""20+""}]",2,39.5181,0.1667
1287,spike_gap_bucket=10–20 AND spike_score_bucket=325–350 AND value_count_bucket=2,spike_score_bucket=325–350 AND value_count_bucket=2,3,3,1,33.3333,7,43.2641,40.2849,0.9992,-2.9792,False,SpikeGap = 10–20 -> SpikeScore = 325–350 -> Antal value = 2,"[{""variable"":""SpikeGap"",""column"":""spike_gap_bucket"",""value"":""10–20""},{""variable"":""SpikeScore"",""column"":""spike_score_bucket"",""value"":""325–350""},{""variable"":""Antal value"",""column"":""value_count_bucket"",""value"":""2""}]",3,39.5163,0.2308
1288,race_type=Topp 5-profil AND value_count_bucket=3+,value_count_bucket=3+,2,1,0,0.0,13,45.0216,41.8058,2.5201,-3.2158,False,Lopptyp = Topp 5-profil -> Antal value = 3+,"[{""variable"":""Lopptyp"",""column"":""race_type"",""value"":""Topp 5-profil""},{""variable"":""Antal value"",""column"":""value_count_bucket"",""value"":""3+""}]",1,39.5148,0.0909
1289,score_gap_bucket=0–5 AND value_count_bucket=3+,value_count_bucket=3+,2,1,0,0.0,13,45.0216,41.8058,2.5201,-3.2158,False,ScoreGap = 0–5 -> Antal value = 3+,"[{""variable"":""ScoreGap"",""column"":""score_gap_bucket"",""value"":""0–5""},{""variable"":""Antal value"",""column"":""value_count_bucket"",""value"":""3+""}]",1,39.5148,0.0909
1290,score_gap_bucket=15–20 AND value_count_bucket=3+,value_count_bucket=3+,2,1,0,0.0,13,45.0216,41.8058,2.5201,-3.2158,False,ScoreGap = 15–20 -> Antal value = 3+,"[{""variable"":""ScoreGap"",""column"":""score_gap_bucket"",""value"":""15–20""},{""variable"":""Antal value"",""column"":""value_count_bucket"",""value"":""3+""}]",1,39.5148,0.0909
1291,score_gap_bucket=10–15 AND spike_score_bucket=350–375 AND yellow_warning=true,score_gap_bucket=10–15 AND spike_score_bucket=350–375,3,6,2,33.3333,9,44.2639,39.8917,0.606,-4.3722,True,ScoreGap = 10–15 -> SpikeScore = 350–375 -> Gul varning = Ja,"[{""variable"":""ScoreGap"",""column"":""score_gap_bucket"",""value"":""10–15""},{""variable"":""SpikeScore"",""column"":""spike_score_bucket"",""value"":""350–375""},{""variable"":""Gul varning"",""column"":""yellow_warning"",""value"":true}]",6,39.513,0.375
1292,race_type=Öppet lopp AND spread_bucket=80+ AND value_count_bucket=1,race_type=Öppet lopp AND spread_bucket=80+,3,8,3,37.5,36,40.6953,39.7824,0.4966,-0.9129,True,Lopptyp = Öppet lopp -> Spread = 80+ -> Antal value = 1,"[{""variable"":""Lopptyp"",""column"":""race_type"",""value"":""Öppet lopp""},{""variable"":""Spread"",""column"":""spread_bucket"",""value"":""80+""},{""variable"":""Antal value"",""column"":""value_count_bucket"",""value"":""1""}]",8,39.5065,0.4444
1293,race_type=3-hästarslopp AND red_warning=true AND spike_score_bucket=375–400,race_type=3-hästarslopp AND red_warning=true,3,3,1,33.3333,7,43.1899,40.2329,0.9472,-2.957,False,Lopptyp = 3-hästarslopp -> Röd varning = Ja -> SpikeScore = 375–400,"[{""variable"":""Lopptyp"",""column"":""race_type"",""value"":""3-hästarslopp""},{""variable"":""Röd varning"",""column"":""red_warning"",""value"":true},{""variable"":""SpikeScore"",""column"":""spike_score_bucket"",""value"":""375–400""}]",3,39.5043,0.2308
1294,red_warning=false AND spike_gap_bucket=0–10 AND spike_score_bucket=400+,red_warning=false AND spike_gap_bucket=0–10,3,1,0,0.0,31,43.7075,41.6262,2.3405,-2.0813,False,Röd varning = Nej -> SpikeGap = 0–10 -> SpikeScore = 400+,"[{""variable"":""Röd varning"",""column"":""red_warning"",""value"":false},{""variable"":""SpikeGap"",""column"":""spike_gap_bucket"",""value"":""0–10""},{""variable"":""SpikeScore"",""column"":""spike_score_bucket"",""value"":""400+""}]",1,39.4985,0.0909
1295,red_warning=false AND spike_score_bucket=<300 AND yellow_warning=true,red_warning=false AND yellow_warning=true,3,6,2,33.3333,86,41.7838,39.8337,0.548,-1.9501,True,Röd varning = Nej -> SpikeScore = <300 -> Gul varning = Ja,"[{""variable"":""Röd varning"",""column"":""red_warning"",""value"":false},{""variable"":""SpikeScore"",""column"":""spike_score_bucket"",""value"":""<300""},{""variable"":""Gul varning"",""column"":""yellow_warning"",""value"":true}]",6,39.4912,0.375
1296,score_gap_bucket=15–20 AND spread_bucket=80+ AND yellow_warning=false,score_gap_bucket=15–20 AND yellow_warning=false,3,2,0,0.0,11,47.8239,40.4664,1.1807,-7.3575,False,ScoreGap = 15–20 -> Spread = 80+ -> Gul varning = Nej,"[{""variable"":""ScoreGap"",""column"":""score_gap_bucket"",""value"":""15–20""},{""variable"":""Spread"",""column"":""spread_bucket"",""value"":""80+""},{""variable"":""Gul varning"",""column"":""yellow_warning"",""value"":false}]",2,39.4825,0.1667
1297,race_type=3-hästarslopp AND score_gap_bucket=15–20 AND value_count_bucket=2,race_type=3-hästarslopp AND value_count_bucket=2,3,1,0,0.0,10,45.5375,41.3977,2.112,-4.1398,False,Lopptyp = 3-hästarslopp -> ScoreGap = 15–20 -> Antal value = 2,"[{""variable"":""Lopptyp"",""column"":""race_type"",""value"":""3-hästarslopp""},{""variable"":""ScoreGap"",""column"":""score_gap_bucket"",""value"":""15–20""},{""variable"":""Antal value"",""column"":""value_count_bucket"",""value"":""2""}]",1,39.4777,0.0909
1298,spike_gap_bucket=30–40 AND spike_score_bucket=325–350 AND spread_bucket=80+ AND yellow_warning=true,spike_score_bucket=325–350 AND spread_bucket=80+ AND yellow_warning=true,4,2,0,0.0,7,51.9679,40.4195,1.1338,-11.5484,False,SpikeGap = 30–40 -> SpikeScore = 325–350 -> Spread = 80+ -> Gul varning = Ja,"[{""variable"":""SpikeGap"",""column"":""spike_gap_bucket"",""value"":""30–40""},{""variable"":""SpikeScore"",""column"":""spike_score_bucket"",""value"":""325–350""},{""variable"":""Spread"",""column"":""spread_bucket"",""value"":""80+""},{""variable"":""Gul varning"",""column"":""yellow_warning"",""value"":true}]",2,39.4747,0.1667
1299,spike_score_bucket=375–400 AND spread_bucket=70–80 AND yellow_warning=false,spread_bucket=70–80 AND yellow_warning=false,3,4,1,25.0,17,43.4397,39.9274,0.6417,-3.5123,False,SpikeScore = 375–400 -> Spread = 70–80 -> Gul varning = Nej,"[{""variable"":""SpikeScore"",""column"":""spike_score_bucket"",""value"":""375–400""},{""variable"":""Spread"",""column"":""spread_bucket"",""value"":""70–80""},{""variable"":""Gul varning"",""column"":""yellow_warning"",""value"":false}]",4,39.4691,0.2857
1300,score_gap_bucket=20+ AND spread_bucket=<60 AND value_count_bucket=3+,score_gap_bucket=20+ AND value_count_bucket=3+,3,2,0,0.0,9,49.3309,40.3616,1.0759,-8.9693,False,ScoreGap = 20+ -> Spread = <60 -> Antal value = 3+,"[{""variable"":""ScoreGap"",""column"":""score_gap_bucket"",""value"":""20+""},{""variable"":""Spread"",""column"":""spread_bucket"",""value"":""<60""},{""variable"":""Antal value"",""column"":""value_count_bucket"",""value"":""3+""}]",2,39.465,0.1667
1301,spike_score_bucket=<300 AND spread_bucket=80+ AND yellow_warning=true,spread_bucket=80+ AND yellow_warning=true,3,3,0,0.0,49,46.0715,40.0622,0.7765,-6.0093,False,SpikeScore = <300 -> Spread = 80+ -> Gul varning = Ja,"[{""variable"":""SpikeScore"",""column"":""spike_score_bucket"",""value"":""<300""},{""variable"":""Spread"",""column"":""spread_bucket"",""value"":""80+""},{""variable"":""Gul varning"",""column"":""yellow_warning"",""value"":true}]",3,39.4649,0.2308
1302,spike_gap_bucket=0–10 AND spread_bucket=60–70 AND value_count_bucket=0,spread_bucket=60–70 AND value_count_bucket=0,3,3,1,33.3333,9,42.2074,39.9889,0.7032,-2.2185,False,SpikeGap = 0–10 -> Spread = 60–70 -> Antal value = 0,"[{""variable"":""SpikeGap"",""column"":""spike_gap_bucket"",""value"":""0–10""},{""variable"":""Spread"",""column"":""spread_bucket"",""value"":""60–70""},{""variable"":""Antal value"",""column"":""value_count_bucket"",""value"":""0""}]",3,39.448,0.2308
1303,spike_score_bucket=300–325 AND spread_bucket=60–70 AND value_count_bucket=0,spread_bucket=60–70 AND value_count_bucket=0,3,3,1,33.3333,9,42.2074,39.9889,0.7032,-2.2185,False,SpikeScore = 300–325 -> Spread = 60–70 -> Antal value = 0,"[{""variable"":""SpikeScore"",""column"":""spike_score_bucket"",""value"":""300–325""},{""variable"":""Spread"",""column"":""spread_bucket"",""value"":""60–70""},{""variable"":""Antal value"",""column"":""value_count_bucket"",""value"":""0""}]",3,39.448,0.2308
1304,score_gap_bucket=5–10 AND spike_score_bucket=400+,spike_score_bucket=400+,2,1,0,0.0,19,43.2234,41.0622,1.7765,-2.1612,False,ScoreGap = 5–10 -> SpikeScore = 400+,"[{""variable"":""ScoreGap"",""column"":""score_gap_bucket"",""value"":""5–10""},{""variable"":""SpikeScore"",""column"":""spike_score_bucket"",""value"":""400+""}]",1,39.4472,0.0909
1305,score_gap_bucket=0–5 AND spike_gap_bucket=10–20 AND spike_score_bucket=325–350,score_gap_bucket=0–5 AND spike_score_bucket=325–350,3,4,1,25.0,16,43.5592,39.8474,0.5616,-3.7118,False,ScoreGap = 0–5 -> SpikeGap = 10–20 -> SpikeScore = 325–350,"[{""variable"":""ScoreGap"",""column"":""score_gap_bucket"",""value"":""0–5""},{""variable"":""SpikeGap"",""column"":""spike_gap_bucket"",""value"":""10–20""},{""variable"":""SpikeScore"",""column"":""spike_score_bucket"",""value"":""325–350""}]",4,39.4462,0.2857
1306,score_gap_bucket=0–5 AND spike_score_bucket=325–350 AND value_count_bucket=1,score_gap_bucket=0–5 AND spike_score_bucket=325–350,3,4,1,25.0,16,43.5592,39.8474,0.5616,-3.7118,False,ScoreGap = 0–5 -> SpikeScore = 325–350 -> Antal value = 1,"[{""variable"":""ScoreGap"",""column"":""score_gap_bucket"",""value"":""0–5""},{""variable"":""SpikeScore"",""column"":""spike_score_bucket"",""value"":""325–350""},{""variable"":""Antal value"",""column"":""value_count_bucket"",""value"":""1""}]",4,39.4462,0.2857
1307,score_gap_bucket=20+ AND spike_score_bucket=300–325 AND spread_bucket=<60,score_gap_bucket=20+ AND spread_bucket=<60,3,1,0,0.0,14,43.9694,41.0381,1.7524,-2.9313,False,ScoreGap = 20+ -> SpikeScore = 300–325 -> Spread = <60,"[{""variable"":""ScoreGap"",""column"":""score_gap_bucket"",""value"":""20+""},{""variable"":""SpikeScore"",""column"":""spike_score_bucket"",""value"":""300–325""},{""variable"":""Spread"",""column"":""spread_bucket"",""value"":""<60""}]",1,39.445,0.0909
1308,score_gap_bucket=0–5 AND spike_score_bucket=325–350 AND spread_bucket=60–70,score_gap_bucket=0–5 AND spike_score_bucket=325–350,3,1,0,0.0,16,43.5592,40.9969,1.7112,-2.5623,False,ScoreGap = 0–5 -> SpikeScore = 325–350 -> Spread = 60–70,"[{""variable"":""ScoreGap"",""column"":""score_gap_bucket"",""value"":""0–5""},{""variable"":""SpikeScore"",""column"":""spike_score_bucket"",""value"":""325–350""},{""variable"":""Spread"",""column"":""spread_bucket"",""value"":""60–70""}]",1,39.4413,0.0909
1309,red_warning=false AND spike_gap_bucket=40+ AND spike_score_bucket=350–375 AND spread_bucket=<60 AND yellow_warning=true,red_warning=false AND spike_gap_bucket=40+ AND spike_score_bucket=350–375 AND spread_bucket=<60,5,2,0,0.0,11,47.4419,40.1431,0.8574,-7.2988,False,Röd varning = Nej -> SpikeGap = 40+ -> SpikeScore = 350–375 -> Spread = <60 -> Gul varning = Ja,"[{""variable"":""Röd varning"",""column"":""red_warning"",""value"":false},{""variable"":""SpikeGap"",""column"":""spike_gap_bucket"",""value"":""40+""},{""variable"":""SpikeScore"",""column"":""spike_score_bucket"",""value"":""350–375""},{""variable"":""Spread"",""column"":""spread_bucket"",""value"":""<60""},{""variable"":""Gul varning"",""column"":""yellow_warning"",""value"":true}]",2,39.4286,0.1667
1310,race_type=Öppet lopp AND spike_gap_bucket=0–10 AND value_count_bucket=2,race_type=Öppet lopp AND spike_gap_bucket=0–10,3,3,1,33.3333,27,40.8694,39.8864,0.6007,-0.983,False,Lopptyp = Öppet lopp -> SpikeGap = 0–10 -> Antal value = 2,"[{""variable"":""Lopptyp"",""column"":""race_type"",""value"":""Öppet lopp""},{""variable"":""SpikeGap"",""column"":""spike_gap_bucket"",""value"":""0–10""},{""variable"":""Antal value"",""column"":""value_count_bucket"",""value"":""2""}]",3,39.4243,0.2308
1311,score_gap_bucket=15–20 AND spike_gap_bucket=10–20,score_gap_bucket=15–20,2,2,0,0.0,25,44.127,40.1155,0.8297,-4.0115,False,ScoreGap = 15–20 -> SpikeGap = 10–20,"[{""variable"":""ScoreGap"",""column"":""score_gap_bucket"",""value"":""15–20""},{""variable"":""SpikeGap"",""column"":""spike_gap_bucket"",""value"":""10–20""}]",2,39.424,0.1667
1312,score_gap_bucket=15–20 AND spike_score_bucket=300–325,score_gap_bucket=15–20,2,2,0,0.0,25,44.127,40.1155,0.8297,-4.0115,False,ScoreGap = 15–20 -> SpikeScore = 300–325,"[{""variable"":""ScoreGap"",""column"":""score_gap_bucket"",""value"":""15–20""},{""variable"":""SpikeScore"",""column"":""spike_score_bucket"",""value"":""300–325""}]",2,39.424,0.1667
1313,red_warning=false AND spike_gap_bucket=20–30 AND value_count_bucket=2,red_warning=false AND value_count_bucket=2,3,2,0,0.0,19,44.3354,40.113,0.8273,-4.2224,False,Röd varning = Nej -> SpikeGap = 20–30 -> Antal value = 2,"[{""variable"":""Röd varning"",""column"":""red_warning"",""value"":false},{""variable"":""SpikeGap"",""column"":""spike_gap_bucket"",""value"":""20–30""},{""variable"":""Antal value"",""column"":""value_count_bucket"",""value"":""2""}]",2,39.4236,0.1667
1314,race_type=Öppet lopp AND score_gap_bucket=20+ AND spike_score_bucket=300–325,score_gap_bucket=20+ AND spike_score_bucket=300–325,3,3,1,33.3333,5,43.7983,39.8739,0.5882,-3.9244,False,Lopptyp = Öppet lopp -> ScoreGap = 20+ -> SpikeScore = 300–325,"[{""variable"":""Lopptyp"",""column"":""race_type"",""value"":""Öppet lopp""},{""variable"":""ScoreGap"",""column"":""score_gap_bucket"",""value"":""20+""},{""variable"":""SpikeScore"",""column"":""spike_score_bucket"",""value"":""300–325""}]",3,39.4214,0.2308
1315,score_gap_bucket=20+ AND spike_gap_bucket=10–20 AND spread_bucket=60–70,score_gap_bucket=20+ AND spike_gap_bucket=10–20,3,1,0,0.0,17,43.107,40.7122,1.4265,-2.3948,False,ScoreGap = 20+ -> SpikeGap = 10–20 -> Spread = 60–70,"[{""variable"":""ScoreGap"",""column"":""score_gap_bucket"",""value"":""20+""},{""variable"":""SpikeGap"",""column"":""spike_gap_bucket"",""value"":""10–20""},{""variable"":""Spread"",""column"":""spread_bucket"",""value"":""60–70""}]",1,39.4154,0.0909
1316,score_gap_bucket=10–15 AND spike_score_bucket=325–350,spike_score_bucket=325–350,2,7,2,28.5714,58,43.4066,39.5604,0.2747,-3.8462,True,ScoreGap = 10–15 -> SpikeScore = 325–350,"[{""variable"":""ScoreGap"",""column"":""score_gap_bucket"",""value"":""10–15""},{""variable"":""SpikeScore"",""column"":""spike_score_bucket"",""value"":""325–350""}]",7,39.3988,0.4118
1317,spike_score_bucket=350–375 AND yellow_warning=true,spike_score_bucket=350–375,2,43,16,37.2093,77,44.1826,39.423,0.1373,-4.7596,True,SpikeScore = 350–375 -> Gul varning = Ja,"[{""variable"":""SpikeScore"",""column"":""spike_score_bucket"",""value"":""350–375""},{""variable"":""Gul varning"",""column"":""yellow_warning"",""value"":true}]",43,39.3971,0.8113
1318,spike_gap_bucket=0–10 AND spike_score_bucket=300–325 AND yellow_warning=true,spike_gap_bucket=0–10 AND yellow_warning=true,3,2,0,0.0,26,43.9318,39.938,0.6523,-3.9938,False,SpikeGap = 0–10 -> SpikeScore = 300–325 -> Gul varning = Ja,"[{""variable"":""SpikeGap"",""column"":""spike_gap_bucket"",""value"":""0–10""},{""variable"":""SpikeScore"",""column"":""spike_score_bucket"",""value"":""300–325""},{""variable"":""Gul varning"",""column"":""yellow_warning"",""value"":true}]",2,39.3944,0.1667
1319,race_type=Öppet lopp AND score_gap_bucket=20+ AND value_count_bucket=1,score_gap_bucket=20+ AND value_count_bucket=1,3,16,6,37.5,36,40.9814,39.4341,0.1484,-1.5473,True,Lopptyp = Öppet lopp -> ScoreGap = 20+ -> Antal value = 1,"[{""variable"":""Lopptyp"",""column"":""race_type"",""value"":""Öppet lopp""},{""variable"":""ScoreGap"",""column"":""score_gap_bucket"",""value"":""20+""},{""variable"":""Antal value"",""column"":""value_count_bucket"",""value"":""1""}]",16,39.377,0.6154
1320,race_type=Öppet lopp AND score_gap_bucket=10–15 AND value_count_bucket=0,score_gap_bucket=10–15 AND value_count_bucket=0,3,11,4,36.3636,14,41.8828,39.4544,0.1687,-2.4284,True,Lopptyp = Öppet lopp -> ScoreGap = 10–15 -> Antal value = 0,"[{""variable"":""Lopptyp"",""column"":""race_type"",""value"":""Öppet lopp""},{""variable"":""ScoreGap"",""column"":""score_gap_bucket"",""value"":""10–15""},{""variable"":""Antal value"",""column"":""value_count_bucket"",""value"":""0""}]",11,39.3741,0.5238
1321,score_gap_bucket=10–15 AND spike_gap_bucket=40+ AND spike_score_bucket=375–400,score_gap_bucket=10–15 AND spike_gap_bucket=40+,3,1,0,0.0,10,44.2295,40.2086,0.9229,-4.0209,False,ScoreGap = 10–15 -> SpikeGap = 40+ -> SpikeScore = 375–400,"[{""variable"":""ScoreGap"",""column"":""score_gap_bucket"",""value"":""10–15""},{""variable"":""SpikeGap"",""column"":""spike_gap_bucket"",""value"":""40+""},{""variable"":""SpikeScore"",""column"":""spike_score_bucket"",""value"":""375–400""}]",1,39.3696,0.0909
1322,score_gap_bucket=10–15 AND spike_gap_bucket=40+ AND spike_score_bucket=<300,score_gap_bucket=10–15 AND spike_gap_bucket=40+,3,1,0,0.0,10,44.2295,40.2086,0.9229,-4.0209,False,ScoreGap = 10–15 -> SpikeGap = 40+ -> SpikeScore = <300,"[{""variable"":""ScoreGap"",""column"":""score_gap_bucket"",""value"":""10–15""},{""variable"":""SpikeGap"",""column"":""spike_gap_bucket"",""value"":""40+""},{""variable"":""SpikeScore"",""column"":""spike_score_bucket"",""value"":""<300""}]",1,39.3696,0.0909
1323,race_type=Öppet lopp AND red_warning=false AND score_gap_bucket=10–15 AND spike_score_bucket=350–375 AND value_count_bucket=1,race_type=Öppet lopp AND red_warning=false AND spike_score_bucket=350–375 AND value_count_bucket=1,5,1,0,0.0,8,45.1669,40.1484,0.8626,-5.0185,False,Lopptyp = Öppet lopp -> Röd varning = Nej -> ScoreGap = 10–15 -> SpikeScore = 350–375 -> Antal value = 1,"[{""variable"":""Lopptyp"",""column"":""race_type"",""value"":""Öppet lopp""},{""variable"":""Röd varning"",""column"":""red_warning"",""value"":false},{""variable"":""ScoreGap"",""column"":""score_gap_bucket"",""value"":""10–15""},{""variable"":""SpikeScore"",""column"":""spike_score_bucket"",""value"":""350–375""},{""variable"":""Antal value"",""column"":""value_count_bucket"",""value"":""1""}]",1,39.3641,0.0909
1324,spike_gap_bucket=10–20 AND spike_score_bucket=350–375 AND spread_bucket=<60,spike_score_bucket=350–375 AND spread_bucket=<60,3,6,2,33.3333,28,41.3261,39.4816,0.1959,-1.8445,True,SpikeGap = 10–20 -> SpikeScore = 350–375 -> Spread = <60,"[{""variable"":""SpikeGap"",""column"":""spike_gap_bucket"",""value"":""10–20""},{""variable"":""SpikeScore"",""column"":""spike_score_bucket"",""value"":""350–375""},{""variable"":""Spread"",""column"":""spread_bucket"",""value"":""<60""}]",6,39.3592,0.375
1325,race_type=Topp 5-profil AND red_warning=true AND spike_score_bucket=350–375,race_type=Topp 5-profil AND spike_score_bucket=350–375,3,3,1,33.3333,5,43.3461,39.5913,0.3056,-3.7548,False,Lopptyp = Topp 5-profil -> Röd varning = Ja -> SpikeScore = 350–375,"[{""variable"":""Lopptyp"",""column"":""race_type"",""value"":""Topp 5-profil""},{""variable"":""Röd varning"",""column"":""red_warning"",""value"":true},{""variable"":""SpikeScore"",""column"":""spike_score_bucket"",""value"":""350–375""}]",3,39.3562,0.2308
1326,race_type=Öppet lopp AND spike_score_bucket=350–375 AND value_count_bucket=1,race_type=Öppet lopp AND spike_score_bucket=350–375,3,12,4,33.3333,40,43.0609,39.4131,0.1273,-3.6478,True,Lopptyp = Öppet lopp -> SpikeScore = 350–375 -> Antal value = 1,"[{""variable"":""Lopptyp"",""column"":""race_type"",""value"":""Öppet lopp""},{""variable"":""SpikeScore"",""column"":""spike_score_bucket"",""value"":""350–375""},{""variable"":""Antal value"",""column"":""value_count_bucket"",""value"":""1""}]",12,39.3552,0.5455
1327,race_type=Öppet lopp AND spike_score_bucket=400+,spike_score_bucket=400+,2,12,4,33.3333,19,43.2234,39.395,0.1093,-3.8284,True,Lopptyp = Öppet lopp -> SpikeScore = 400+,"[{""variable"":""Lopptyp"",""column"":""race_type"",""value"":""Öppet lopp""},{""variable"":""SpikeScore"",""column"":""spike_score_bucket"",""value"":""400+""}]",12,39.3453,0.5455
1328,race_type=Öppet lopp AND spike_gap_bucket=0–10 AND spread_bucket=70–80,race_type=Öppet lopp AND spread_bucket=70–80,3,5,1,20.0,15,45.9219,39.4414,0.1557,-6.4805,True,Lopptyp = Öppet lopp -> SpikeGap = 0–10 -> Spread = 70–80,"[{""variable"":""Lopptyp"",""column"":""race_type"",""value"":""Öppet lopp""},{""variable"":""SpikeGap"",""column"":""spike_gap_bucket"",""value"":""0–10""},{""variable"":""Spread"",""column"":""spread_bucket"",""value"":""70–80""}]",5,39.3376,0.3333
1329,race_type=Topp 5-profil AND score_gap_bucket=10–15 AND spike_score_bucket=350–375,score_gap_bucket=10–15 AND spike_score_bucket=350–375,3,1,0,0.0,9,44.2639,39.8375,0.5518,-4.4264,False,Lopptyp = Topp 5-profil -> ScoreGap = 10–15 -> SpikeScore = 350–375,"[{""variable"":""Lopptyp"",""column"":""race_type"",""value"":""Topp 5-profil""},{""variable"":""ScoreGap"",""column"":""score_gap_bucket"",""value"":""10–15""},{""variable"":""SpikeScore"",""column"":""spike_score_bucket"",""value"":""350–375""}]",1,39.3359,0.0909
1330,race_type=Öppet lopp AND score_gap_bucket=20+ AND spike_score_bucket=350–375 AND spread_bucket=<60 AND value_count_bucket=1,race_type=Öppet lopp AND score_gap_bucket=20+ AND spike_score_bucket=350–375 AND value_count_bucket=1,5,1,0,0.0,5,47.7953,39.8294,0.5437,-7.9659,False,Lopptyp = Öppet lopp -> ScoreGap = 20+ -> SpikeScore = 350–375 -> Spread = <60 -> Antal value = 1,"[{""variable"":""Lopptyp"",""column"":""race_type"",""value"":""Öppet lopp""},{""variable"":""ScoreGap"",""column"":""score_gap_bucket"",""value"":""20+""},{""variable"":""SpikeScore"",""column"":""spike_score_bucket"",""value"":""350–375""},{""variable"":""Spread"",""column"":""spread_bucket"",""value"":""<60""},{""variable"":""Antal value"",""column"":""value_count_bucket"",""value"":""1""}]",1,39.3351,0.0909
1331,red_warning=false AND score_gap_bucket=10–15 AND spike_gap_bucket=40+ AND spike_score_bucket=350–375 AND yellow_warning=true,red_warning=false AND spike_gap_bucket=40+ AND spike_score_bucket=350–375 AND yellow_warning=true,5,3,1,33.3333,8,41.8106,39.4986,0.2129,-2.312,False,Röd varning = Nej -> ScoreGap = 10–15 -> SpikeGap = 40+ -> SpikeScore = 350–375 -> Gul varning = Ja,"[{""variable"":""Röd varning"",""column"":""red_warning"",""value"":false},{""variable"":""ScoreGap"",""column"":""score_gap_bucket"",""value"":""10–15""},{""variable"":""SpikeGap"",""column"":""spike_gap_bucket"",""value"":""40+""},{""variable"":""SpikeScore"",""column"":""spike_score_bucket"",""value"":""350–375""},{""variable"":""Gul varning"",""column"":""yellow_warning"",""value"":true}]",3,39.3348,0.2308
1332,spike_gap_bucket=10–20 AND spread_bucket=80+ AND yellow_warning=false,spread_bucket=80+ AND yellow_warning=false,3,7,2,28.5714,49,43.173,39.3874,0.1017,-3.7856,True,SpikeGap = 10–20 -> Spread = 80+ -> Gul varning = Nej,"[{""variable"":""SpikeGap"",""column"":""spike_gap_bucket"",""value"":""10–20""},{""variable"":""Spread"",""column"":""spread_bucket"",""value"":""80+""},{""variable"":""Gul varning"",""column"":""yellow_warning"",""value"":false}]",7,39.3276,0.4118
1333,spike_gap_bucket=20–30 AND spike_score_bucket=300–325 AND value_count_bucket=0,spike_gap_bucket=20–30 AND value_count_bucket=0,3,3,1,33.3333,15,40.6862,39.4607,0.175,-1.2255,False,SpikeGap = 20–30 -> SpikeScore = 300–325 -> Antal value = 0,"[{""variable"":""SpikeGap"",""column"":""spike_gap_bucket"",""value"":""20–30""},{""variable"":""SpikeScore"",""column"":""spike_score_bucket"",""value"":""300–325""},{""variable"":""Antal value"",""column"":""value_count_bucket"",""value"":""0""}]",3,39.3261,0.2308
1334,spike_gap_bucket=40+ AND spike_score_bucket=375–400,spike_gap_bucket=40+,2,29,10,34.4828,107,46.3442,39.3242,0.0384,-7.02,True,SpikeGap = 40+ -> SpikeScore = 375–400,"[{""variable"":""SpikeGap"",""column"":""spike_gap_bucket"",""value"":""40+""},{""variable"":""SpikeScore"",""column"":""spike_score_bucket"",""value"":""375–400""}]",29,39.3143,0.7436
1335,red_warning=true AND spike_gap_bucket=0–10 AND spread_bucket=<60,spike_gap_bucket=0–10 AND spread_bucket=<60,3,7,2,28.5714,14,44.7312,39.3446,0.0589,-5.3866,True,Röd varning = Ja -> SpikeGap = 0–10 -> Spread = <60,"[{""variable"":""Röd varning"",""column"":""red_warning"",""value"":true},{""variable"":""SpikeGap"",""column"":""spike_gap_bucket"",""value"":""0–10""},{""variable"":""Spread"",""column"":""spread_bucket"",""value"":""<60""}]",7,39.31,0.4118
1336,score_gap_bucket=20+ AND spike_gap_bucket=20–30 AND spike_score_bucket=<300,score_gap_bucket=20+ AND spike_gap_bucket=20–30,3,2,0,0.0,16,44.3044,39.3817,0.096,-4.9227,False,ScoreGap = 20+ -> SpikeGap = 20–30 -> SpikeScore = <300,"[{""variable"":""ScoreGap"",""column"":""score_gap_bucket"",""value"":""20+""},{""variable"":""SpikeGap"",""column"":""spike_gap_bucket"",""value"":""20–30""},{""variable"":""SpikeScore"",""column"":""spike_score_bucket"",""value"":""<300""}]",2,39.3017,0.1667
1337,spike_gap_bucket=40+ AND spread_bucket=60–70 AND yellow_warning=true,spike_gap_bucket=40+ AND spread_bucket=60–70,3,6,2,33.3333,8,43.8173,39.3242,0.0385,-4.4931,True,SpikeGap = 40+ -> Spread = 60–70 -> Gul varning = Ja,"[{""variable"":""SpikeGap"",""column"":""spike_gap_bucket"",""value"":""40+""},{""variable"":""Spread"",""column"":""spread_bucket"",""value"":""60–70""},{""variable"":""Gul varning"",""column"":""yellow_warning"",""value"":true}]",6,39.3001,0.375
1338,race_type=3-hästarslopp AND spike_score_bucket=375–400 AND value_count_bucket=1,race_type=3-hästarslopp AND value_count_bucket=1,3,7,2,28.5714,28,43.0443,39.2921,0.0064,-3.7522,True,Lopptyp = 3-hästarslopp -> SpikeScore = 375–400 -> Antal value = 1,"[{""variable"":""Lopptyp"",""column"":""race_type"",""value"":""3-hästarslopp""},{""variable"":""SpikeScore"",""column"":""spike_score_bucket"",""value"":""375–400""},{""variable"":""Antal value"",""column"":""value_count_bucket"",""value"":""1""}]",7,39.2883,0.4118
1339,score_gap_bucket=0–5 AND spike_gap_bucket=40+ AND value_count_bucket=2,spike_gap_bucket=40+ AND value_count_bucket=2,3,2,0,0.0,14,44.9084,39.2948,0.0091,-5.6136,False,ScoreGap = 0–5 -> SpikeGap = 40+ -> Antal value = 2,"[{""variable"":""ScoreGap"",""column"":""score_gap_bucket"",""value"":""0–5""},{""variable"":""SpikeGap"",""column"":""spike_gap_bucket"",""value"":""40+""},{""variable"":""Antal value"",""column"":""value_count_bucket"",""value"":""2""}]",2,39.2872,0.1667
1340,score_gap_bucket=5–10 AND spike_gap_bucket=40+ AND value_count_bucket=2,spike_gap_bucket=40+ AND value_count_bucket=2,3,2,0,0.0,14,44.9084,39.2948,0.0091,-5.6136,False,ScoreGap = 5–10 -> SpikeGap = 40+ -> Antal value = 2,"[{""variable"":""ScoreGap"",""column"":""score_gap_bucket"",""value"":""5–10""},{""variable"":""SpikeGap"",""column"":""spike_gap_bucket"",""value"":""40+""},{""variable"":""Antal value"",""column"":""value_count_bucket"",""value"":""2""}]",2,39.2872,0.1667
1341,race_type=3-hästarslopp AND spike_gap_bucket=30–40 AND spike_score_bucket=<300,race_type=3-hästarslopp AND spike_gap_bucket=30–40,3,1,0,0.0,9,43.6595,39.2935,0.0078,-4.366,False,Lopptyp = 3-hästarslopp -> SpikeGap = 30–40 -> SpikeScore = <300,"[{""variable"":""Lopptyp"",""column"":""race_type"",""value"":""3-hästarslopp""},{""variable"":""SpikeGap"",""column"":""spike_gap_bucket"",""value"":""30–40""},{""variable"":""SpikeScore"",""column"":""spike_score_bucket"",""value"":""<300""}]",1,39.2864,0.0909
1342,race_type=Öppet lopp AND spike_score_bucket=375–400 AND spread_bucket=80+,race_type=Öppet lopp AND spread_bucket=80+,3,16,6,37.5,36,40.6953,39.2752,-0.0105,-1.4201,False,Lopptyp = Öppet lopp -> SpikeScore = 375–400 -> Spread = 80+,"[{""variable"":""Lopptyp"",""column"":""race_type"",""value"":""Öppet lopp""},{""variable"":""SpikeScore"",""column"":""spike_score_bucket"",""value"":""375–400""},{""variable"":""Spread"",""column"":""spread_bucket"",""value"":""80+""}]",16,39.2792,0.6154
1343,red_warning=false AND spike_gap_bucket=10–20 AND value_count_bucket=2,red_warning=false AND value_count_bucket=2,3,5,1,20.0,19,44.3354,39.2655,-0.0202,-5.0699,False,Röd varning = Nej -> SpikeGap = 10–20 -> Antal value = 2,"[{""variable"":""Röd varning"",""column"":""red_warning"",""value"":false},{""variable"":""SpikeGap"",""column"":""spike_gap_bucket"",""value"":""10–20""},{""variable"":""Antal value"",""column"":""value_count_bucket"",""value"":""2""}]",5,39.279,0.3333
1344,race_type=Öppet lopp AND spike_gap_bucket=0–10 AND yellow_warning=false,race_type=Öppet lopp AND spike_gap_bucket=0–10,3,11,4,36.3636,27,40.8694,39.2706,-0.0151,-1.5988,False,Lopptyp = Öppet lopp -> SpikeGap = 0–10 -> Gul varning = Nej,"[{""variable"":""Lopptyp"",""column"":""race_type"",""value"":""Öppet lopp""},{""variable"":""SpikeGap"",""column"":""spike_gap_bucket"",""value"":""0–10""},{""variable"":""Gul varning"",""column"":""yellow_warning"",""value"":false}]",11,39.2778,0.5238
1345,spike_gap_bucket=0–10 AND spike_score_bucket=<300,spike_gap_bucket=0–10,2,6,2,33.3333,43,41.0431,39.2639,-0.0218,-1.7792,False,SpikeGap = 0–10 -> SpikeScore = <300,"[{""variable"":""SpikeGap"",""column"":""spike_gap_bucket"",""value"":""0–10""},{""variable"":""SpikeScore"",""column"":""spike_score_bucket"",""value"":""<300""}]",6,39.2775,0.375
1346,race_type=Öppet lopp AND red_warning=false AND score_gap_bucket=10–15 AND spike_score_bucket=350–375 AND yellow_warning=true,race_type=Öppet lopp AND red_warning=false AND spike_score_bucket=350–375 AND yellow_warning=true,5,2,0,0.0,12,45.771,39.2323,-0.0534,-6.5387,False,Lopptyp = Öppet lopp -> Röd varning = Nej -> ScoreGap = 10–15 -> SpikeScore = 350–375 -> Gul varning = Ja,"[{""variable"":""Lopptyp"",""column"":""race_type"",""value"":""Öppet lopp""},{""variable"":""Röd varning"",""column"":""red_warning"",""value"":false},{""variable"":""ScoreGap"",""column"":""score_gap_bucket"",""value"":""10–15""},{""variable"":""SpikeScore"",""column"":""spike_score_bucket"",""value"":""350–375""},{""variable"":""Gul varning"",""column"":""yellow_warning"",""value"":true}]",2,39.2768,0.1667
1347,spike_gap_bucket=20–30 AND spike_score_bucket=350–375 AND yellow_warning=true,spike_gap_bucket=20–30 AND spike_score_bucket=350–375,3,6,2,33.3333,10,42.7884,39.2428,-0.043,-3.5457,False,SpikeGap = 20–30 -> SpikeScore = 350–375 -> Gul varning = Ja,"[{""variable"":""SpikeGap"",""column"":""spike_gap_bucket"",""value"":""20–30""},{""variable"":""SpikeScore"",""column"":""spike_score_bucket"",""value"":""350–375""},{""variable"":""Gul varning"",""column"":""yellow_warning"",""value"":true}]",6,39.2696,0.375
1348,spike_gap_bucket=40+ AND spike_score_bucket=<300 AND value_count_bucket=1,spike_gap_bucket=40+ AND value_count_bucket=1,3,2,0,0.0,34,43.0904,39.1731,-0.1126,-3.9173,False,SpikeGap = 40+ -> SpikeScore = <300 -> Antal value = 1,"[{""variable"":""SpikeGap"",""column"":""spike_gap_bucket"",""value"":""40+""},{""variable"":""SpikeScore"",""column"":""spike_score_bucket"",""value"":""<300""},{""variable"":""Antal value"",""column"":""value_count_bucket"",""value"":""1""}]",2,39.2669,0.1667
1349,spike_score_bucket=325–350 AND spread_bucket=60–70 AND yellow_warning=true,spike_score_bucket=325–350 AND spread_bucket=60–70,3,3,1,33.3333,5,42.7253,39.2033,-0.0824,-3.522,False,SpikeScore = 325–350 -> Spread = 60–70 -> Gul varning = Ja,"[{""variable"":""SpikeScore"",""column"":""spike_score_bucket"",""value"":""325–350""},{""variable"":""Spread"",""column"":""spread_bucket"",""value"":""60–70""},{""variable"":""Gul varning"",""column"":""yellow_warning"",""value"":true}]",3,39.2667,0.2308
1350,race_type=Öppet lopp AND spike_gap_bucket=20–30 AND spike_score_bucket=350–375,race_type=Öppet lopp AND spike_score_bucket=350–375,3,2,0,0.0,40,43.0609,39.1463,-0.1394,-3.9146,False,Lopptyp = Öppet lopp -> SpikeGap = 20–30 -> SpikeScore = 350–375,"[{""variable"":""Lopptyp"",""column"":""race_type"",""value"":""Öppet lopp""},{""variable"":""SpikeGap"",""column"":""spike_gap_bucket"",""value"":""20–30""},{""variable"":""SpikeScore"",""column"":""spike_score_bucket"",""value"":""350–375""}]",2,39.2625,0.1667
1351,spike_gap_bucket=0–10 AND spread_bucket=<60 AND value_count_bucket=2,spike_gap_bucket=0–10 AND spread_bucket=<60,3,2,0,0.0,14,44.7312,39.1398,-0.1459,-5.5914,False,SpikeGap = 0–10 -> Spread = <60 -> Antal value = 2,"[{""variable"":""SpikeGap"",""column"":""spike_gap_bucket"",""value"":""0–10""},{""variable"":""Spread"",""column"":""spread_bucket"",""value"":""<60""},{""variable"":""Antal value"",""column"":""value_count_bucket"",""value"":""2""}]",2,39.2614,0.1667
1352,spike_score_bucket=400+ AND spread_bucket=<60,spike_score_bucket=400+,2,2,0,0.0,19,43.2234,39.1069,-0.1788,-4.1165,False,SpikeScore = 400+ -> Spread = <60,"[{""variable"":""SpikeScore"",""column"":""spike_score_bucket"",""value"":""400+""},{""variable"":""Spread"",""column"":""spread_bucket"",""value"":""<60""}]",2,39.2559,0.1667
1353,score_gap_bucket=5–10 AND spike_score_bucket=325–350 AND spread_bucket=70–80,spike_score_bucket=325–350 AND spread_bucket=70–80,3,2,0,0.0,10,46.9089,39.0908,-0.195,-7.8181,False,ScoreGap = 5–10 -> SpikeScore = 325–350 -> Spread = 70–80,"[{""variable"":""ScoreGap"",""column"":""score_gap_bucket"",""value"":""5–10""},{""variable"":""SpikeScore"",""column"":""spike_score_bucket"",""value"":""325–350""},{""variable"":""Spread"",""column"":""spread_bucket"",""value"":""70–80""}]",2,39.2532,0.1667
1354,spike_gap_bucket=0–10 AND spike_score_bucket=<300 AND yellow_warning=true,spike_gap_bucket=0–10 AND yellow_warning=true,3,5,1,20.0,26,43.9318,39.1454,-0.1403,-4.7864,False,SpikeGap = 0–10 -> SpikeScore = <300 -> Gul varning = Ja,"[{""variable"":""SpikeGap"",""column"":""spike_gap_bucket"",""value"":""0–10""},{""variable"":""SpikeScore"",""column"":""spike_score_bucket"",""value"":""<300""},{""variable"":""Gul varning"",""column"":""yellow_warning"",""value"":true}]",5,39.2389,0.3333
1355,race_type=Topp 5-profil AND score_gap_bucket=5–10 AND spike_gap_bucket=0–10,score_gap_bucket=5–10 AND spike_gap_bucket=0–10,3,1,0,0.0,8,43.6022,38.7575,-0.5282,-4.8447,False,Lopptyp = Topp 5-profil -> ScoreGap = 5–10 -> SpikeGap = 0–10,"[{""variable"":""Lopptyp"",""column"":""race_type"",""value"":""Topp 5-profil""},{""variable"":""ScoreGap"",""column"":""score_gap_bucket"",""value"":""5–10""},{""variable"":""SpikeGap"",""column"":""spike_gap_bucket"",""value"":""0–10""}]",1,39.2377,0.0909
1356,score_gap_bucket=5–10 AND spike_gap_bucket=0–10 AND spike_score_bucket=300–325,score_gap_bucket=5–10 AND spike_gap_bucket=0–10,3,1,0,0.0,8,43.6022,38.7575,-0.5282,-4.8447,False,ScoreGap = 5–10 -> SpikeGap = 0–10 -> SpikeScore = 300–325,"[{""variable"":""ScoreGap"",""column"":""score_gap_bucket"",""value"":""5–10""},{""variable"":""SpikeGap"",""column"":""spike_gap_bucket"",""value"":""0–10""},{""variable"":""SpikeScore"",""column"":""spike_score_bucket"",""value"":""300–325""}]",1,39.2377,0.0909
1357,score_gap_bucket=5–10 AND spike_gap_bucket=0–10 AND spike_score_bucket=325–350,score_gap_bucket=5–10 AND spike_gap_bucket=0–10,3,1,0,0.0,8,43.6022,38.7575,-0.5282,-4.8447,False,ScoreGap = 5–10 -> SpikeGap = 0–10 -> SpikeScore = 325–350,"[{""variable"":""ScoreGap"",""column"":""score_gap_bucket"",""value"":""5–10""},{""variable"":""SpikeGap"",""column"":""spike_gap_bucket"",""value"":""0–10""},{""variable"":""SpikeScore"",""column"":""spike_score_bucket"",""value"":""325–350""}]",1,39.2377,0.0909
1358,score_gap_bucket=5–10 AND spike_gap_bucket=0–10 AND spike_score_bucket=<300,score_gap_bucket=5–10 AND spike_gap_bucket=0–10,3,1,0,0.0,8,43.6022,38.7575,-0.5282,-4.8447,False,ScoreGap = 5–10 -> SpikeGap = 0–10 -> SpikeScore = <300,"[{""variable"":""ScoreGap"",""column"":""score_gap_bucket"",""value"":""5–10""},{""variable"":""SpikeGap"",""column"":""spike_gap_bucket"",""value"":""0–10""},{""variable"":""SpikeScore"",""column"":""spike_score_bucket"",""value"":""<300""}]",1,39.2377,0.0909
1359,race_type=Öppet lopp AND spike_score_bucket=<300 AND spread_bucket=80+,race_type=Öppet lopp AND spread_bucket=80+,3,1,0,0.0,36,40.6953,38.7574,-0.5283,-1.9379,False,Lopptyp = Öppet lopp -> SpikeScore = <300 -> Spread = 80+,"[{""variable"":""Lopptyp"",""column"":""race_type"",""value"":""Öppet lopp""},{""variable"":""SpikeScore"",""column"":""spike_score_bucket"",""value"":""<300""},{""variable"":""Spread"",""column"":""spread_bucket"",""value"":""80+""}]",1,39.2377,0.0909
1360,red_warning=true AND spread_bucket=80+ AND value_count_bucket=1,red_warning=true AND spread_bucket=80+,3,6,2,33.3333,10,42.6311,39.1444,-0.1413,-3.4867,False,Röd varning = Ja -> Spread = 80+ -> Antal value = 1,"[{""variable"":""Röd varning"",""column"":""red_warning"",""value"":true},{""variable"":""Spread"",""column"":""spread_bucket"",""value"":""80+""},{""variable"":""Antal value"",""column"":""value_count_bucket"",""value"":""1""}]",6,39.2327,0.375
1361,race_type=Öppet lopp AND score_gap_bucket=5–10 AND spike_gap_bucket=40+ AND spike_score_bucket=375–400 AND yellow_warning=false,race_type=Öppet lopp AND spike_gap_bucket=40+ AND spike_score_bucket=375–400 AND yellow_warning=false,5,1,0,0.0,8,43.4753,38.6447,-0.641,-4.8306,False,Lopptyp = Öppet lopp -> ScoreGap = 5–10 -> SpikeGap = 40+ -> SpikeScore = 375–400 -> Gul varning = Nej,"[{""variable"":""Lopptyp"",""column"":""race_type"",""value"":""Öppet lopp""},{""variable"":""ScoreGap"",""column"":""score_gap_bucket"",""value"":""5–10""},{""variable"":""SpikeGap"",""column"":""spike_gap_bucket"",""value"":""40+""},{""variable"":""SpikeScore"",""column"":""spike_score_bucket"",""value"":""375–400""},{""variable"":""Gul varning"",""column"":""yellow_warning"",""value"":false}]",1,39.2274,0.0909
1362,score_gap_bucket=5–10 AND spike_score_bucket=375–400 AND spread_bucket=70–80,spike_score_bucket=375–400 AND spread_bucket=70–80,3,1,0,0.0,8,43.1167,38.326,-0.9598,-4.7907,False,ScoreGap = 5–10 -> SpikeScore = 375–400 -> Spread = 70–80,"[{""variable"":""ScoreGap"",""column"":""score_gap_bucket"",""value"":""5–10""},{""variable"":""SpikeScore"",""column"":""spike_score_bucket"",""value"":""375–400""},{""variable"":""Spread"",""column"":""spread_bucket"",""value"":""70–80""}]",1,39.1985,0.0909
1363,race_type=Öppet lopp AND spike_score_bucket=325–350,spike_score_bucket=325–350,2,43,16,37.2093,58,43.4066,39.1767,-0.109,-4.2299,False,Lopptyp = Öppet lopp -> SpikeScore = 325–350,"[{""variable"":""Lopptyp"",""column"":""race_type"",""value"":""Öppet lopp""},{""variable"":""SpikeScore"",""column"":""spike_score_bucket"",""value"":""325–350""}]",43,39.1973,0.8113
1364,score_gap_bucket=0–5 AND spike_gap_bucket=20–30 AND spike_score_bucket=325–350,score_gap_bucket=0–5 AND spike_score_bucket=325–350,3,2,0,0.0,16,43.5592,38.7193,-0.5664,-4.8399,False,ScoreGap = 0–5 -> SpikeGap = 20–30 -> SpikeScore = 325–350,"[{""variable"":""ScoreGap"",""column"":""score_gap_bucket"",""value"":""0–5""},{""variable"":""SpikeGap"",""column"":""spike_gap_bucket"",""value"":""20–30""},{""variable"":""SpikeScore"",""column"":""spike_score_bucket"",""value"":""325–350""}]",2,39.1913,0.1667
1365,score_gap_bucket=5–10 AND spike_gap_bucket=40+ AND spike_score_bucket=<300,score_gap_bucket=5–10 AND spike_gap_bucket=40+,3,1,0,0.0,15,40.7681,38.2201,-1.0656,-2.548,False,ScoreGap = 5–10 -> SpikeGap = 40+ -> SpikeScore = <300,"[{""variable"":""ScoreGap"",""column"":""score_gap_bucket"",""value"":""5–10""},{""variable"":""SpikeGap"",""column"":""spike_gap_bucket"",""value"":""40+""},{""variable"":""SpikeScore"",""column"":""spike_score_bucket"",""value"":""<300""}]",1,39.1888,0.0909
1366,score_gap_bucket=20+ AND spike_gap_bucket=30–40 AND spread_bucket=80+,score_gap_bucket=20+ AND spread_bucket=80+,3,9,2,22.2222,70,46.6106,39.0418,-0.2439,-7.5688,False,ScoreGap = 20+ -> SpikeGap = 30–40 -> Spread = 80+,"[{""variable"":""ScoreGap"",""column"":""score_gap_bucket"",""value"":""20+""},{""variable"":""SpikeGap"",""column"":""spike_gap_bucket"",""value"":""30–40""},{""variable"":""Spread"",""column"":""spread_bucket"",""value"":""80+""}]",9,39.1702,0.4737
1367,race_type=Topp 5-profil AND spread_bucket=80+ AND value_count_bucket=1,race_type=Topp 5-profil AND spread_bucket=80+,3,3,1,33.3333,6,41.4975,38.7761,-0.5096,-2.7214,False,Lopptyp = Topp 5-profil -> Spread = 80+ -> Antal value = 1,"[{""variable"":""Lopptyp"",""column"":""race_type"",""value"":""Topp 5-profil""},{""variable"":""Spread"",""column"":""spread_bucket"",""value"":""80+""},{""variable"":""Antal value"",""column"":""value_count_bucket"",""value"":""1""}]",3,39.1681,0.2308
1368,race_type=Öppet lopp AND score_gap_bucket=20+ AND spike_gap_bucket=40+ AND spike_score_bucket=375–400 AND value_count_bucket=3+,race_type=Öppet lopp AND score_gap_bucket=20+ AND spike_gap_bucket=40+ AND spike_score_bucket=375–400,5,1,0,0.0,7,43.4165,37.9894,-1.2963,-5.4271,False,Lopptyp = Öppet lopp -> ScoreGap = 20+ -> SpikeGap = 40+ -> SpikeScore = 375–400 -> Antal value = 3+,"[{""variable"":""Lopptyp"",""column"":""race_type"",""value"":""Öppet lopp""},{""variable"":""ScoreGap"",""column"":""score_gap_bucket"",""value"":""20+""},{""variable"":""SpikeGap"",""column"":""spike_gap_bucket"",""value"":""40+""},{""variable"":""SpikeScore"",""column"":""spike_score_bucket"",""value"":""375–400""},{""variable"":""Antal value"",""column"":""value_count_bucket"",""value"":""3+""}]",1,39.1679,0.0909
1369,spike_score_bucket=375–400 AND spread_bucket=60–70 AND value_count_bucket=0,spread_bucket=60–70 AND value_count_bucket=0,3,1,0,0.0,9,42.2074,37.9867,-1.2991,-4.2207,False,SpikeScore = 375–400 -> Spread = 60–70 -> Antal value = 0,"[{""variable"":""SpikeScore"",""column"":""spike_score_bucket"",""value"":""375–400""},{""variable"":""Spread"",""column"":""spread_bucket"",""value"":""60–70""},{""variable"":""Antal value"",""column"":""value_count_bucket"",""value"":""0""}]",1,39.1676,0.0909
1370,race_type=Öppet lopp AND red_warning=false AND score_gap_bucket=10–15 AND value_count_bucket=2,race_type=Öppet lopp AND red_warning=false AND value_count_bucket=2,4,2,0,0.0,10,46.2887,38.5739,-0.7118,-7.7148,False,Lopptyp = Öppet lopp -> Röd varning = Nej -> ScoreGap = 10–15 -> Antal value = 2,"[{""variable"":""Lopptyp"",""column"":""race_type"",""value"":""Öppet lopp""},{""variable"":""Röd varning"",""column"":""red_warning"",""value"":false},{""variable"":""ScoreGap"",""column"":""score_gap_bucket"",""value"":""10–15""},{""variable"":""Antal value"",""column"":""value_count_bucket"",""value"":""2""}]",2,39.1671,0.1667
1371,score_gap_bucket=0–5 AND spike_score_bucket=350–375 AND value_count_bucket=2,spike_score_bucket=350–375 AND value_count_bucket=2,3,3,1,33.3333,12,40.1141,38.7579,-0.5278,-1.3562,False,ScoreGap = 0–5 -> SpikeScore = 350–375 -> Antal value = 2,"[{""variable"":""ScoreGap"",""column"":""score_gap_bucket"",""value"":""0–5""},{""variable"":""SpikeScore"",""column"":""spike_score_bucket"",""value"":""350–375""},{""variable"":""Antal value"",""column"":""value_count_bucket"",""value"":""2""}]",3,39.1639,0.2308
1372,score_gap_bucket=20+ AND spike_score_bucket=<300 AND spread_bucket=80+,score_gap_bucket=20+ AND spread_bucket=80+,3,4,0,0.0,70,46.6106,38.8422,-0.4435,-7.7684,False,ScoreGap = 20+ -> SpikeScore = <300 -> Spread = 80+,"[{""variable"":""ScoreGap"",""column"":""score_gap_bucket"",""value"":""20+""},{""variable"":""SpikeScore"",""column"":""spike_score_bucket"",""value"":""<300""},{""variable"":""Spread"",""column"":""spread_bucket"",""value"":""80+""}]",4,39.159,0.2857
1373,score_gap_bucket=10–15 AND spike_score_bucket=325–350 AND value_count_bucket=2,spike_score_bucket=325–350 AND value_count_bucket=2,3,1,0,0.0,7,43.2641,37.8561,-1.4296,-5.408,False,ScoreGap = 10–15 -> SpikeScore = 325–350 -> Antal value = 2,"[{""variable"":""ScoreGap"",""column"":""score_gap_bucket"",""value"":""10–15""},{""variable"":""SpikeScore"",""column"":""spike_score_bucket"",""value"":""325–350""},{""variable"":""Antal value"",""column"":""value_count_bucket"",""value"":""2""}]",1,39.1557,0.0909
1374,score_gap_bucket=20+ AND spike_gap_bucket=40+ AND spread_bucket=<60 AND yellow_warning=true,score_gap_bucket=20+ AND spike_gap_bucket=40+ AND yellow_warning=true,4,5,0,0.0,28,48.6123,38.8898,-0.3959,-9.7225,False,ScoreGap = 20+ -> SpikeGap = 40+ -> Spread = <60 -> Gul varning = Ja,"[{""variable"":""ScoreGap"",""column"":""score_gap_bucket"",""value"":""20+""},{""variable"":""SpikeGap"",""column"":""spike_gap_bucket"",""value"":""40+""},{""variable"":""Spread"",""column"":""spread_bucket"",""value"":""<60""},{""variable"":""Gul varning"",""column"":""yellow_warning"",""value"":true}]",5,39.1537,0.3333
1375,race_type=Öppet lopp AND score_gap_bucket=20+ AND spike_score_bucket=375–400 AND spread_bucket=80+ AND yellow_warning=true,race_type=Öppet lopp AND score_gap_bucket=20+ AND spread_bucket=80+ AND yellow_warning=true,5,4,1,25.0,7,46.659,38.783,-0.5027,-7.876,False,Lopptyp = Öppet lopp -> ScoreGap = 20+ -> SpikeScore = 375–400 -> Spread = 80+ -> Gul varning = Ja,"[{""variable"":""Lopptyp"",""column"":""race_type"",""value"":""Öppet lopp""},{""variable"":""ScoreGap"",""column"":""score_gap_bucket"",""value"":""20+""},{""variable"":""SpikeScore"",""column"":""spike_score_bucket"",""value"":""375–400""},{""variable"":""Spread"",""column"":""spread_bucket"",""value"":""80+""},{""variable"":""Gul varning"",""column"":""yellow_warning"",""value"":true}]",4,39.1421,0.2857
1376,spike_gap_bucket=40+ AND spike_score_bucket=375–400 AND yellow_warning=true,spike_gap_bucket=40+ AND yellow_warning=true,3,17,6,35.2941,54,42.2552,39.0569,-0.2288,-3.1983,False,SpikeGap = 40+ -> SpikeScore = 375–400 -> Gul varning = Ja,"[{""variable"":""SpikeGap"",""column"":""spike_gap_bucket"",""value"":""40+""},{""variable"":""SpikeScore"",""column"":""spike_score_bucket"",""value"":""375–400""},{""variable"":""Gul varning"",""column"":""yellow_warning"",""value"":true}]",17,39.1416,0.6296
1377,red_warning=true AND spike_gap_bucket=0–10 AND spike_score_bucket=325–350,spike_gap_bucket=0–10 AND spike_score_bucket=325–350,3,3,1,33.3333,9,40.2804,38.5436,-0.7421,-1.7368,False,Röd varning = Ja -> SpikeGap = 0–10 -> SpikeScore = 325–350,"[{""variable"":""Röd varning"",""column"":""red_warning"",""value"":true},{""variable"":""SpikeGap"",""column"":""spike_gap_bucket"",""value"":""0–10""},{""variable"":""SpikeScore"",""column"":""spike_score_bucket"",""value"":""325–350""}]",3,39.1145,0.2308
1378,spike_gap_bucket=30–40 AND spike_score_bucket=325–350 AND spread_bucket=<60,spike_gap_bucket=30–40 AND spike_score_bucket=325–350,3,3,1,33.3333,9,40.2804,38.5436,-0.7421,-1.7368,False,SpikeGap = 30–40 -> SpikeScore = 325–350 -> Spread = <60,"[{""variable"":""SpikeGap"",""column"":""spike_gap_bucket"",""value"":""30–40""},{""variable"":""SpikeScore"",""column"":""spike_score_bucket"",""value"":""325–350""},{""variable"":""Spread"",""column"":""spread_bucket"",""value"":""<60""}]",3,39.1145,0.2308
1379,score_gap_bucket=0–5 AND spike_gap_bucket=40+ AND spike_score_bucket=375–400 AND spread_bucket=<60 AND yellow_warning=false,score_gap_bucket=0–5 AND spike_gap_bucket=40+ AND spread_bucket=<60 AND yellow_warning=false,5,2,0,0.0,6,50.989,38.2417,-1.044,-12.7473,False,ScoreGap = 0–5 -> SpikeGap = 40+ -> SpikeScore = 375–400 -> Spread = <60 -> Gul varning = Nej,"[{""variable"":""ScoreGap"",""column"":""score_gap_bucket"",""value"":""0–5""},{""variable"":""SpikeGap"",""column"":""spike_gap_bucket"",""value"":""40+""},{""variable"":""SpikeScore"",""column"":""spike_score_bucket"",""value"":""375–400""},{""variable"":""Spread"",""column"":""spread_bucket"",""value"":""<60""},{""variable"":""Gul varning"",""column"":""yellow_warning"",""value"":false}]",2,39.1117,0.1667
1380,spike_gap_bucket=0–10 AND value_count_bucket=1,spike_gap_bucket=0–10,2,19,7,36.8421,43,41.0431,38.9965,-0.2893,-2.0466,False,SpikeGap = 0–10 -> Antal value = 1,"[{""variable"":""SpikeGap"",""column"":""spike_gap_bucket"",""value"":""0–10""},{""variable"":""Antal value"",""column"":""value_count_bucket"",""value"":""1""}]",19,39.0962,0.6552
1381,race_type=3-hästarslopp AND spike_gap_bucket=10–20 AND yellow_warning=true,race_type=3-hästarslopp AND yellow_warning=true,3,4,0,0.0,44,46.3457,38.6214,-0.6643,-7.7243,False,Lopptyp = 3-hästarslopp -> SpikeGap = 10–20 -> Gul varning = Ja,"[{""variable"":""Lopptyp"",""column"":""race_type"",""value"":""3-hästarslopp""},{""variable"":""SpikeGap"",""column"":""spike_gap_bucket"",""value"":""10–20""},{""variable"":""Gul varning"",""column"":""yellow_warning"",""value"":true}]",4,39.0959,0.2857
1382,spike_gap_bucket=40+ AND spike_score_bucket=<300,spike_gap_bucket=40+,2,4,0,0.0,107,46.3442,38.6202,-0.6655,-7.724,False,SpikeGap = 40+ -> SpikeScore = <300,"[{""variable"":""SpikeGap"",""column"":""spike_gap_bucket"",""value"":""40+""},{""variable"":""SpikeScore"",""column"":""spike_score_bucket"",""value"":""<300""}]",4,39.0956,0.2857
1383,score_gap_bucket=20+ AND spread_bucket=<60 AND yellow_warning=true,score_gap_bucket=20+ AND yellow_warning=true,3,6,1,16.6667,57,45.3891,38.7608,-0.5249,-6.6283,False,ScoreGap = 20+ -> Spread = <60 -> Gul varning = Ja,"[{""variable"":""ScoreGap"",""column"":""score_gap_bucket"",""value"":""20+""},{""variable"":""Spread"",""column"":""spread_bucket"",""value"":""<60""},{""variable"":""Gul varning"",""column"":""yellow_warning"",""value"":true}]",6,39.0889,0.375
1384,score_gap_bucket=10–15 AND spike_gap_bucket=0–10 AND spread_bucket=60–70,score_gap_bucket=10–15 AND spike_gap_bucket=0–10,3,1,0,0.0,6,43.1101,36.9515,-2.3342,-6.1586,False,ScoreGap = 10–15 -> SpikeGap = 0–10 -> Spread = 60–70,"[{""variable"":""ScoreGap"",""column"":""score_gap_bucket"",""value"":""10–15""},{""variable"":""SpikeGap"",""column"":""spike_gap_bucket"",""value"":""0–10""},{""variable"":""Spread"",""column"":""spread_bucket"",""value"":""60–70""}]",1,39.0735,0.0909
1385,red_warning=false AND spike_score_bucket=325–350 AND spread_bucket=<60 AND value_count_bucket=1,red_warning=false AND spike_score_bucket=325–350 AND spread_bucket=<60,4,4,0,0.0,18,47.0979,38.5346,-0.7511,-8.5633,False,Röd varning = Nej -> SpikeScore = 325–350 -> Spread = <60 -> Antal value = 1,"[{""variable"":""Röd varning"",""column"":""red_warning"",""value"":false},{""variable"":""SpikeScore"",""column"":""spike_score_bucket"",""value"":""325–350""},{""variable"":""Spread"",""column"":""spread_bucket"",""value"":""<60""},{""variable"":""Antal value"",""column"":""value_count_bucket"",""value"":""1""}]",4,39.0711,0.2857
1386,race_type=3-hästarslopp AND spike_gap_bucket=10–20 AND value_count_bucket=2,race_type=3-hästarslopp AND value_count_bucket=2,3,2,0,0.0,10,45.5375,37.9479,-1.3378,-7.5896,False,Lopptyp = 3-hästarslopp -> SpikeGap = 10–20 -> Antal value = 2,"[{""variable"":""Lopptyp"",""column"":""race_type"",""value"":""3-hästarslopp""},{""variable"":""SpikeGap"",""column"":""spike_gap_bucket"",""value"":""10–20""},{""variable"":""Antal value"",""column"":""value_count_bucket"",""value"":""2""}]",2,39.0627,0.1667
1387,red_warning=false AND score_gap_bucket=10–15 AND value_count_bucket=2,red_warning=false AND value_count_bucket=2,3,3,0,0.0,19,44.3354,38.2897,-0.9961,-6.0457,False,Röd varning = Nej -> ScoreGap = 10–15 -> Antal value = 2,"[{""variable"":""Röd varning"",""column"":""red_warning"",""value"":false},{""variable"":""ScoreGap"",""column"":""score_gap_bucket"",""value"":""10–15""},{""variable"":""Antal value"",""column"":""value_count_bucket"",""value"":""2""}]",3,39.0559,0.2308
1388,race_type=3-hästarslopp AND score_gap_bucket=15–20 AND spike_score_bucket=375–400,race_type=3-hästarslopp AND score_gap_bucket=15–20,3,4,1,25.0,8,45.2188,38.4792,-0.8065,-6.7396,False,Lopptyp = 3-hästarslopp -> ScoreGap = 15–20 -> SpikeScore = 375–400,"[{""variable"":""Lopptyp"",""column"":""race_type"",""value"":""3-hästarslopp""},{""variable"":""ScoreGap"",""column"":""score_gap_bucket"",""value"":""15–20""},{""variable"":""SpikeScore"",""column"":""spike_score_bucket"",""value"":""375–400""}]",4,39.0553,0.2857
1389,red_warning=false AND spike_gap_bucket=30–40 AND spread_bucket=80+,red_warning=false AND spread_bucket=80+,3,11,3,27.2727,88,45.1753,38.8228,-0.4629,-6.3525,False,Röd varning = Nej -> SpikeGap = 30–40 -> Spread = 80+,"[{""variable"":""Röd varning"",""column"":""red_warning"",""value"":false},{""variable"":""SpikeGap"",""column"":""spike_gap_bucket"",""value"":""30–40""},{""variable"":""Spread"",""column"":""spread_bucket"",""value"":""80+""}]",11,39.0432,0.5238
1390,race_type=Topp 5-profil AND spike_gap_bucket=0–10 AND yellow_warning=true,spike_gap_bucket=0–10 AND yellow_warning=true,3,3,0,0.0,26,43.9318,38.2016,-1.0841,-5.7302,False,Lopptyp = Topp 5-profil -> SpikeGap = 0–10 -> Gul varning = Ja,"[{""variable"":""Lopptyp"",""column"":""race_type"",""value"":""Topp 5-profil""},{""variable"":""SpikeGap"",""column"":""spike_gap_bucket"",""value"":""0–10""},{""variable"":""Gul varning"",""column"":""yellow_warning"",""value"":true}]",3,39.0355,0.2308
1391,spike_gap_bucket=0–10 AND spread_bucket=60–70 AND yellow_warning=true,spike_gap_bucket=0–10 AND yellow_warning=true,3,3,0,0.0,26,43.9318,38.2016,-1.0841,-5.7302,False,SpikeGap = 0–10 -> Spread = 60–70 -> Gul varning = Ja,"[{""variable"":""SpikeGap"",""column"":""spike_gap_bucket"",""value"":""0–10""},{""variable"":""Spread"",""column"":""spread_bucket"",""value"":""60–70""},{""variable"":""Gul varning"",""column"":""yellow_warning"",""value"":true}]",3,39.0355,0.2308
1392,red_warning=false AND spike_score_bucket=375–400 AND spread_bucket=80+,red_warning=false AND spread_bucket=80+,3,34,12,35.2941,88,45.1753,38.9538,-0.3319,-6.2215,False,Röd varning = Nej -> SpikeScore = 375–400 -> Spread = 80+,"[{""variable"":""Röd varning"",""column"":""red_warning"",""value"":false},{""variable"":""SpikeScore"",""column"":""spike_score_bucket"",""value"":""375–400""},{""variable"":""Spread"",""column"":""spread_bucket"",""value"":""80+""}]",34,39.0292,0.7727
1393,score_gap_bucket=10–15 AND spike_score_bucket=325–350 AND spread_bucket=<60,spike_score_bucket=325–350 AND spread_bucket=<60,3,6,2,33.3333,29,40.166,38.5892,-0.6965,-1.5768,False,ScoreGap = 10–15 -> SpikeScore = 325–350 -> Spread = <60,"[{""variable"":""ScoreGap"",""column"":""score_gap_bucket"",""value"":""10–15""},{""variable"":""SpikeScore"",""column"":""spike_score_bucket"",""value"":""325–350""},{""variable"":""Spread"",""column"":""spread_bucket"",""value"":""<60""}]",6,39.0245,0.375
1394,race_type=Öppet lopp AND score_gap_bucket=10–15 AND spike_score_bucket=350–375,score_gap_bucket=10–15 AND spike_score_bucket=350–375,3,4,1,25.0,9,44.2639,38.3365,-0.9492,-5.9274,False,Lopptyp = Öppet lopp -> ScoreGap = 10–15 -> SpikeScore = 350–375,"[{""variable"":""Lopptyp"",""column"":""race_type"",""value"":""Öppet lopp""},{""variable"":""ScoreGap"",""column"":""score_gap_bucket"",""value"":""10–15""},{""variable"":""SpikeScore"",""column"":""spike_score_bucket"",""value"":""350–375""}]",4,39.0145,0.2857
1395,race_type=Topp 5-profil AND spike_gap_bucket=30–40 AND spike_score_bucket=325–350,spike_gap_bucket=30–40 AND spike_score_bucket=325–350,3,1,0,0.0,9,40.2804,36.2524,-3.0334,-4.028,False,Lopptyp = Topp 5-profil -> SpikeGap = 30–40 -> SpikeScore = 325–350,"[{""variable"":""Lopptyp"",""column"":""race_type"",""value"":""Topp 5-profil""},{""variable"":""SpikeGap"",""column"":""spike_gap_bucket"",""value"":""30–40""},{""variable"":""SpikeScore"",""column"":""spike_score_bucket"",""value"":""325–350""}]",1,39.01,0.0909
1396,score_gap_bucket=20+ AND spike_gap_bucket=40+ AND spike_score_bucket=375–400 AND spread_bucket=<60,score_gap_bucket=20+ AND spike_gap_bucket=40+ AND spread_bucket=<60,4,2,0,0.0,9,45.979,37.6192,-1.6665,-8.3598,False,ScoreGap = 20+ -> SpikeGap = 40+ -> SpikeScore = 375–400 -> Spread = <60,"[{""variable"":""ScoreGap"",""column"":""score_gap_bucket"",""value"":""20+""},{""variable"":""SpikeGap"",""column"":""spike_gap_bucket"",""value"":""40+""},{""variable"":""SpikeScore"",""column"":""spike_score_bucket"",""value"":""375–400""},{""variable"":""Spread"",""column"":""spread_bucket"",""value"":""<60""}]",2,39.008,0.1667
1397,score_gap_bucket=15–20 AND spike_score_bucket=375–400 AND spread_bucket=80+,score_gap_bucket=15–20 AND spike_score_bucket=375–400,3,4,1,25.0,9,44.2255,38.31,-0.9758,-5.9155,False,ScoreGap = 15–20 -> SpikeScore = 375–400 -> Spread = 80+,"[{""variable"":""ScoreGap"",""column"":""score_gap_bucket"",""value"":""15–20""},{""variable"":""SpikeScore"",""column"":""spike_score_bucket"",""value"":""375–400""},{""variable"":""Spread"",""column"":""spread_bucket"",""value"":""80+""}]",4,39.0069,0.2857
1398,race_type=Öppet lopp AND score_gap_bucket=20+ AND spike_score_bucket=<300,race_type=Öppet lopp AND score_gap_bucket=20+,3,4,1,25.0,58,40.961,38.3008,-0.9849,-2.6602,False,Lopptyp = Öppet lopp -> ScoreGap = 20+ -> SpikeScore = <300,"[{""variable"":""Lopptyp"",""column"":""race_type"",""value"":""Öppet lopp""},{""variable"":""ScoreGap"",""column"":""score_gap_bucket"",""value"":""20+""},{""variable"":""SpikeScore"",""column"":""spike_score_bucket"",""value"":""<300""}]",4,39.0043,0.2857
1399,race_type=3-hästarslopp AND spike_gap_bucket=10–20 AND spike_score_bucket=<300,race_type=3-hästarslopp AND spike_gap_bucket=10–20,3,1,0,0.0,9,40.2112,36.1901,-3.0956,-4.0211,False,Lopptyp = 3-hästarslopp -> SpikeGap = 10–20 -> SpikeScore = <300,"[{""variable"":""Lopptyp"",""column"":""race_type"",""value"":""3-hästarslopp""},{""variable"":""SpikeGap"",""column"":""spike_gap_bucket"",""value"":""10–20""},{""variable"":""SpikeScore"",""column"":""spike_score_bucket"",""value"":""<300""}]",1,39.0043,0.0909
1400,spike_gap_bucket=40+ AND spike_score_bucket=350–375 AND yellow_warning=true,spike_gap_bucket=40+ AND spike_score_bucket=350–375,3,14,4,28.5714,35,45.9433,38.7902,-0.4955,-7.1531,False,SpikeGap = 40+ -> SpikeScore = 350–375 -> Gul varning = Ja,"[{""variable"":""SpikeGap"",""column"":""spike_gap_bucket"",""value"":""40+""},{""variable"":""SpikeScore"",""column"":""spike_score_bucket"",""value"":""350–375""},{""variable"":""Gul varning"",""column"":""yellow_warning"",""value"":true}]",14,38.9967,0.5833
1401,score_gap_bucket=20+ AND spread_bucket=80+ AND value_count_bucket=1,score_gap_bucket=20+ AND spread_bucket=80+,3,22,7,31.8182,70,46.6106,38.8622,-0.4235,-7.7484,False,ScoreGap = 20+ -> Spread = 80+ -> Antal value = 1,"[{""variable"":""ScoreGap"",""column"":""score_gap_bucket"",""value"":""20+""},{""variable"":""Spread"",""column"":""spread_bucket"",""value"":""80+""},{""variable"":""Antal value"",""column"":""value_count_bucket"",""value"":""1""}]",22,38.9945,0.6875
1402,spike_score_bucket=375–400 AND spread_bucket=80+,spread_bucket=80+,2,36,13,36.1111,98,43.9467,38.9095,-0.3762,-5.0372,False,SpikeScore = 375–400 -> Spread = 80+,"[{""variable"":""SpikeScore"",""column"":""spike_score_bucket"",""value"":""375–400""},{""variable"":""Spread"",""column"":""spread_bucket"",""value"":""80+""}]",36,38.9913,0.7826
1403,spike_gap_bucket=30–40 AND spread_bucket=80+,spread_bucket=80+,2,13,4,30.7692,98,43.9467,38.7556,-0.5301,-5.1911,False,SpikeGap = 30–40 -> Spread = 80+,"[{""variable"":""SpikeGap"",""column"":""spike_gap_bucket"",""value"":""30–40""},{""variable"":""Spread"",""column"":""spread_bucket"",""value"":""80+""}]",13,38.9861,0.5652
1404,race_type=Öppet lopp AND spike_gap_bucket=0–10 AND spike_score_bucket=<300,race_type=Öppet lopp AND spike_gap_bucket=0–10,3,4,1,25.0,27,40.8694,38.2245,-1.0612,-2.6449,False,Lopptyp = Öppet lopp -> SpikeGap = 0–10 -> SpikeScore = <300,"[{""variable"":""Lopptyp"",""column"":""race_type"",""value"":""Öppet lopp""},{""variable"":""SpikeGap"",""column"":""spike_gap_bucket"",""value"":""0–10""},{""variable"":""SpikeScore"",""column"":""spike_score_bucket"",""value"":""<300""}]",4,38.9825,0.2857
1405,spike_gap_bucket=40+ AND spread_bucket=<60 AND value_count_bucket=2,spike_gap_bucket=40+ AND value_count_bucket=2,3,5,1,20.0,14,44.9084,38.3536,-0.9322,-6.5548,False,SpikeGap = 40+ -> Spread = <60 -> Antal value = 2,"[{""variable"":""SpikeGap"",""column"":""spike_gap_bucket"",""value"":""40+""},{""variable"":""Spread"",""column"":""spread_bucket"",""value"":""<60""},{""variable"":""Antal value"",""column"":""value_count_bucket"",""value"":""2""}]",5,38.975,0.3333
1406,race_type=Öppet lopp AND score_gap_bucket=20+ AND spike_gap_bucket=30–40 AND spread_bucket=80+ AND yellow_warning=false,race_type=Öppet lopp AND score_gap_bucket=20+ AND spread_bucket=80+ AND yellow_warning=false,5,4,1,25.0,18,41.0176,38.1053,-1.1804,-2.9123,False,Lopptyp = Öppet lopp -> ScoreGap = 20+ -> SpikeGap = 30–40 -> Spread = 80+ -> Gul varning = Nej,"[{""variable"":""Lopptyp"",""column"":""race_type"",""value"":""Öppet lopp""},{""variable"":""ScoreGap"",""column"":""score_gap_bucket"",""value"":""20+""},{""variable"":""SpikeGap"",""column"":""spike_gap_bucket"",""value"":""30–40""},{""variable"":""Spread"",""column"":""spread_bucket"",""value"":""80+""},{""variable"":""Gul varning"",""column"":""yellow_warning"",""value"":false}]",4,38.9485,0.2857
1407,score_gap_bucket=20+ AND spike_score_bucket=<300 AND value_count_bucket=1,score_gap_bucket=20+ AND value_count_bucket=1,3,2,0,0.0,36,40.9814,37.2558,-2.0299,-3.7256,False,ScoreGap = 20+ -> SpikeScore = <300 -> Antal value = 1,"[{""variable"":""ScoreGap"",""column"":""score_gap_bucket"",""value"":""20+""},{""variable"":""SpikeScore"",""column"":""spike_score_bucket"",""value"":""<300""},{""variable"":""Antal value"",""column"":""value_count_bucket"",""value"":""1""}]",2,38.9474,0.1667
1408,race_type=Öppet lopp AND red_warning=false AND score_gap_bucket=10–15 AND spike_gap_bucket=10–20 AND spike_score_bucket=350–375,race_type=Öppet lopp AND red_warning=false AND spike_gap_bucket=10–20 AND spike_score_bucket=350–375,5,1,0,0.0,5,42.5869,35.4891,-3.7966,-7.0978,False,Lopptyp = Öppet lopp -> Röd varning = Nej -> ScoreGap = 10–15 -> SpikeGap = 10–20 -> SpikeScore = 350–375,"[{""variable"":""Lopptyp"",""column"":""race_type"",""value"":""Öppet lopp""},{""variable"":""Röd varning"",""column"":""red_warning"",""value"":false},{""variable"":""ScoreGap"",""column"":""score_gap_bucket"",""value"":""10–15""},{""variable"":""SpikeGap"",""column"":""spike_gap_bucket"",""value"":""10–20""},{""variable"":""SpikeScore"",""column"":""spike_score_bucket"",""value"":""350–375""}]",1,38.9406,0.0909
1409,race_type=Öppet lopp AND spike_score_bucket=325–350 AND value_count_bucket=3+,race_type=Öppet lopp AND value_count_bucket=3+,3,1,0,0.0,6,41.3306,35.4262,-3.8595,-5.9044,False,Lopptyp = Öppet lopp -> SpikeScore = 325–350 -> Antal value = 3+,"[{""variable"":""Lopptyp"",""column"":""race_type"",""value"":""Öppet lopp""},{""variable"":""SpikeScore"",""column"":""spike_score_bucket"",""value"":""325–350""},{""variable"":""Antal value"",""column"":""value_count_bucket"",""value"":""3+""}]",1,38.9348,0.0909
1410,red_warning=false AND spike_gap_bucket=20–30 AND spike_score_bucket=300–325,red_warning=false AND spike_gap_bucket=20–30,3,4,1,25.0,25,40.6463,38.0386,-1.2471,-2.6077,False,Röd varning = Nej -> SpikeGap = 20–30 -> SpikeScore = 300–325,"[{""variable"":""Röd varning"",""column"":""red_warning"",""value"":false},{""variable"":""SpikeGap"",""column"":""spike_gap_bucket"",""value"":""20–30""},{""variable"":""SpikeScore"",""column"":""spike_score_bucket"",""value"":""300–325""}]",4,38.9294,0.2857
1411,race_type=Öppet lopp AND score_gap_bucket=5–10 AND spread_bucket=80+,race_type=Öppet lopp AND spread_bucket=80+,3,2,0,0.0,36,40.6953,36.9957,-2.29,-3.6996,False,Lopptyp = Öppet lopp -> ScoreGap = 5–10 -> Spread = 80+,"[{""variable"":""Lopptyp"",""column"":""race_type"",""value"":""Öppet lopp""},{""variable"":""ScoreGap"",""column"":""score_gap_bucket"",""value"":""5–10""},{""variable"":""Spread"",""column"":""spread_bucket"",""value"":""80+""}]",2,38.904,0.1667
1412,score_gap_bucket=20+ AND spike_gap_bucket=0–10 AND yellow_warning=false,score_gap_bucket=20+ AND yellow_warning=false,3,4,0,0.0,59,45.5058,37.9215,-1.3642,-7.5843,False,ScoreGap = 20+ -> SpikeGap = 0–10 -> Gul varning = Nej,"[{""variable"":""ScoreGap"",""column"":""score_gap_bucket"",""value"":""20+""},{""variable"":""SpikeGap"",""column"":""spike_gap_bucket"",""value"":""0–10""},{""variable"":""Gul varning"",""column"":""yellow_warning"",""value"":false}]",4,38.8959,0.2857
1413,score_gap_bucket=20+ AND spike_score_bucket=<300 AND yellow_warning=false,score_gap_bucket=20+ AND yellow_warning=false,3,4,0,0.0,59,45.5058,37.9215,-1.3642,-7.5843,False,ScoreGap = 20+ -> SpikeScore = <300 -> Gul varning = Nej,"[{""variable"":""ScoreGap"",""column"":""score_gap_bucket"",""value"":""20+""},{""variable"":""SpikeScore"",""column"":""spike_score_bucket"",""value"":""<300""},{""variable"":""Gul varning"",""column"":""yellow_warning"",""value"":false}]",4,38.8959,0.2857
1414,spike_score_bucket=<300 AND spread_bucket=80+ AND yellow_warning=false,spread_bucket=80+ AND yellow_warning=false,3,3,0,0.0,49,43.173,37.5417,-1.744,-5.6313,False,SpikeScore = <300 -> Spread = 80+ -> Gul varning = Nej,"[{""variable"":""SpikeScore"",""column"":""spike_score_bucket"",""value"":""<300""},{""variable"":""Spread"",""column"":""spread_bucket"",""value"":""80+""},{""variable"":""Gul varning"",""column"":""yellow_warning"",""value"":false}]",3,38.8832,0.2308
1415,spike_gap_bucket=40+ AND spread_bucket=<60,spike_gap_bucket=40+,2,40,14,35.0,107,46.3442,38.7814,-0.5043,-7.5628,False,SpikeGap = 40+ -> Spread = <60,"[{""variable"":""SpikeGap"",""column"":""spike_gap_bucket"",""value"":""40+""},{""variable"":""Spread"",""column"":""spread_bucket"",""value"":""<60""}]",40,38.8823,0.8
1416,spread_bucket=<60 AND value_count_bucket=3+,value_count_bucket=3+,2,5,1,20.0,13,45.0216,38.0712,-1.2146,-6.9504,False,Spread = <60 -> Antal value = 3+,"[{""variable"":""Spread"",""column"":""spread_bucket"",""value"":""<60""},{""variable"":""Antal value"",""column"":""value_count_bucket"",""value"":""3+""}]",5,38.8809,0.3333
1417,red_warning=true AND score_gap_bucket=5–10 AND spike_score_bucket=350–375,score_gap_bucket=5–10 AND spike_score_bucket=350–375,3,9,3,33.3333,13,41.9288,38.4125,-0.8732,-3.5163,False,Röd varning = Ja -> ScoreGap = 5–10 -> SpikeScore = 350–375,"[{""variable"":""Röd varning"",""column"":""red_warning"",""value"":true},{""variable"":""ScoreGap"",""column"":""score_gap_bucket"",""value"":""5–10""},{""variable"":""SpikeScore"",""column"":""spike_score_bucket"",""value"":""350–375""}]",9,38.8721,0.4737
1418,score_gap_bucket=10–15 AND spike_gap_bucket=10–20 AND value_count_bucket=0,score_gap_bucket=10–15 AND value_count_bucket=0,3,2,0,0.0,14,41.8828,36.6475,-2.6383,-5.2353,False,ScoreGap = 10–15 -> SpikeGap = 10–20 -> Antal value = 0,"[{""variable"":""ScoreGap"",""column"":""score_gap_bucket"",""value"":""10–15""},{""variable"":""SpikeGap"",""column"":""spike_gap_bucket"",""value"":""10–20""},{""variable"":""Antal value"",""column"":""value_count_bucket"",""value"":""0""}]",2,38.846,0.1667
1419,score_gap_bucket=10–15 AND spike_gap_bucket=30–40 AND value_count_bucket=0,score_gap_bucket=10–15 AND value_count_bucket=0,3,2,0,0.0,14,41.8828,36.6475,-2.6383,-5.2353,False,ScoreGap = 10–15 -> SpikeGap = 30–40 -> Antal value = 0,"[{""variable"":""ScoreGap"",""column"":""score_gap_bucket"",""value"":""10–15""},{""variable"":""SpikeGap"",""column"":""spike_gap_bucket"",""value"":""30–40""},{""variable"":""Antal value"",""column"":""value_count_bucket"",""value"":""0""}]",2,38.846,0.1667
1420,race_type=Öppet lopp AND score_gap_bucket=20+ AND spike_gap_bucket=40+ AND value_count_bucket=1,race_type=Öppet lopp AND score_gap_bucket=20+ AND spike_gap_bucket=40+,4,8,1,12.5,28,48.6123,38.2945,-0.9912,-10.3178,False,Lopptyp = Öppet lopp -> ScoreGap = 20+ -> SpikeGap = 40+ -> Antal value = 1,"[{""variable"":""Lopptyp"",""column"":""race_type"",""value"":""Öppet lopp""},{""variable"":""ScoreGap"",""column"":""score_gap_bucket"",""value"":""20+""},{""variable"":""SpikeGap"",""column"":""spike_gap_bucket"",""value"":""40+""},{""variable"":""Antal value"",""column"":""value_count_bucket"",""value"":""1""}]",8,38.8452,0.4444
1421,score_gap_bucket=5–10 AND spread_bucket=80+ AND value_count_bucket=1,spread_bucket=80+ AND value_count_bucket=1,3,2,0,0.0,32,39.9795,36.345,-2.9407,-3.6345,False,ScoreGap = 5–10 -> Spread = 80+ -> Antal value = 1,"[{""variable"":""ScoreGap"",""column"":""score_gap_bucket"",""value"":""5–10""},{""variable"":""Spread"",""column"":""spread_bucket"",""value"":""80+""},{""variable"":""Antal value"",""column"":""value_count_bucket"",""value"":""1""}]",2,38.7956,0.1667
1422,spike_gap_bucket=10–20 AND spread_bucket=80+ AND value_count_bucket=1,spread_bucket=80+ AND value_count_bucket=1,3,2,0,0.0,32,39.9795,36.345,-2.9407,-3.6345,False,SpikeGap = 10–20 -> Spread = 80+ -> Antal value = 1,"[{""variable"":""SpikeGap"",""column"":""spike_gap_bucket"",""value"":""10–20""},{""variable"":""Spread"",""column"":""spread_bucket"",""value"":""80+""},{""variable"":""Antal value"",""column"":""value_count_bucket"",""value"":""1""}]",2,38.7956,0.1667
1423,spike_score_bucket=<300 AND spread_bucket=80+ AND value_count_bucket=1,spread_bucket=80+ AND value_count_bucket=1,3,2,0,0.0,32,39.9795,36.345,-2.9407,-3.6345,False,SpikeScore = <300 -> Spread = 80+ -> Antal value = 1,"[{""variable"":""SpikeScore"",""column"":""spike_score_bucket"",""value"":""<300""},{""variable"":""Spread"",""column"":""spread_bucket"",""value"":""80+""},{""variable"":""Antal value"",""column"":""value_count_bucket"",""value"":""1""}]",2,38.7956,0.1667
1424,score_gap_bucket=5–10 AND spike_score_bucket=350–375 AND value_count_bucket=2,score_gap_bucket=5–10 AND spike_score_bucket=350–375,3,2,0,0.0,13,41.9288,36.3383,-2.9474,-5.5905,False,ScoreGap = 5–10 -> SpikeScore = 350–375 -> Antal value = 2,"[{""variable"":""ScoreGap"",""column"":""score_gap_bucket"",""value"":""5–10""},{""variable"":""SpikeScore"",""column"":""spike_score_bucket"",""value"":""350–375""},{""variable"":""Antal value"",""column"":""value_count_bucket"",""value"":""2""}]",2,38.7945,0.1667
1425,race_type=Öppet lopp AND spike_gap_bucket=40+ AND value_count_bucket=1,race_type=Öppet lopp AND spike_gap_bucket=40+,3,18,6,33.3333,64,43.1772,38.5143,-0.7714,-4.6629,False,Lopptyp = Öppet lopp -> SpikeGap = 40+ -> Antal value = 1,"[{""variable"":""Lopptyp"",""column"":""race_type"",""value"":""Öppet lopp""},{""variable"":""SpikeGap"",""column"":""spike_gap_bucket"",""value"":""40+""},{""variable"":""Antal value"",""column"":""value_count_bucket"",""value"":""1""}]",18,38.7898,0.6429
1426,spike_gap_bucket=0–10 AND value_count_bucket=0,value_count_bucket=0,2,17,6,35.2941,118,41.2008,38.4869,-0.7988,-2.7139,False,SpikeGap = 0–10 -> Antal value = 0,"[{""variable"":""SpikeGap"",""column"":""spike_gap_bucket"",""value"":""0–10""},{""variable"":""Antal value"",""column"":""value_count_bucket"",""value"":""0""}]",17,38.7828,0.6296
1427,score_gap_bucket=10–15 AND spike_gap_bucket=10–20 AND spike_score_bucket=350–375,score_gap_bucket=10–15 AND spike_score_bucket=350–375,3,2,0,0.0,9,44.2639,36.2159,-3.0698,-8.048,False,ScoreGap = 10–15 -> SpikeGap = 10–20 -> SpikeScore = 350–375,"[{""variable"":""ScoreGap"",""column"":""score_gap_bucket"",""value"":""10–15""},{""variable"":""SpikeGap"",""column"":""spike_gap_bucket"",""value"":""10–20""},{""variable"":""SpikeScore"",""column"":""spike_score_bucket"",""value"":""350–375""}]",2,38.7741,0.1667
1428,score_gap_bucket=10–15 AND spike_score_bucket=350–375 AND value_count_bucket=2,score_gap_bucket=10–15 AND spike_score_bucket=350–375,3,2,0,0.0,9,44.2639,36.2159,-3.0698,-8.048,False,ScoreGap = 10–15 -> SpikeScore = 350–375 -> Antal value = 2,"[{""variable"":""ScoreGap"",""column"":""score_gap_bucket"",""value"":""10–15""},{""variable"":""SpikeScore"",""column"":""spike_score_bucket"",""value"":""350–375""},{""variable"":""Antal value"",""column"":""value_count_bucket"",""value"":""2""}]",2,38.7741,0.1667
1429,spike_score_bucket=350–375 AND spread_bucket=<60 AND value_count_bucket=2,spike_score_bucket=350–375 AND spread_bucket=<60,3,7,2,28.5714,28,41.3261,38.0193,-1.2664,-3.3068,False,SpikeScore = 350–375 -> Spread = <60 -> Antal value = 2,"[{""variable"":""SpikeScore"",""column"":""spike_score_bucket"",""value"":""350–375""},{""variable"":""Spread"",""column"":""spread_bucket"",""value"":""<60""},{""variable"":""Antal value"",""column"":""value_count_bucket"",""value"":""2""}]",7,38.7642,0.4118
1430,score_gap_bucket=0–5 AND spike_gap_bucket=20–30 AND value_count_bucket=0,spike_gap_bucket=20–30 AND value_count_bucket=0,3,2,0,0.0,15,40.6862,35.8996,-3.3861,-4.7866,False,ScoreGap = 0–5 -> SpikeGap = 20–30 -> Antal value = 0,"[{""variable"":""ScoreGap"",""column"":""score_gap_bucket"",""value"":""0–5""},{""variable"":""SpikeGap"",""column"":""spike_gap_bucket"",""value"":""20–30""},{""variable"":""Antal value"",""column"":""value_count_bucket"",""value"":""0""}]",2,38.7214,0.1667
1431,score_gap_bucket=5–10 AND spike_gap_bucket=20–30 AND value_count_bucket=0,spike_gap_bucket=20–30 AND value_count_bucket=0,3,2,0,0.0,15,40.6862,35.8996,-3.3861,-4.7866,False,ScoreGap = 5–10 -> SpikeGap = 20–30 -> Antal value = 0,"[{""variable"":""ScoreGap"",""column"":""score_gap_bucket"",""value"":""5–10""},{""variable"":""SpikeGap"",""column"":""spike_gap_bucket"",""value"":""20–30""},{""variable"":""Antal value"",""column"":""value_count_bucket"",""value"":""0""}]",2,38.7214,0.1667
1432,spike_gap_bucket=20–30 AND spike_score_bucket=400+ AND value_count_bucket=0,spike_gap_bucket=20–30 AND value_count_bucket=0,3,2,0,0.0,15,40.6862,35.8996,-3.3861,-4.7866,False,SpikeGap = 20–30 -> SpikeScore = 400+ -> Antal value = 0,"[{""variable"":""SpikeGap"",""column"":""spike_gap_bucket"",""value"":""20–30""},{""variable"":""SpikeScore"",""column"":""spike_score_bucket"",""value"":""400+""},{""variable"":""Antal value"",""column"":""value_count_bucket"",""value"":""0""}]",2,38.7214,0.1667
1433,spike_gap_bucket=0–10 AND spike_score_bucket=300–325 AND spread_bucket=<60,spike_gap_bucket=0–10 AND spread_bucket=<60,3,3,0,0.0,14,44.7312,36.8375,-2.4483,-7.8937,False,SpikeGap = 0–10 -> SpikeScore = 300–325 -> Spread = <60,"[{""variable"":""SpikeGap"",""column"":""spike_gap_bucket"",""value"":""0–10""},{""variable"":""SpikeScore"",""column"":""spike_score_bucket"",""value"":""300–325""},{""variable"":""Spread"",""column"":""spread_bucket"",""value"":""<60""}]",3,38.7207,0.2308
1434,spike_gap_bucket=30–40 AND spread_bucket=80+ AND yellow_warning=false,spread_bucket=80+ AND yellow_warning=false,3,8,2,25.0,49,43.173,37.9807,-1.305,-5.1923,False,SpikeGap = 30–40 -> Spread = 80+ -> Gul varning = Nej,"[{""variable"":""SpikeGap"",""column"":""spike_gap_bucket"",""value"":""30–40""},{""variable"":""Spread"",""column"":""spread_bucket"",""value"":""80+""},{""variable"":""Gul varning"",""column"":""yellow_warning"",""value"":false}]",8,38.7057,0.4444
1435,race_type=3-hästarslopp AND spike_gap_bucket=30–40 AND spike_score_bucket=375–400,race_type=3-hästarslopp AND spike_gap_bucket=30–40,3,2,0,0.0,9,43.6595,35.7214,-3.5643,-7.9381,False,Lopptyp = 3-hästarslopp -> SpikeGap = 30–40 -> SpikeScore = 375–400,"[{""variable"":""Lopptyp"",""column"":""race_type"",""value"":""3-hästarslopp""},{""variable"":""SpikeGap"",""column"":""spike_gap_bucket"",""value"":""30–40""},{""variable"":""SpikeScore"",""column"":""spike_score_bucket"",""value"":""375–400""}]",2,38.6917,0.1667
1436,red_warning=true AND spike_gap_bucket=20–30 AND spike_score_bucket=350–375,spike_gap_bucket=20–30 AND spike_score_bucket=350–375,3,2,0,0.0,10,42.7884,35.657,-3.6287,-7.1314,False,Röd varning = Ja -> SpikeGap = 20–30 -> SpikeScore = 350–375,"[{""variable"":""Röd varning"",""column"":""red_warning"",""value"":true},{""variable"":""SpikeGap"",""column"":""spike_gap_bucket"",""value"":""20–30""},{""variable"":""SpikeScore"",""column"":""spike_score_bucket"",""value"":""350–375""}]",2,38.6809,0.1667
1437,race_type=Öppet lopp AND score_gap_bucket=0–5 AND spike_score_bucket=350–375,race_type=Öppet lopp AND spike_score_bucket=350–375,3,8,2,25.0,40,43.0609,37.9006,-1.3851,-5.1603,False,Lopptyp = Öppet lopp -> ScoreGap = 0–5 -> SpikeScore = 350–375,"[{""variable"":""Lopptyp"",""column"":""race_type"",""value"":""Öppet lopp""},{""variable"":""ScoreGap"",""column"":""score_gap_bucket"",""value"":""0–5""},{""variable"":""SpikeScore"",""column"":""spike_score_bucket"",""value"":""350–375""}]",8,38.6701,0.4444
1438,race_type=Öppet lopp AND spike_gap_bucket=10–20 AND spike_score_bucket=350–375,race_type=Öppet lopp AND spike_score_bucket=350–375,3,8,2,25.0,40,43.0609,37.9006,-1.3851,-5.1603,False,Lopptyp = Öppet lopp -> SpikeGap = 10–20 -> SpikeScore = 350–375,"[{""variable"":""Lopptyp"",""column"":""race_type"",""value"":""Öppet lopp""},{""variable"":""SpikeGap"",""column"":""spike_gap_bucket"",""value"":""10–20""},{""variable"":""SpikeScore"",""column"":""spike_score_bucket"",""value"":""350–375""}]",8,38.6701,0.4444
1439,red_warning=true AND spike_gap_bucket=0–10,spike_gap_bucket=0–10,2,12,4,33.3333,43,41.0431,38.1519,-1.1338,-2.8912,False,Röd varning = Ja -> SpikeGap = 0–10,"[{""variable"":""Röd varning"",""column"":""red_warning"",""value"":true},{""variable"":""SpikeGap"",""column"":""spike_gap_bucket"",""value"":""0–10""}]",12,38.6673,0.5455
1440,score_gap_bucket=0–5 AND spike_score_bucket=375–400 AND spread_bucket=80+,score_gap_bucket=0–5 AND spread_bucket=80+,3,2,0,0.0,10,42.6311,35.5259,-3.7598,-7.1052,False,ScoreGap = 0–5 -> SpikeScore = 375–400 -> Spread = 80+,"[{""variable"":""ScoreGap"",""column"":""score_gap_bucket"",""value"":""0–5""},{""variable"":""SpikeScore"",""column"":""spike_score_bucket"",""value"":""375–400""},{""variable"":""Spread"",""column"":""spread_bucket"",""value"":""80+""}]",2,38.6591,0.1667
1441,score_gap_bucket=0–5 AND spike_score_bucket=<300 AND spread_bucket=80+,score_gap_bucket=0–5 AND spread_bucket=80+,3,2,0,0.0,10,42.6311,35.5259,-3.7598,-7.1052,False,ScoreGap = 0–5 -> SpikeScore = <300 -> Spread = 80+,"[{""variable"":""ScoreGap"",""column"":""score_gap_bucket"",""value"":""0–5""},{""variable"":""SpikeScore"",""column"":""spike_score_bucket"",""value"":""<300""},{""variable"":""Spread"",""column"":""spread_bucket"",""value"":""80+""}]",2,38.6591,0.1667
1442,red_warning=true AND spike_gap_bucket=20–30 AND spread_bucket=80+,red_warning=true AND spread_bucket=80+,3,2,0,0.0,10,42.6311,35.5259,-3.7598,-7.1052,False,Röd varning = Ja -> SpikeGap = 20–30 -> Spread = 80+,"[{""variable"":""Röd varning"",""column"":""red_warning"",""value"":true},{""variable"":""SpikeGap"",""column"":""spike_gap_bucket"",""value"":""20–30""},{""variable"":""Spread"",""column"":""spread_bucket"",""value"":""80+""}]",2,38.6591,0.1667
1443,spike_score_bucket=350–375 AND value_count_bucket=1,spike_score_bucket=350–375,2,29,10,34.4828,77,44.1826,38.4419,-0.8438,-5.7407,False,SpikeScore = 350–375 -> Antal value = 1,"[{""variable"":""SpikeScore"",""column"":""spike_score_bucket"",""value"":""350–375""},{""variable"":""Antal value"",""column"":""value_count_bucket"",""value"":""1""}]",29,38.6583,0.7436
1444,red_warning=false AND value_count_bucket=1,red_warning=false,2,56,21,37.5,204,41.4541,38.5406,-0.7452,-2.9135,False,Röd varning = Nej -> Antal value = 1,"[{""variable"":""Röd varning"",""column"":""red_warning"",""value"":false},{""variable"":""Antal value"",""column"":""value_count_bucket"",""value"":""1""}]",56,38.6535,0.8485
1445,race_type=Öppet lopp AND score_gap_bucket=20+ AND spike_gap_bucket=30–40,race_type=Öppet lopp AND score_gap_bucket=20+,3,7,2,28.5714,58,40.961,37.7489,-1.5368,-3.2121,False,Lopptyp = Öppet lopp -> ScoreGap = 20+ -> SpikeGap = 30–40,"[{""variable"":""Lopptyp"",""column"":""race_type"",""value"":""Öppet lopp""},{""variable"":""ScoreGap"",""column"":""score_gap_bucket"",""value"":""20+""},{""variable"":""SpikeGap"",""column"":""spike_gap_bucket"",""value"":""30–40""}]",7,38.6529,0.4118
1446,race_type=Öppet lopp AND score_gap_bucket=20+ AND spread_bucket=60–70,race_type=Öppet lopp AND score_gap_bucket=20+,3,7,2,28.5714,58,40.961,37.7489,-1.5368,-3.2121,False,Lopptyp = Öppet lopp -> ScoreGap = 20+ -> Spread = 60–70,"[{""variable"":""Lopptyp"",""column"":""race_type"",""value"":""Öppet lopp""},{""variable"":""ScoreGap"",""column"":""score_gap_bucket"",""value"":""20+""},{""variable"":""Spread"",""column"":""spread_bucket"",""value"":""60–70""}]",7,38.6529,0.4118
1447,race_type=Öppet lopp AND spread_bucket=70–80 AND yellow_warning=false,race_type=Öppet lopp AND spread_bucket=70–80,3,6,1,16.6667,15,45.9219,37.5633,-1.7225,-8.3586,False,Lopptyp = Öppet lopp -> Spread = 70–80 -> Gul varning = Nej,"[{""variable"":""Lopptyp"",""column"":""race_type"",""value"":""Öppet lopp""},{""variable"":""Spread"",""column"":""spread_bucket"",""value"":""70–80""},{""variable"":""Gul varning"",""column"":""yellow_warning"",""value"":false}]",6,38.6398,0.375
1448,race_type=Öppet lopp AND spike_gap_bucket=10–20 AND spike_score_bucket=375–400 AND spread_bucket=70–80,race_type=Öppet lopp AND spike_gap_bucket=10–20 AND spread_bucket=70–80,4,2,0,0.0,5,49.4414,35.3153,-3.9704,-14.1261,False,Lopptyp = Öppet lopp -> SpikeGap = 10–20 -> SpikeScore = 375–400 -> Spread = 70–80,"[{""variable"":""Lopptyp"",""column"":""race_type"",""value"":""Öppet lopp""},{""variable"":""SpikeGap"",""column"":""spike_gap_bucket"",""value"":""10–20""},{""variable"":""SpikeScore"",""column"":""spike_score_bucket"",""value"":""375–400""},{""variable"":""Spread"",""column"":""spread_bucket"",""value"":""70–80""}]",2,38.624,0.1667
1449,race_type=Öppet lopp AND spread_bucket=60–70 AND value_count_bucket=0,spread_bucket=60–70 AND value_count_bucket=0,3,4,1,25.0,9,42.2074,36.9128,-2.3729,-5.2946,False,Lopptyp = Öppet lopp -> Spread = 60–70 -> Antal value = 0,"[{""variable"":""Lopptyp"",""column"":""race_type"",""value"":""Öppet lopp""},{""variable"":""Spread"",""column"":""spread_bucket"",""value"":""60–70""},{""variable"":""Antal value"",""column"":""value_count_bucket"",""value"":""0""}]",4,38.6077,0.2857
1450,race_type=Topp 5-profil AND red_warning=false AND yellow_warning=true,red_warning=false AND yellow_warning=true,3,3,0,0.0,86,41.7838,36.3337,-2.952,-5.4501,False,Lopptyp = Topp 5-profil -> Röd varning = Nej -> Gul varning = Ja,"[{""variable"":""Lopptyp"",""column"":""race_type"",""value"":""Topp 5-profil""},{""variable"":""Röd varning"",""column"":""red_warning"",""value"":false},{""variable"":""Gul varning"",""column"":""yellow_warning"",""value"":true}]",3,38.6045,0.2308
1451,spike_gap_bucket=0–10 AND spike_score_bucket=325–350 AND spread_bucket=70–80 AND yellow_warning=false,spike_gap_bucket=0–10 AND spike_score_bucket=325–350 AND yellow_warning=false,4,2,0,0.0,5,49.1849,35.1321,-4.1536,-14.0528,False,SpikeGap = 0–10 -> SpikeScore = 325–350 -> Spread = 70–80 -> Gul varning = Nej,"[{""variable"":""SpikeGap"",""column"":""spike_gap_bucket"",""value"":""0–10""},{""variable"":""SpikeScore"",""column"":""spike_score_bucket"",""value"":""325–350""},{""variable"":""Spread"",""column"":""spread_bucket"",""value"":""70–80""},{""variable"":""Gul varning"",""column"":""yellow_warning"",""value"":false}]",2,38.5934,0.1667
1452,score_gap_bucket=20+ AND spike_gap_bucket=30–40,score_gap_bucket=20+,2,14,4,28.5714,116,44.7479,38.087,-1.1987,-6.6609,False,ScoreGap = 20+ -> SpikeGap = 30–40,"[{""variable"":""ScoreGap"",""column"":""score_gap_bucket"",""value"":""20+""},{""variable"":""SpikeGap"",""column"":""spike_gap_bucket"",""value"":""30–40""}]",14,38.5865,0.5833
1453,score_gap_bucket=20+ AND spread_bucket=<60 AND value_count_bucket=1,score_gap_bucket=20+ AND spread_bucket=<60,3,3,0,0.0,14,43.9694,36.2101,-3.0756,-7.7593,False,ScoreGap = 20+ -> Spread = <60 -> Antal value = 1,"[{""variable"":""ScoreGap"",""column"":""score_gap_bucket"",""value"":""20+""},{""variable"":""Spread"",""column"":""spread_bucket"",""value"":""<60""},{""variable"":""Antal value"",""column"":""value_count_bucket"",""value"":""1""}]",3,38.576,0.2308
1454,score_gap_bucket=20+ AND spread_bucket=60–70,score_gap_bucket=20+,2,9,2,22.2222,116,44.7479,37.7572,-1.5285,-6.9907,False,ScoreGap = 20+ -> Spread = 60–70,"[{""variable"":""ScoreGap"",""column"":""score_gap_bucket"",""value"":""20+""},{""variable"":""Spread"",""column"":""spread_bucket"",""value"":""60–70""}]",9,38.5617,0.4737
1455,race_type=Öppet lopp AND spike_gap_bucket=40+ AND spike_score_bucket=375–400 AND spread_bucket=80+ AND yellow_warning=true,race_type=Öppet lopp AND spike_gap_bucket=40+ AND spread_bucket=80+ AND yellow_warning=true,5,2,0,0.0,5,48.8464,34.8903,-4.3954,-13.9561,False,Lopptyp = Öppet lopp -> SpikeGap = 40+ -> SpikeScore = 375–400 -> Spread = 80+ -> Gul varning = Ja,"[{""variable"":""Lopptyp"",""column"":""race_type"",""value"":""Öppet lopp""},{""variable"":""SpikeGap"",""column"":""spike_gap_bucket"",""value"":""40+""},{""variable"":""SpikeScore"",""column"":""spike_score_bucket"",""value"":""375–400""},{""variable"":""Spread"",""column"":""spread_bucket"",""value"":""80+""},{""variable"":""Gul varning"",""column"":""yellow_warning"",""value"":true}]",2,38.5531,0.1667
1456,red_warning=true AND spike_gap_bucket=40+ AND spread_bucket=<60,red_warning=true AND spike_gap_bucket=40+,3,7,2,28.5714,14,41.9672,37.5019,-1.7838,-4.4653,False,Röd varning = Ja -> SpikeGap = 40+ -> Spread = <60,"[{""variable"":""Röd varning"",""column"":""red_warning"",""value"":true},{""variable"":""SpikeGap"",""column"":""spike_gap_bucket"",""value"":""40+""},{""variable"":""Spread"",""column"":""spread_bucket"",""value"":""<60""}]",7,38.5512,0.4118
1457,spike_gap_bucket=0–10 AND spike_score_bucket=325–350 AND spread_bucket=70–80,spike_score_bucket=325–350 AND spread_bucket=70–80,3,3,0,0.0,10,46.9089,36.0838,-3.2019,-10.8251,False,SpikeGap = 0–10 -> SpikeScore = 325–350 -> Spread = 70–80,"[{""variable"":""SpikeGap"",""column"":""spike_gap_bucket"",""value"":""0–10""},{""variable"":""SpikeScore"",""column"":""spike_score_bucket"",""value"":""325–350""},{""variable"":""Spread"",""column"":""spread_bucket"",""value"":""70–80""}]",3,38.5468,0.2308
1458,spike_score_bucket=325–350 AND spread_bucket=<60 AND value_count_bucket=2,spike_score_bucket=325–350 AND value_count_bucket=2,3,4,1,25.0,7,43.2641,36.6226,-2.6631,-6.6415,False,SpikeScore = 325–350 -> Spread = <60 -> Antal value = 2,"[{""variable"":""SpikeScore"",""column"":""spike_score_bucket"",""value"":""325–350""},{""variable"":""Spread"",""column"":""spread_bucket"",""value"":""<60""},{""variable"":""Antal value"",""column"":""value_count_bucket"",""value"":""2""}]",4,38.5248,0.2857
1459,spike_gap_bucket=30–40 AND spread_bucket=60–70 AND value_count_bucket=0,spread_bucket=60–70 AND value_count_bucket=0,3,2,0,0.0,9,42.2074,34.5333,-4.7524,-7.6741,False,SpikeGap = 30–40 -> Spread = 60–70 -> Antal value = 0,"[{""variable"":""SpikeGap"",""column"":""spike_gap_bucket"",""value"":""30–40""},{""variable"":""Spread"",""column"":""spread_bucket"",""value"":""60–70""},{""variable"":""Antal value"",""column"":""value_count_bucket"",""value"":""0""}]",2,38.4936,0.1667
1460,race_type=Öppet lopp AND spike_score_bucket=350–375 AND yellow_warning=true,race_type=Öppet lopp AND spike_score_bucket=350–375,3,21,7,33.3333,40,43.0609,38.0785,-1.2072,-4.9824,False,Lopptyp = Öppet lopp -> SpikeScore = 350–375 -> Gul varning = Ja,"[{""variable"":""Lopptyp"",""column"":""race_type"",""value"":""Öppet lopp""},{""variable"":""SpikeScore"",""column"":""spike_score_bucket"",""value"":""350–375""},{""variable"":""Gul varning"",""column"":""yellow_warning"",""value"":true}]",21,38.4679,0.6774
1461,race_type=Topp 5-profil AND red_warning=false,red_warning=false,2,10,3,30.0,204,41.4541,37.6361,-1.6496,-3.818,False,Lopptyp = Topp 5-profil -> Röd varning = Nej,"[{""variable"":""Lopptyp"",""column"":""race_type"",""value"":""Topp 5-profil""},{""variable"":""Röd varning"",""column"":""red_warning"",""value"":false}]",10,38.4609,0.5
1462,spike_gap_bucket=20–30 AND spread_bucket=80+ AND value_count_bucket=1,spike_gap_bucket=20–30 AND spread_bucket=80+,3,7,2,28.5714,16,41.0815,37.2741,-2.0116,-3.8074,False,SpikeGap = 20–30 -> Spread = 80+ -> Antal value = 1,"[{""variable"":""SpikeGap"",""column"":""spike_gap_bucket"",""value"":""20–30""},{""variable"":""Spread"",""column"":""spread_bucket"",""value"":""80+""},{""variable"":""Antal value"",""column"":""value_count_bucket"",""value"":""1""}]",7,38.4574,0.4118
1463,red_warning=true AND score_gap_bucket=0–5 AND spike_gap_bucket=40+,score_gap_bucket=0–5 AND spike_gap_bucket=40+,3,5,1,20.0,13,43.2389,36.7837,-2.5021,-6.4552,False,Röd varning = Ja -> ScoreGap = 0–5 -> SpikeGap = 40+,"[{""variable"":""Röd varning"",""column"":""red_warning"",""value"":true},{""variable"":""ScoreGap"",""column"":""score_gap_bucket"",""value"":""0–5""},{""variable"":""SpikeGap"",""column"":""spike_gap_bucket"",""value"":""40+""}]",5,38.4517,0.3333
1464,spike_gap_bucket=10–20 AND spike_score_bucket=325–350,spike_score_bucket=325–350,2,11,3,27.2727,58,43.4066,37.6817,-1.604,-5.7249,False,SpikeGap = 10–20 -> SpikeScore = 325–350,"[{""variable"":""SpikeGap"",""column"":""spike_gap_bucket"",""value"":""10–20""},{""variable"":""SpikeScore"",""column"":""spike_score_bucket"",""value"":""325–350""}]",11,38.4455,0.5238
1465,spike_gap_bucket=10–20 AND spike_score_bucket=350–375 AND value_count_bucket=1,spike_gap_bucket=10–20 AND spike_score_bucket=350–375,3,4,1,25.0,12,40.1141,36.3356,-2.9501,-3.7785,False,SpikeGap = 10–20 -> SpikeScore = 350–375 -> Antal value = 1,"[{""variable"":""SpikeGap"",""column"":""spike_gap_bucket"",""value"":""10–20""},{""variable"":""SpikeScore"",""column"":""spike_score_bucket"",""value"":""350–375""},{""variable"":""Antal value"",""column"":""value_count_bucket"",""value"":""1""}]",4,38.4428,0.2857
1466,spike_gap_bucket=10–20 AND spike_score_bucket=350–375 AND value_count_bucket=2,spike_gap_bucket=10–20 AND spike_score_bucket=350–375,3,4,1,25.0,12,40.1141,36.3356,-2.9501,-3.7785,False,SpikeGap = 10–20 -> SpikeScore = 350–375 -> Antal value = 2,"[{""variable"":""SpikeGap"",""column"":""spike_gap_bucket"",""value"":""10–20""},{""variable"":""SpikeScore"",""column"":""spike_score_bucket"",""value"":""350–375""},{""variable"":""Antal value"",""column"":""value_count_bucket"",""value"":""2""}]",4,38.4428,0.2857
1467,spike_gap_bucket=40+ AND spike_score_bucket=350–375 AND value_count_bucket=2,spike_gap_bucket=40+ AND spike_score_bucket=350–375,3,5,0,0.0,35,45.9433,36.7546,-2.5311,-9.1887,False,SpikeGap = 40+ -> SpikeScore = 350–375 -> Antal value = 2,"[{""variable"":""SpikeGap"",""column"":""spike_gap_bucket"",""value"":""40+""},{""variable"":""SpikeScore"",""column"":""spike_score_bucket"",""value"":""350–375""},{""variable"":""Antal value"",""column"":""value_count_bucket"",""value"":""2""}]",5,38.442,0.3333
1468,race_type=Öppet lopp AND spike_gap_bucket=40+ AND spike_score_bucket=375–400,race_type=Öppet lopp AND spike_gap_bucket=40+,3,16,5,31.25,64,43.1772,37.8762,-1.4095,-5.301,False,Lopptyp = Öppet lopp -> SpikeGap = 40+ -> SpikeScore = 375–400,"[{""variable"":""Lopptyp"",""column"":""race_type"",""value"":""Öppet lopp""},{""variable"":""SpikeGap"",""column"":""spike_gap_bucket"",""value"":""40+""},{""variable"":""SpikeScore"",""column"":""spike_score_bucket"",""value"":""375–400""}]",16,38.4183,0.6154
1469,red_warning=false AND spike_score_bucket=375–400 AND yellow_warning=true,red_warning=false AND yellow_warning=true,3,23,8,34.7826,86,41.7838,38.039,-1.2467,-3.7448,False,Röd varning = Nej -> SpikeScore = 375–400 -> Gul varning = Ja,"[{""variable"":""Röd varning"",""column"":""red_warning"",""value"":false},{""variable"":""SpikeScore"",""column"":""spike_score_bucket"",""value"":""375–400""},{""variable"":""Gul varning"",""column"":""yellow_warning"",""value"":true}]",23,38.4168,0.697
1470,red_warning=true AND spike_score_bucket=350–375,spike_score_bucket=350–375,2,14,4,28.5714,77,44.1826,37.7545,-1.5312,-6.4281,False,Röd varning = Ja -> SpikeScore = 350–375,"[{""variable"":""Röd varning"",""column"":""red_warning"",""value"":true},{""variable"":""SpikeScore"",""column"":""spike_score_bucket"",""value"":""350–375""}]",14,38.3925,0.5833
1471,race_type=Öppet lopp AND spike_gap_bucket=10–20 AND spread_bucket=80+,race_type=Öppet lopp AND spread_bucket=80+,3,3,0,0.0,36,40.6953,35.3872,-3.8985,-5.3081,False,Lopptyp = Öppet lopp -> SpikeGap = 10–20 -> Spread = 80+,"[{""variable"":""Lopptyp"",""column"":""race_type"",""value"":""Öppet lopp""},{""variable"":""SpikeGap"",""column"":""spike_gap_bucket"",""value"":""10–20""},{""variable"":""Spread"",""column"":""spread_bucket"",""value"":""80+""}]",3,38.3861,0.2308
1472,score_gap_bucket=0–5 AND spike_score_bucket=350–375,spike_score_bucket=350–375,2,9,2,22.2222,77,44.1826,37.3673,-1.9184,-6.8153,False,ScoreGap = 0–5 -> SpikeScore = 350–375,"[{""variable"":""ScoreGap"",""column"":""score_gap_bucket"",""value"":""0–5""},{""variable"":""SpikeScore"",""column"":""spike_score_bucket"",""value"":""350–375""}]",9,38.377,0.4737
1473,race_type=Öppet lopp AND spike_gap_bucket=30–40 AND spread_bucket=80+,race_type=Öppet lopp AND spread_bucket=80+,3,5,1,20.0,36,40.6953,36.5562,-2.7295,-4.1391,False,Lopptyp = Öppet lopp -> SpikeGap = 30–40 -> Spread = 80+,"[{""variable"":""Lopptyp"",""column"":""race_type"",""value"":""Öppet lopp""},{""variable"":""SpikeGap"",""column"":""spike_gap_bucket"",""value"":""30–40""},{""variable"":""Spread"",""column"":""spread_bucket"",""value"":""80+""}]",5,38.3759,0.3333
1474,spike_gap_bucket=40+ AND spike_score_bucket=375–400 AND value_count_bucket=3+,spike_gap_bucket=40+ AND value_count_bucket=3+,3,4,1,25.0,6,43.3417,36.005,-3.2807,-7.3367,False,SpikeGap = 40+ -> SpikeScore = 375–400 -> Antal value = 3+,"[{""variable"":""SpikeGap"",""column"":""spike_gap_bucket"",""value"":""40+""},{""variable"":""SpikeScore"",""column"":""spike_score_bucket"",""value"":""375–400""},{""variable"":""Antal value"",""column"":""value_count_bucket"",""value"":""3+""}]",4,38.3484,0.2857
1475,spike_gap_bucket=20–30 AND spike_score_bucket=325–350 AND value_count_bucket=2,spike_score_bucket=325–350 AND value_count_bucket=2,3,2,0,0.0,7,43.2641,33.6499,-5.6359,-9.6142,False,SpikeGap = 20–30 -> SpikeScore = 325–350 -> Antal value = 2,"[{""variable"":""SpikeGap"",""column"":""spike_gap_bucket"",""value"":""20–30""},{""variable"":""SpikeScore"",""column"":""spike_score_bucket"",""value"":""325–350""},{""variable"":""Antal value"",""column"":""value_count_bucket"",""value"":""2""}]",2,38.3464,0.1667
1476,spike_gap_bucket=40+ AND spread_bucket=<60 AND value_count_bucket=1,spike_gap_bucket=40+ AND value_count_bucket=1,3,11,3,27.2727,34,43.0904,37.4777,-1.808,-5.6127,False,SpikeGap = 40+ -> Spread = <60 -> Antal value = 1,"[{""variable"":""SpikeGap"",""column"":""spike_gap_bucket"",""value"":""40+""},{""variable"":""Spread"",""column"":""spread_bucket"",""value"":""<60""},{""variable"":""Antal value"",""column"":""value_count_bucket"",""value"":""1""}]",11,38.3387,0.5238
1477,score_gap_bucket=0–5 AND spread_bucket=<60 AND value_count_bucket=0,spread_bucket=<60 AND value_count_bucket=0,3,12,4,33.3333,43,40.0637,37.5398,-1.7459,-2.5239,False,ScoreGap = 0–5 -> Spread = <60 -> Antal value = 0,"[{""variable"":""ScoreGap"",""column"":""score_gap_bucket"",""value"":""0–5""},{""variable"":""Spread"",""column"":""spread_bucket"",""value"":""<60""},{""variable"":""Antal value"",""column"":""value_count_bucket"",""value"":""0""}]",12,38.3334,0.5455
1478,race_type=Öppet lopp AND score_gap_bucket=20+ AND spike_gap_bucket=20–30 AND spread_bucket=80+ AND yellow_warning=false,race_type=Öppet lopp AND score_gap_bucket=20+ AND spread_bucket=80+ AND yellow_warning=false,5,3,0,0.0,18,41.0176,35.1579,-4.1278,-5.8597,False,Lopptyp = Öppet lopp -> ScoreGap = 20+ -> SpikeGap = 20–30 -> Spread = 80+ -> Gul varning = Nej,"[{""variable"":""Lopptyp"",""column"":""race_type"",""value"":""Öppet lopp""},{""variable"":""ScoreGap"",""column"":""score_gap_bucket"",""value"":""20+""},{""variable"":""SpikeGap"",""column"":""spike_gap_bucket"",""value"":""20–30""},{""variable"":""Spread"",""column"":""spread_bucket"",""value"":""80+""},{""variable"":""Gul varning"",""column"":""yellow_warning"",""value"":false}]",3,38.3331,0.2308
1479,score_gap_bucket=0–5 AND spike_gap_bucket=40+ AND spike_score_bucket=375–400,score_gap_bucket=0–5 AND spike_gap_bucket=40+,3,3,0,0.0,13,43.2389,35.1316,-4.1541,-8.1073,False,ScoreGap = 0–5 -> SpikeGap = 40+ -> SpikeScore = 375–400,"[{""variable"":""ScoreGap"",""column"":""score_gap_bucket"",""value"":""0–5""},{""variable"":""SpikeGap"",""column"":""spike_gap_bucket"",""value"":""40+""},{""variable"":""SpikeScore"",""column"":""spike_score_bucket"",""value"":""375–400""}]",3,38.3271,0.2308
1480,red_warning=true AND spike_score_bucket=325–350 AND spread_bucket=80+ AND value_count_bucket=1,spike_score_bucket=325–350 AND spread_bucket=80+ AND value_count_bucket=1,4,2,0,0.0,5,46.9119,33.5085,-5.7772,-13.4034,False,Röd varning = Ja -> SpikeScore = 325–350 -> Spread = 80+ -> Antal value = 1,"[{""variable"":""Röd varning"",""column"":""red_warning"",""value"":true},{""variable"":""SpikeScore"",""column"":""spike_score_bucket"",""value"":""325–350""},{""variable"":""Spread"",""column"":""spread_bucket"",""value"":""80+""},{""variable"":""Antal value"",""column"":""value_count_bucket"",""value"":""1""}]",2,38.3228,0.1667
1481,score_gap_bucket=20+ AND spike_score_bucket=<300,score_gap_bucket=20+,2,7,1,14.2857,116,44.7479,36.8503,-2.4354,-7.8976,False,ScoreGap = 20+ -> SpikeScore = <300,"[{""variable"":""ScoreGap"",""column"":""score_gap_bucket"",""value"":""20+""},{""variable"":""SpikeScore"",""column"":""spike_score_bucket"",""value"":""<300""}]",7,38.2829,0.4118
1482,race_type=3-hästarslopp AND spike_gap_bucket=20–30 AND value_count_bucket=1,race_type=3-hästarslopp AND spike_gap_bucket=20–30,3,6,1,16.6667,11,47.2944,36.4846,-2.8011,-10.8098,False,Lopptyp = 3-hästarslopp -> SpikeGap = 20–30 -> Antal value = 1,"[{""variable"":""Lopptyp"",""column"":""race_type"",""value"":""3-hästarslopp""},{""variable"":""SpikeGap"",""column"":""spike_gap_bucket"",""value"":""20–30""},{""variable"":""Antal value"",""column"":""value_count_bucket"",""value"":""1""}]",6,38.2353,0.375
1483,score_gap_bucket=5–10 AND spike_gap_bucket=30–40 AND spike_score_bucket=325–350,spike_gap_bucket=30–40 AND spike_score_bucket=325–350,3,2,0,0.0,9,40.2804,32.9567,-6.329,-7.3237,False,ScoreGap = 5–10 -> SpikeGap = 30–40 -> SpikeScore = 325–350,"[{""variable"":""ScoreGap"",""column"":""score_gap_bucket"",""value"":""5–10""},{""variable"":""SpikeGap"",""column"":""spike_gap_bucket"",""value"":""30–40""},{""variable"":""SpikeScore"",""column"":""spike_score_bucket"",""value"":""325–350""}]",2,38.2309,0.1667
1484,race_type=Topp 5-profil AND score_gap_bucket=0–5 AND value_count_bucket=0,race_type=Topp 5-profil AND value_count_bucket=0,3,4,1,25.0,7,41.6302,35.5829,-3.7029,-6.0473,False,Lopptyp = Topp 5-profil -> ScoreGap = 0–5 -> Antal value = 0,"[{""variable"":""Lopptyp"",""column"":""race_type"",""value"":""Topp 5-profil""},{""variable"":""ScoreGap"",""column"":""score_gap_bucket"",""value"":""0–5""},{""variable"":""Antal value"",""column"":""value_count_bucket"",""value"":""0""}]",4,38.2278,0.2857
1485,spike_gap_bucket=30–40 AND spike_score_bucket=325–350 AND value_count_bucket=1,spike_gap_bucket=30–40 AND spike_score_bucket=325–350,3,4,1,25.0,9,40.2804,35.5787,-3.707,-4.7017,False,SpikeGap = 30–40 -> SpikeScore = 325–350 -> Antal value = 1,"[{""variable"":""SpikeGap"",""column"":""spike_gap_bucket"",""value"":""30–40""},{""variable"":""SpikeScore"",""column"":""spike_score_bucket"",""value"":""325–350""},{""variable"":""Antal value"",""column"":""value_count_bucket"",""value"":""1""}]",4,38.2266,0.2857
1486,red_warning=false AND spread_bucket=60–70,red_warning=false,2,18,6,33.3333,204,41.4541,37.6074,-1.6783,-3.8467,False,Röd varning = Nej -> Spread = 60–70,"[{""variable"":""Röd varning"",""column"":""red_warning"",""value"":false},{""variable"":""Spread"",""column"":""spread_bucket"",""value"":""60–70""}]",18,38.2068,0.6429
1487,spike_gap_bucket=20–30 AND spike_score_bucket=<300 AND spread_bucket=80+,spike_gap_bucket=20–30 AND spread_bucket=80+,3,3,0,0.0,16,41.0815,34.5949,-4.6908,-6.4866,False,SpikeGap = 20–30 -> SpikeScore = <300 -> Spread = 80+,"[{""variable"":""SpikeGap"",""column"":""spike_gap_bucket"",""value"":""20–30""},{""variable"":""SpikeScore"",""column"":""spike_score_bucket"",""value"":""<300""},{""variable"":""Spread"",""column"":""spread_bucket"",""value"":""80+""}]",3,38.2032,0.2308
1488,spike_score_bucket=325–350 AND yellow_warning=true,spike_score_bucket=325–350,2,32,11,34.375,58,43.4066,37.8487,-1.437,-5.5579,False,SpikeScore = 325–350 -> Gul varning = Ja,"[{""variable"":""SpikeScore"",""column"":""spike_score_bucket"",""value"":""325–350""},{""variable"":""Gul varning"",""column"":""yellow_warning"",""value"":true}]",32,38.1908,0.7619
1489,race_type=3-hästarslopp AND spike_gap_bucket=10–20 AND spike_score_bucket=375–400,race_type=3-hästarslopp AND spike_score_bucket=375–400,3,4,0,0.0,24,42.412,35.3433,-3.9424,-7.0687,False,Lopptyp = 3-hästarslopp -> SpikeGap = 10–20 -> SpikeScore = 375–400,"[{""variable"":""Lopptyp"",""column"":""race_type"",""value"":""3-hästarslopp""},{""variable"":""SpikeGap"",""column"":""spike_gap_bucket"",""value"":""10–20""},{""variable"":""SpikeScore"",""column"":""spike_score_bucket"",""value"":""375–400""}]",4,38.1593,0.2857
1490,score_gap_bucket=10–15 AND spike_gap_bucket=0–10 AND value_count_bucket=1,score_gap_bucket=10–15 AND spike_gap_bucket=0–10,3,2,0,0.0,6,43.1101,32.3326,-6.9531,-10.7775,False,ScoreGap = 10–15 -> SpikeGap = 0–10 -> Antal value = 1,"[{""variable"":""ScoreGap"",""column"":""score_gap_bucket"",""value"":""10–15""},{""variable"":""SpikeGap"",""column"":""spike_gap_bucket"",""value"":""0–10""},{""variable"":""Antal value"",""column"":""value_count_bucket"",""value"":""1""}]",2,38.1269,0.1667
1491,spike_score_bucket=350–375 AND spread_bucket=<60 AND value_count_bucket=1,spike_score_bucket=350–375 AND spread_bucket=<60,3,8,2,25.0,28,41.3261,36.6615,-2.6242,-4.6646,False,SpikeScore = 350–375 -> Spread = <60 -> Antal value = 1,"[{""variable"":""SpikeScore"",""column"":""spike_score_bucket"",""value"":""350–375""},{""variable"":""Spread"",""column"":""spread_bucket"",""value"":""<60""},{""variable"":""Antal value"",""column"":""value_count_bucket"",""value"":""1""}]",8,38.1194,0.4444
1492,race_type=Topp 5-profil AND spike_score_bucket=350–375 AND yellow_warning=true,race_type=Topp 5-profil AND spike_score_bucket=350–375,3,4,1,25.0,5,43.3461,35.1923,-4.0934,-8.1538,False,Lopptyp = Topp 5-profil -> SpikeScore = 350–375 -> Gul varning = Ja,"[{""variable"":""Lopptyp"",""column"":""race_type"",""value"":""Topp 5-profil""},{""variable"":""SpikeScore"",""column"":""spike_score_bucket"",""value"":""350–375""},{""variable"":""Gul varning"",""column"":""yellow_warning"",""value"":true}]",4,38.1162,0.2857
1493,race_type=Öppet lopp AND score_gap_bucket=5–10 AND spike_gap_bucket=40+,race_type=Öppet lopp AND spike_gap_bucket=40+,3,9,2,22.2222,64,43.1772,36.6739,-2.6118,-6.5033,False,Lopptyp = Öppet lopp -> ScoreGap = 5–10 -> SpikeGap = 40+,"[{""variable"":""Lopptyp"",""column"":""race_type"",""value"":""Öppet lopp""},{""variable"":""ScoreGap"",""column"":""score_gap_bucket"",""value"":""5–10""},{""variable"":""SpikeGap"",""column"":""spike_gap_bucket"",""value"":""40+""}]",9,38.0485,0.4737
1494,red_warning=true AND spike_gap_bucket=40+ AND value_count_bucket=2,spike_gap_bucket=40+ AND value_count_bucket=2,3,4,0,0.0,14,44.9084,34.9288,-4.357,-9.9796,False,Röd varning = Ja -> SpikeGap = 40+ -> Antal value = 2,"[{""variable"":""Röd varning"",""column"":""red_warning"",""value"":true},{""variable"":""SpikeGap"",""column"":""spike_gap_bucket"",""value"":""40+""},{""variable"":""Antal value"",""column"":""value_count_bucket"",""value"":""2""}]",4,38.0409,0.2857
1495,race_type=Öppet lopp AND score_gap_bucket=20+ AND spread_bucket=80+ AND value_count_bucket=1 AND yellow_warning=true,race_type=Öppet lopp AND score_gap_bucket=20+ AND spread_bucket=80+ AND yellow_warning=true,5,5,1,20.0,7,46.659,35.5511,-3.7346,-11.1079,False,Lopptyp = Öppet lopp -> ScoreGap = 20+ -> Spread = 80+ -> Antal value = 1 -> Gul varning = Ja,"[{""variable"":""Lopptyp"",""column"":""race_type"",""value"":""Öppet lopp""},{""variable"":""ScoreGap"",""column"":""score_gap_bucket"",""value"":""20+""},{""variable"":""Spread"",""column"":""spread_bucket"",""value"":""80+""},{""variable"":""Antal value"",""column"":""value_count_bucket"",""value"":""1""},{""variable"":""Gul varning"",""column"":""yellow_warning"",""value"":true}]",5,38.0408,0.3333
1496,score_gap_bucket=0–5 AND spike_score_bucket=350–375 AND yellow_warning=true,spike_score_bucket=350–375 AND yellow_warning=true,3,5,1,20.0,43,39.423,35.5384,-3.7473,-3.8846,False,ScoreGap = 0–5 -> SpikeScore = 350–375 -> Gul varning = Ja,"[{""variable"":""ScoreGap"",""column"":""score_gap_bucket"",""value"":""0–5""},{""variable"":""SpikeScore"",""column"":""spike_score_bucket"",""value"":""350–375""},{""variable"":""Gul varning"",""column"":""yellow_warning"",""value"":true}]",5,38.0366,0.3333
1497,spike_gap_bucket=0–10 AND spread_bucket=80+ AND yellow_warning=false,spike_gap_bucket=0–10 AND spread_bucket=80+,3,5,0,0.0,16,46.6371,35.533,-3.7527,-11.1041,False,SpikeGap = 0–10 -> Spread = 80+ -> Gul varning = Nej,"[{""variable"":""SpikeGap"",""column"":""spike_gap_bucket"",""value"":""0–10""},{""variable"":""Spread"",""column"":""spread_bucket"",""value"":""80+""},{""variable"":""Gul varning"",""column"":""yellow_warning"",""value"":false}]",5,38.0348,0.3333
1498,red_warning=false AND spike_gap_bucket=10–20 AND spread_bucket=80+,red_warning=false AND spread_bucket=80+,3,10,2,20.0,88,45.1753,36.7835,-2.5022,-8.3918,False,Röd varning = Nej -> SpikeGap = 10–20 -> Spread = 80+,"[{""variable"":""Röd varning"",""column"":""red_warning"",""value"":false},{""variable"":""SpikeGap"",""column"":""spike_gap_bucket"",""value"":""10–20""},{""variable"":""Spread"",""column"":""spread_bucket"",""value"":""80+""}]",10,38.0346,0.5
1499,race_type=3-hästarslopp AND score_gap_bucket=5–10 AND value_count_bucket=1,race_type=3-hästarslopp AND score_gap_bucket=5–10,3,5,1,20.0,8,45.2188,35.5193,-3.7665,-9.6995,False,Lopptyp = 3-hästarslopp -> ScoreGap = 5–10 -> Antal value = 1,"[{""variable"":""Lopptyp"",""column"":""race_type"",""value"":""3-hästarslopp""},{""variable"":""ScoreGap"",""column"":""score_gap_bucket"",""value"":""5–10""},{""variable"":""Antal value"",""column"":""value_count_bucket"",""value"":""1""}]",5,38.0302,0.3333
1500,score_gap_bucket=20+ AND spike_score_bucket=375–400,score_gap_bucket=20+,2,33,11,33.3333,116,44.7479,37.6407,-1.645,-7.1072,False,ScoreGap = 20+ -> SpikeScore = 375–400,"[{""variable"":""ScoreGap"",""column"":""score_gap_bucket"",""value"":""20+""},{""variable"":""SpikeScore"",""column"":""spike_score_bucket"",""value"":""375–400""}]",33,38.0233,0.7674
1501,race_type=Öppet lopp AND red_warning=false AND spike_score_bucket=400+,red_warning=false AND spike_score_bucket=400+,3,11,3,27.2727,16,43.4641,36.8676,-2.4181,-6.5965,False,Lopptyp = Öppet lopp -> Röd varning = Nej -> SpikeScore = 400+,"[{""variable"":""Lopptyp"",""column"":""race_type"",""value"":""Öppet lopp""},{""variable"":""Röd varning"",""column"":""red_warning"",""value"":false},{""variable"":""SpikeScore"",""column"":""spike_score_bucket"",""value"":""400+""}]",11,38.0191,0.5238
1502,race_type=Öppet lopp AND red_warning=true AND spike_score_bucket=350–375,race_type=Öppet lopp AND spike_score_bucket=350–375,3,9,2,22.2222,40,43.0609,36.5937,-2.692,-6.4672,False,Lopptyp = Öppet lopp -> Röd varning = Ja -> SpikeScore = 350–375,"[{""variable"":""Lopptyp"",""column"":""race_type"",""value"":""Öppet lopp""},{""variable"":""Röd varning"",""column"":""red_warning"",""value"":true},{""variable"":""SpikeScore"",""column"":""spike_score_bucket"",""value"":""350–375""}]",9,38.0105,0.4737
1503,score_gap_bucket=0–5 AND spike_gap_bucket=0–10,spike_gap_bucket=0–10,2,13,4,30.7692,43,41.0431,36.9958,-2.2899,-4.0473,False,ScoreGap = 0–5 -> SpikeGap = 0–10,"[{""variable"":""ScoreGap"",""column"":""score_gap_bucket"",""value"":""0–5""},{""variable"":""SpikeGap"",""column"":""spike_gap_bucket"",""value"":""0–10""}]",13,37.9914,0.5652
1504,spike_score_bucket=375–400 AND spread_bucket=80+ AND value_count_bucket=1,spread_bucket=80+ AND value_count_bucket=1,3,10,3,30.0,32,39.9795,36.653,-2.6327,-3.3265,False,SpikeScore = 375–400 -> Spread = 80+ -> Antal value = 1,"[{""variable"":""SpikeScore"",""column"":""spike_score_bucket"",""value"":""375–400""},{""variable"":""Spread"",""column"":""spread_bucket"",""value"":""80+""},{""variable"":""Antal value"",""column"":""value_count_bucket"",""value"":""1""}]",10,37.9694,0.5
1505,spike_score_bucket=400+ AND yellow_warning=false,spike_score_bucket=400+,2,9,2,22.2222,19,43.2234,36.473,-2.8127,-6.7504,False,SpikeScore = 400+ -> Gul varning = Nej,"[{""variable"":""SpikeScore"",""column"":""spike_score_bucket"",""value"":""400+""},{""variable"":""Gul varning"",""column"":""yellow_warning"",""value"":false}]",9,37.9534,0.4737
1506,spike_gap_bucket=10–20 AND spread_bucket=80+,spread_bucket=80+,2,12,3,25.0,98,43.9467,36.8417,-2.444,-7.105,False,SpikeGap = 10–20 -> Spread = 80+,"[{""variable"":""SpikeGap"",""column"":""spike_gap_bucket"",""value"":""10–20""},{""variable"":""Spread"",""column"":""spread_bucket"",""value"":""80+""}]",12,37.9526,0.5455
1507,score_gap_bucket=20+ AND spike_score_bucket=300–325 AND spread_bucket=60–70,score_gap_bucket=20+ AND spike_score_bucket=300–325,3,2,0,0.0,5,43.7983,31.2845,-8.0012,-12.5138,False,ScoreGap = 20+ -> SpikeScore = 300–325 -> Spread = 60–70,"[{""variable"":""ScoreGap"",""column"":""score_gap_bucket"",""value"":""20+""},{""variable"":""SpikeScore"",""column"":""spike_score_bucket"",""value"":""300–325""},{""variable"":""Spread"",""column"":""spread_bucket"",""value"":""60–70""}]",2,37.9522,0.1667
1508,spike_gap_bucket=10–20 AND spike_score_bucket=350–375 AND spread_bucket=60–70,spike_score_bucket=350–375 AND spread_bucket=60–70,3,2,0,0.0,7,40.1353,31.2163,-8.0694,-8.919,False,SpikeGap = 10–20 -> SpikeScore = 350–375 -> Spread = 60–70,"[{""variable"":""SpikeGap"",""column"":""spike_gap_bucket"",""value"":""10–20""},{""variable"":""SpikeScore"",""column"":""spike_score_bucket"",""value"":""350–375""},{""variable"":""Spread"",""column"":""spread_bucket"",""value"":""60–70""}]",2,37.9408,0.1667
1509,spike_gap_bucket=20–30 AND spike_score_bucket=350–375 AND value_count_bucket=1,spike_gap_bucket=20–30 AND spike_score_bucket=350–375,3,5,1,20.0,10,42.7884,35.1923,-4.0934,-7.5961,False,SpikeGap = 20–30 -> SpikeScore = 350–375 -> Antal value = 1,"[{""variable"":""SpikeGap"",""column"":""spike_gap_bucket"",""value"":""20–30""},{""variable"":""SpikeScore"",""column"":""spike_score_bucket"",""value"":""350–375""},{""variable"":""Antal value"",""column"":""value_count_bucket"",""value"":""1""}]",5,37.9212,0.3333
1510,score_gap_bucket=5–10 AND spike_gap_bucket=10–20 AND spread_bucket=80+,score_gap_bucket=5–10 AND spread_bucket=80+,3,2,0,0.0,7,39.9605,31.0804,-8.2053,-8.8801,False,ScoreGap = 5–10 -> SpikeGap = 10–20 -> Spread = 80+,"[{""variable"":""ScoreGap"",""column"":""score_gap_bucket"",""value"":""5–10""},{""variable"":""SpikeGap"",""column"":""spike_gap_bucket"",""value"":""10–20""},{""variable"":""Spread"",""column"":""spread_bucket"",""value"":""80+""}]",2,37.9182,0.1667
1511,spike_gap_bucket=40+ AND spike_score_bucket=375–400 AND spread_bucket=80+ AND value_count_bucket=1,spike_gap_bucket=40+ AND spread_bucket=80+ AND value_count_bucket=1,4,4,0,0.0,11,47.0321,34.4902,-4.7955,-12.5419,False,SpikeGap = 40+ -> SpikeScore = 375–400 -> Spread = 80+ -> Antal value = 1,"[{""variable"":""SpikeGap"",""column"":""spike_gap_bucket"",""value"":""40+""},{""variable"":""SpikeScore"",""column"":""spike_score_bucket"",""value"":""375–400""},{""variable"":""Spread"",""column"":""spread_bucket"",""value"":""80+""},{""variable"":""Antal value"",""column"":""value_count_bucket"",""value"":""1""}]",4,37.9156,0.2857
1512,race_type=Öppet lopp AND spike_score_bucket=375–400 AND value_count_bucket=3+,race_type=Öppet lopp AND value_count_bucket=3+,3,2,0,0.0,6,41.3306,30.9979,-8.2878,-10.3327,False,Lopptyp = Öppet lopp -> SpikeScore = 375–400 -> Antal value = 3+,"[{""variable"":""Lopptyp"",""column"":""race_type"",""value"":""Öppet lopp""},{""variable"":""SpikeScore"",""column"":""spike_score_bucket"",""value"":""375–400""},{""variable"":""Antal value"",""column"":""value_count_bucket"",""value"":""3+""}]",2,37.9044,0.1667
1513,spike_score_bucket=<300 AND value_count_bucket=0,value_count_bucket=0,2,6,1,16.6667,118,41.2008,35.5391,-3.7466,-5.6617,False,SpikeScore = <300 -> Antal value = 0,"[{""variable"":""SpikeScore"",""column"":""spike_score_bucket"",""value"":""<300""},{""variable"":""Antal value"",""column"":""value_count_bucket"",""value"":""0""}]",6,37.8807,0.375
1514,score_gap_bucket=10–15 AND spike_gap_bucket=10–20 AND spike_score_bucket=325–350,score_gap_bucket=10–15 AND spike_score_bucket=325–350,3,2,0,0.0,7,39.5604,30.7692,-8.5165,-8.7912,False,ScoreGap = 10–15 -> SpikeGap = 10–20 -> SpikeScore = 325–350,"[{""variable"":""ScoreGap"",""column"":""score_gap_bucket"",""value"":""10–15""},{""variable"":""SpikeGap"",""column"":""spike_gap_bucket"",""value"":""10–20""},{""variable"":""SpikeScore"",""column"":""spike_score_bucket"",""value"":""325–350""}]",2,37.8663,0.1667
1515,score_gap_bucket=20+ AND spike_score_bucket=375–400 AND yellow_warning=true,score_gap_bucket=20+ AND yellow_warning=true,3,18,5,27.7778,57,45.3891,37.0469,-2.2388,-8.3422,False,ScoreGap = 20+ -> SpikeScore = 375–400 -> Gul varning = Ja,"[{""variable"":""ScoreGap"",""column"":""score_gap_bucket"",""value"":""20+""},{""variable"":""SpikeScore"",""column"":""spike_score_bucket"",""value"":""375–400""},{""variable"":""Gul varning"",""column"":""yellow_warning"",""value"":true}]",18,37.8465,0.6429
1516,red_warning=false AND spike_gap_bucket=0–10 AND spike_score_bucket=300–325,red_warning=false AND spike_gap_bucket=0–10,3,5,0,0.0,31,43.7075,34.966,-4.3197,-8.7415,False,Röd varning = Nej -> SpikeGap = 0–10 -> SpikeScore = 300–325,"[{""variable"":""Röd varning"",""column"":""red_warning"",""value"":false},{""variable"":""SpikeGap"",""column"":""spike_gap_bucket"",""value"":""0–10""},{""variable"":""SpikeScore"",""column"":""spike_score_bucket"",""value"":""300–325""}]",5,37.8458,0.3333
1517,spike_gap_bucket=0–10 AND spread_bucket=60–70,spike_gap_bucket=0–10,2,6,1,16.6667,43,41.0431,35.4178,-3.8679,-5.6253,False,SpikeGap = 0–10 -> Spread = 60–70,"[{""variable"":""SpikeGap"",""column"":""spike_gap_bucket"",""value"":""0–10""},{""variable"":""Spread"",""column"":""spread_bucket"",""value"":""60–70""}]",6,37.8352,0.375
1518,red_warning=false AND spike_score_bucket=300–325,red_warning=false,2,16,5,31.25,204,41.4541,36.9189,-2.3668,-4.5352,False,Röd varning = Nej -> SpikeScore = 300–325,"[{""variable"":""Röd varning"",""column"":""red_warning"",""value"":false},{""variable"":""SpikeScore"",""column"":""spike_score_bucket"",""value"":""300–325""}]",16,37.8292,0.6154
1519,red_warning=false AND spike_score_bucket=325–350 AND spread_bucket=<60 AND yellow_warning=true,red_warning=false AND spike_score_bucket=325–350 AND spread_bucket=<60,4,6,0,0.0,18,47.0979,35.3234,-3.9623,-11.7745,False,Röd varning = Nej -> SpikeScore = 325–350 -> Spread = <60 -> Gul varning = Ja,"[{""variable"":""Röd varning"",""column"":""red_warning"",""value"":false},{""variable"":""SpikeScore"",""column"":""spike_score_bucket"",""value"":""325–350""},{""variable"":""Spread"",""column"":""spread_bucket"",""value"":""<60""},{""variable"":""Gul varning"",""column"":""yellow_warning"",""value"":true}]",6,37.7998,0.375
1520,race_type=Öppet lopp AND spike_gap_bucket=0–10 AND spike_score_bucket=300–325,race_type=Öppet lopp AND spike_gap_bucket=0–10,3,4,0,0.0,27,40.8694,34.0578,-5.2279,-6.8116,False,Lopptyp = Öppet lopp -> SpikeGap = 0–10 -> SpikeScore = 300–325,"[{""variable"":""Lopptyp"",""column"":""race_type"",""value"":""Öppet lopp""},{""variable"":""SpikeGap"",""column"":""spike_gap_bucket"",""value"":""0–10""},{""variable"":""SpikeScore"",""column"":""spike_score_bucket"",""value"":""300–325""}]",4,37.792,0.2857
1521,race_type=Öppet lopp AND red_warning=false AND spike_score_bucket=325–350 AND value_count_bucket=1,red_warning=false AND spike_score_bucket=325–350 AND value_count_bucket=1,4,9,2,22.2222,12,46.5538,36.126,-3.1597,-10.4278,False,Lopptyp = Öppet lopp -> Röd varning = Nej -> SpikeScore = 325–350 -> Antal value = 1,"[{""variable"":""Lopptyp"",""column"":""race_type"",""value"":""Öppet lopp""},{""variable"":""Röd varning"",""column"":""red_warning"",""value"":false},{""variable"":""SpikeScore"",""column"":""spike_score_bucket"",""value"":""325–350""},{""variable"":""Antal value"",""column"":""value_count_bucket"",""value"":""1""}]",9,37.789,0.4737
1522,spike_gap_bucket=20–30 AND spike_score_bucket=325–350,spike_score_bucket=325–350,2,5,0,0.0,58,43.4066,34.7253,-4.5604,-8.6813,False,SpikeGap = 20–30 -> SpikeScore = 325–350,"[{""variable"":""SpikeGap"",""column"":""spike_gap_bucket"",""value"":""20–30""},{""variable"":""SpikeScore"",""column"":""spike_score_bucket"",""value"":""325–350""}]",5,37.7656,0.3333
1523,red_warning=false AND score_gap_bucket=20+ AND spike_score_bucket=375–400 AND spread_bucket=80+ AND yellow_warning=true,red_warning=false AND spike_score_bucket=375–400 AND spread_bucket=80+ AND yellow_warning=true,5,13,4,30.7692,15,41.6119,36.5778,-2.7079,-5.0341,False,Röd varning = Nej -> ScoreGap = 20+ -> SpikeScore = 375–400 -> Spread = 80+ -> Gul varning = Ja,"[{""variable"":""Röd varning"",""column"":""red_warning"",""value"":false},{""variable"":""ScoreGap"",""column"":""score_gap_bucket"",""value"":""20+""},{""variable"":""SpikeScore"",""column"":""spike_score_bucket"",""value"":""375–400""},{""variable"":""Spread"",""column"":""spread_bucket"",""value"":""80+""},{""variable"":""Gul varning"",""column"":""yellow_warning"",""value"":true}]",13,37.7552,0.5652
1524,spike_score_bucket=300–325 AND value_count_bucket=0,value_count_bucket=0,2,11,3,27.2727,118,41.2008,36.2586,-3.0271,-4.9422,False,SpikeScore = 300–325 -> Antal value = 0,"[{""variable"":""SpikeScore"",""column"":""spike_score_bucket"",""value"":""300–325""},{""variable"":""Antal value"",""column"":""value_count_bucket"",""value"":""0""}]",11,37.7001,0.5238
1525,value_in_race=true,,1,134,50,37.3134,252,39.2857,37.5696,-1.7161,-1.7161,False,Value = Ja,"[{""variable"":""Value"",""column"":""value_in_race"",""value"":true}]",134,37.6888,0.9306
1526,race_type=Öppet lopp AND spread_bucket=80+ AND yellow_warning=false,spread_bucket=80+ AND yellow_warning=false,3,25,8,32.0,49,43.173,36.9658,-2.3199,-6.2072,False,Lopptyp = Öppet lopp -> Spread = 80+ -> Gul varning = Nej,"[{""variable"":""Lopptyp"",""column"":""race_type"",""value"":""Öppet lopp""},{""variable"":""Spread"",""column"":""spread_bucket"",""value"":""80+""},{""variable"":""Gul varning"",""column"":""yellow_warning"",""value"":false}]",25,37.6286,0.7143
1527,score_gap_bucket=20+ AND spike_score_bucket=375–400 AND value_count_bucket=1,score_gap_bucket=20+ AND value_count_bucket=1,3,11,3,27.2727,36,40.9814,36.117,-3.1687,-4.8644,False,ScoreGap = 20+ -> SpikeScore = 375–400 -> Antal value = 1,"[{""variable"":""ScoreGap"",""column"":""score_gap_bucket"",""value"":""20+""},{""variable"":""SpikeScore"",""column"":""spike_score_bucket"",""value"":""375–400""},{""variable"":""Antal value"",""column"":""value_count_bucket"",""value"":""1""}]",11,37.6259,0.5238
1528,red_warning=false AND spread_bucket=60–70 AND yellow_warning=true,red_warning=false AND yellow_warning=true,3,9,2,22.2222,86,41.7838,35.713,-3.5727,-6.0708,False,Röd varning = Nej -> Spread = 60–70 -> Gul varning = Ja,"[{""variable"":""Röd varning"",""column"":""red_warning"",""value"":false},{""variable"":""Spread"",""column"":""spread_bucket"",""value"":""60–70""},{""variable"":""Gul varning"",""column"":""yellow_warning"",""value"":true}]",9,37.5934,0.4737
1529,red_warning=true AND spike_score_bucket=350–375 AND value_count_bucket=2,spike_score_bucket=350–375 AND value_count_bucket=2,3,5,1,20.0,12,40.1141,34.1982,-5.0875,-5.9159,False,Röd varning = Ja -> SpikeScore = 350–375 -> Antal value = 2,"[{""variable"":""Röd varning"",""column"":""red_warning"",""value"":true},{""variable"":""SpikeScore"",""column"":""spike_score_bucket"",""value"":""350–375""},{""variable"":""Antal value"",""column"":""value_count_bucket"",""value"":""2""}]",5,37.5899,0.3333
1530,race_type=Öppet lopp AND spike_gap_bucket=30–40 AND spike_score_bucket=325–350,spike_gap_bucket=30–40 AND spike_score_bucket=325–350,3,7,2,28.5714,9,40.2804,35.1577,-4.128,-5.1227,False,Lopptyp = Öppet lopp -> SpikeGap = 30–40 -> SpikeScore = 325–350,"[{""variable"":""Lopptyp"",""column"":""race_type"",""value"":""Öppet lopp""},{""variable"":""SpikeGap"",""column"":""spike_gap_bucket"",""value"":""30–40""},{""variable"":""SpikeScore"",""column"":""spike_score_bucket"",""value"":""325–350""}]",7,37.5859,0.4118
1531,score_gap_bucket=5–10 AND spike_score_bucket=325–350 AND spread_bucket=<60,spike_score_bucket=325–350 AND spread_bucket=<60,3,6,1,16.6667,29,40.166,34.7431,-4.5426,-5.4229,False,ScoreGap = 5–10 -> SpikeScore = 325–350 -> Spread = <60,"[{""variable"":""ScoreGap"",""column"":""score_gap_bucket"",""value"":""5–10""},{""variable"":""SpikeScore"",""column"":""spike_score_bucket"",""value"":""325–350""},{""variable"":""Spread"",""column"":""spread_bucket"",""value"":""<60""}]",6,37.5822,0.375
1532,red_warning=false AND spike_gap_bucket=10–20 AND yellow_warning=true,red_warning=false AND yellow_warning=true,3,14,4,28.5714,86,41.7838,36.3434,-2.9423,-5.4404,False,Röd varning = Nej -> SpikeGap = 10–20 -> Gul varning = Ja,"[{""variable"":""Röd varning"",""column"":""red_warning"",""value"":false},{""variable"":""SpikeGap"",""column"":""spike_gap_bucket"",""value"":""10–20""},{""variable"":""Gul varning"",""column"":""yellow_warning"",""value"":true}]",14,37.5694,0.5833
1533,red_warning=false AND score_gap_bucket=0–5,red_warning=false,2,19,6,31.5789,204,41.4541,36.6431,-2.6426,-4.811,False,Röd varning = Nej -> ScoreGap = 0–5,"[{""variable"":""Röd varning"",""column"":""red_warning"",""value"":false},{""variable"":""ScoreGap"",""column"":""score_gap_bucket"",""value"":""0–5""}]",19,37.5543,0.6552
1534,spike_gap_bucket=30–40 AND spread_bucket=<60 AND value_count_bucket=0,spread_bucket=<60 AND value_count_bucket=0,3,6,1,16.6667,43,40.0637,34.6644,-4.6213,-5.3993,False,SpikeGap = 30–40 -> Spread = <60 -> Antal value = 0,"[{""variable"":""SpikeGap"",""column"":""spike_gap_bucket"",""value"":""30–40""},{""variable"":""Spread"",""column"":""spread_bucket"",""value"":""<60""},{""variable"":""Antal value"",""column"":""value_count_bucket"",""value"":""0""}]",6,37.5527,0.375
1535,race_type=3-hästarslopp AND red_warning=false AND spike_gap_bucket=10–20 AND spike_score_bucket=375–400 AND spread_bucket=80+,race_type=3-hästarslopp AND red_warning=false AND spike_gap_bucket=10–20 AND spread_bucket=80+,5,3,0,0.0,6,47.6166,31.7444,-7.5413,-15.8722,False,Lopptyp = 3-hästarslopp -> Röd varning = Nej -> SpikeGap = 10–20 -> SpikeScore = 375–400 -> Spread = 80+,"[{""variable"":""Lopptyp"",""column"":""race_type"",""value"":""3-hästarslopp""},{""variable"":""Röd varning"",""column"":""red_warning"",""value"":false},{""variable"":""SpikeGap"",""column"":""spike_gap_bucket"",""value"":""10–20""},{""variable"":""SpikeScore"",""column"":""spike_score_bucket"",""value"":""375–400""},{""variable"":""Spread"",""column"":""spread_bucket"",""value"":""80+""}]",3,37.5454,0.2308
1536,spike_gap_bucket=0–10 AND spike_score_bucket=375–400 AND yellow_warning=false,spike_gap_bucket=0–10 AND spike_score_bucket=375–400,3,3,0,0.0,7,45.2171,31.652,-7.6337,-13.5651,False,SpikeGap = 0–10 -> SpikeScore = 375–400 -> Gul varning = Nej,"[{""variable"":""SpikeGap"",""column"":""spike_gap_bucket"",""value"":""0–10""},{""variable"":""SpikeScore"",""column"":""spike_score_bucket"",""value"":""375–400""},{""variable"":""Gul varning"",""column"":""yellow_warning"",""value"":false}]",3,37.5241,0.2308
1537,spike_gap_bucket=10–20 AND spike_score_bucket=375–400 AND spread_bucket=70–80,spike_gap_bucket=10–20 AND spread_bucket=70–80,3,3,0,0.0,7,44.7136,31.2995,-7.9862,-13.4141,False,SpikeGap = 10–20 -> SpikeScore = 375–400 -> Spread = 70–80,"[{""variable"":""SpikeGap"",""column"":""spike_gap_bucket"",""value"":""10–20""},{""variable"":""SpikeScore"",""column"":""spike_score_bucket"",""value"":""375–400""},{""variable"":""Spread"",""column"":""spread_bucket"",""value"":""70–80""}]",3,37.4427,0.2308
1538,spike_gap_bucket=10–20 AND spread_bucket=70–80 AND yellow_warning=false,spike_gap_bucket=10–20 AND spread_bucket=70–80,3,3,0,0.0,7,44.7136,31.2995,-7.9862,-13.4141,False,SpikeGap = 10–20 -> Spread = 70–80 -> Gul varning = Nej,"[{""variable"":""SpikeGap"",""column"":""spike_gap_bucket"",""value"":""10–20""},{""variable"":""Spread"",""column"":""spread_bucket"",""value"":""70–80""},{""variable"":""Gul varning"",""column"":""yellow_warning"",""value"":false}]",3,37.4427,0.2308
1539,score_gap_bucket=10–15 AND spike_score_bucket=375–400 AND value_count_bucket=0,score_gap_bucket=10–15 AND value_count_bucket=0,3,6,1,16.6667,14,41.8828,34.318,-4.9678,-7.5648,False,ScoreGap = 10–15 -> SpikeScore = 375–400 -> Antal value = 0,"[{""variable"":""ScoreGap"",""column"":""score_gap_bucket"",""value"":""10–15""},{""variable"":""SpikeScore"",""column"":""spike_score_bucket"",""value"":""375–400""},{""variable"":""Antal value"",""column"":""value_count_bucket"",""value"":""0""}]",6,37.4228,0.375
1540,race_type=Öppet lopp AND spike_gap_bucket=40+ AND yellow_warning=true,race_type=Öppet lopp AND spike_gap_bucket=40+,3,28,9,32.1429,64,43.1772,36.7405,-2.5452,-6.4367,False,Lopptyp = Öppet lopp -> SpikeGap = 40+ -> Gul varning = Ja,"[{""variable"":""Lopptyp"",""column"":""race_type"",""value"":""Öppet lopp""},{""variable"":""SpikeGap"",""column"":""spike_gap_bucket"",""value"":""40+""},{""variable"":""Gul varning"",""column"":""yellow_warning"",""value"":true}]",28,37.4103,0.7368
1541,race_type=Öppet lopp AND spike_score_bucket=325–350 AND value_count_bucket=2,spike_score_bucket=325–350 AND value_count_bucket=2,3,5,1,20.0,7,43.2641,33.5707,-5.715,-9.6934,False,Lopptyp = Öppet lopp -> SpikeScore = 325–350 -> Antal value = 2,"[{""variable"":""Lopptyp"",""column"":""race_type"",""value"":""Öppet lopp""},{""variable"":""SpikeScore"",""column"":""spike_score_bucket"",""value"":""325–350""},{""variable"":""Antal value"",""column"":""value_count_bucket"",""value"":""2""}]",5,37.3807,0.3333
1542,race_type=Öppet lopp AND score_gap_bucket=20+ AND spike_gap_bucket=0–10,score_gap_bucket=20+ AND spike_gap_bucket=0–10,3,6,1,16.6667,13,42.2715,34.1858,-5.1,-8.0857,False,Lopptyp = Öppet lopp -> ScoreGap = 20+ -> SpikeGap = 0–10,"[{""variable"":""Lopptyp"",""column"":""race_type"",""value"":""Öppet lopp""},{""variable"":""ScoreGap"",""column"":""score_gap_bucket"",""value"":""20+""},{""variable"":""SpikeGap"",""column"":""spike_gap_bucket"",""value"":""0–10""}]",6,37.3732,0.375
1543,red_warning=true AND spike_score_bucket=325–350 AND spread_bucket=<60,spike_score_bucket=325–350 AND spread_bucket=<60,3,11,3,27.2727,29,40.166,35.591,-3.6947,-4.575,False,Röd varning = Ja -> SpikeScore = 325–350 -> Spread = <60,"[{""variable"":""Röd varning"",""column"":""red_warning"",""value"":true},{""variable"":""SpikeScore"",""column"":""spike_score_bucket"",""value"":""325–350""},{""variable"":""Spread"",""column"":""spread_bucket"",""value"":""<60""}]",11,37.3504,0.5238
1544,value_count_bucket=2,,1,34,12,35.2941,252,39.2857,36.7725,-2.5132,-2.5132,False,Antal value = 2,"[{""variable"":""Antal value"",""column"":""value_count_bucket"",""value"":""2""}]",34,37.3437,0.7727
1545,spike_score_bucket=325–350 AND value_count_bucket=1,spike_score_bucket=325–350,2,23,7,30.4348,58,43.4066,36.4682,-2.8175,-6.9384,False,SpikeScore = 325–350 -> Antal value = 1,"[{""variable"":""SpikeScore"",""column"":""spike_score_bucket"",""value"":""325–350""},{""variable"":""Antal value"",""column"":""value_count_bucket"",""value"":""1""}]",23,37.322,0.697
1546,score_gap_bucket=5–10 AND spread_bucket=<60 AND value_count_bucket=0,spread_bucket=<60 AND value_count_bucket=0,3,11,3,27.2727,43,40.0637,35.525,-3.7607,-4.5387,False,ScoreGap = 5–10 -> Spread = <60 -> Antal value = 0,"[{""variable"":""ScoreGap"",""column"":""score_gap_bucket"",""value"":""5–10""},{""variable"":""Spread"",""column"":""spread_bucket"",""value"":""<60""},{""variable"":""Antal value"",""column"":""value_count_bucket"",""value"":""0""}]",11,37.3158,0.5238
1547,race_type=Öppet lopp AND score_gap_bucket=20+ AND spike_gap_bucket=40+ AND spike_score_bucket=375–400 AND value_count_bucket=1,race_type=Öppet lopp AND score_gap_bucket=20+ AND spike_gap_bucket=40+ AND spike_score_bucket=375–400,5,3,0,0.0,7,43.4165,30.3916,-8.8942,-13.0249,False,Lopptyp = Öppet lopp -> ScoreGap = 20+ -> SpikeGap = 40+ -> SpikeScore = 375–400 -> Antal value = 1,"[{""variable"":""Lopptyp"",""column"":""race_type"",""value"":""Öppet lopp""},{""variable"":""ScoreGap"",""column"":""score_gap_bucket"",""value"":""20+""},{""variable"":""SpikeGap"",""column"":""spike_gap_bucket"",""value"":""40+""},{""variable"":""SpikeScore"",""column"":""spike_score_bucket"",""value"":""375–400""},{""variable"":""Antal value"",""column"":""value_count_bucket"",""value"":""1""}]",3,37.2332,0.2308
1548,spike_score_bucket=<300 AND spread_bucket=80+,spread_bucket=80+,2,6,0,0.0,98,43.9467,33.8052,-5.4806,-10.1415,False,SpikeScore = <300 -> Spread = 80+,"[{""variable"":""SpikeScore"",""column"":""spike_score_bucket"",""value"":""<300""},{""variable"":""Spread"",""column"":""spread_bucket"",""value"":""80+""}]",6,37.2305,0.375
1549,race_type=Öppet lopp AND red_warning=false,red_warning=false,2,124,45,36.2903,204,41.4541,37.0075,-2.2782,-4.4466,False,Lopptyp = Öppet lopp -> Röd varning = Nej,"[{""variable"":""Lopptyp"",""column"":""race_type"",""value"":""Öppet lopp""},{""variable"":""Röd varning"",""column"":""red_warning"",""value"":false}]",124,37.1775,0.9254
1550,score_gap_bucket=10–15,,1,29,10,34.4828,252,39.2857,36.4431,-2.8426,-2.8426,False,ScoreGap = 10–15,"[{""variable"":""ScoreGap"",""column"":""score_gap_bucket"",""value"":""10–15""}]",29,37.172,0.7436
1551,race_type=Öppet lopp AND red_warning=false AND spike_score_bucket=325–350 AND yellow_warning=true,red_warning=false AND spike_score_bucket=325–350 AND yellow_warning=true,4,11,2,18.1818,16,46.9367,35.2217,-4.064,-11.715,False,Lopptyp = Öppet lopp -> Röd varning = Nej -> SpikeScore = 325–350 -> Gul varning = Ja,"[{""variable"":""Lopptyp"",""column"":""race_type"",""value"":""Öppet lopp""},{""variable"":""Röd varning"",""column"":""red_warning"",""value"":false},{""variable"":""SpikeScore"",""column"":""spike_score_bucket"",""value"":""325–350""},{""variable"":""Gul varning"",""column"":""yellow_warning"",""value"":true}]",11,37.1569,0.5238
1552,race_type=Topp 5-profil AND spike_gap_bucket=0–10,spike_gap_bucket=0–10,2,7,1,14.2857,43,41.0431,34.106,-5.1797,-6.9371,False,Lopptyp = Topp 5-profil -> SpikeGap = 0–10,"[{""variable"":""Lopptyp"",""column"":""race_type"",""value"":""Topp 5-profil""},{""variable"":""SpikeGap"",""column"":""spike_gap_bucket"",""value"":""0–10""}]",7,37.1529,0.4118
1553,red_warning=false AND spike_score_bucket=<300,red_warning=false,2,12,3,25.0,204,41.4541,35.2838,-4.0019,-6.1703,False,Röd varning = Nej -> SpikeScore = <300,"[{""variable"":""Röd varning"",""column"":""red_warning"",""value"":false},{""variable"":""SpikeScore"",""column"":""spike_score_bucket"",""value"":""<300""}]",12,37.1029,0.5455
1554,race_type=Öppet lopp AND score_gap_bucket=20+ AND spike_score_bucket=375–400,race_type=Öppet lopp AND score_gap_bucket=20+,3,17,5,29.4118,58,40.961,35.6546,-3.6311,-5.3064,False,Lopptyp = Öppet lopp -> ScoreGap = 20+ -> SpikeScore = 375–400,"[{""variable"":""Lopptyp"",""column"":""race_type"",""value"":""Öppet lopp""},{""variable"":""ScoreGap"",""column"":""score_gap_bucket"",""value"":""20+""},{""variable"":""SpikeScore"",""column"":""spike_score_bucket"",""value"":""375–400""}]",17,36.9995,0.6296
1555,spread_bucket=60–70,,1,24,8,33.3333,252,39.2857,36.039,-3.2468,-3.2468,False,Spread = 60–70,"[{""variable"":""Spread"",""column"":""spread_bucket"",""value"":""60–70""}]",24,36.9939,0.7059
1556,spike_gap_bucket=10–20 AND spike_score_bucket=350–375 AND yellow_warning=true,spike_gap_bucket=10–20 AND spike_score_bucket=350–375,3,8,2,25.0,12,40.1141,34.0685,-5.2173,-6.0456,False,SpikeGap = 10–20 -> SpikeScore = 350–375 -> Gul varning = Ja,"[{""variable"":""SpikeGap"",""column"":""spike_gap_bucket"",""value"":""10–20""},{""variable"":""SpikeScore"",""column"":""spike_score_bucket"",""value"":""350–375""},{""variable"":""Gul varning"",""column"":""yellow_warning"",""value"":true}]",8,36.967,0.4444
1557,red_warning=false AND score_gap_bucket=10–15 AND yellow_warning=true,red_warning=false AND yellow_warning=true,3,15,4,26.6667,86,41.7838,35.305,-3.9807,-6.4788,False,Röd varning = Nej -> ScoreGap = 10–15 -> Gul varning = Ja,"[{""variable"":""Röd varning"",""column"":""red_warning"",""value"":false},{""variable"":""ScoreGap"",""column"":""score_gap_bucket"",""value"":""10–15""},{""variable"":""Gul varning"",""column"":""yellow_warning"",""value"":true}]",15,36.8973,0.6
1558,race_type=Öppet lopp AND spike_gap_bucket=40+ AND value_count_bucket=3+,spike_gap_bucket=40+ AND value_count_bucket=3+,3,3,0,0.0,6,43.3417,28.8945,-10.3912,-14.4472,False,Lopptyp = Öppet lopp -> SpikeGap = 40+ -> Antal value = 3+,"[{""variable"":""Lopptyp"",""column"":""race_type"",""value"":""Öppet lopp""},{""variable"":""SpikeGap"",""column"":""spike_gap_bucket"",""value"":""40+""},{""variable"":""Antal value"",""column"":""value_count_bucket"",""value"":""3+""}]",3,36.8877,0.2308
1559,spike_gap_bucket=10–20 AND spike_score_bucket=325–350 AND spread_bucket=<60,spike_score_bucket=325–350 AND spread_bucket=<60,3,7,1,14.2857,29,40.166,33.4563,-5.8294,-6.7097,False,SpikeGap = 10–20 -> SpikeScore = 325–350 -> Spread = <60,"[{""variable"":""SpikeGap"",""column"":""spike_gap_bucket"",""value"":""10–20""},{""variable"":""SpikeScore"",""column"":""spike_score_bucket"",""value"":""325–350""},{""variable"":""Spread"",""column"":""spread_bucket"",""value"":""<60""}]",7,36.8854,0.4118
1560,spike_score_bucket=300–325 AND spread_bucket=<60 AND value_count_bucket=0,spread_bucket=<60 AND value_count_bucket=0,3,7,1,14.2857,43,40.0637,33.3805,-5.9052,-6.6832,False,SpikeScore = 300–325 -> Spread = <60 -> Antal value = 0,"[{""variable"":""SpikeScore"",""column"":""spike_score_bucket"",""value"":""300–325""},{""variable"":""Spread"",""column"":""spread_bucket"",""value"":""<60""},{""variable"":""Antal value"",""column"":""value_count_bucket"",""value"":""0""}]",7,36.8542,0.4118
1561,score_gap_bucket=20+ AND spike_gap_bucket=40+ AND spike_score_bucket=375–400 AND value_count_bucket=1 AND yellow_warning=true,score_gap_bucket=20+ AND spike_gap_bucket=40+ AND spike_score_bucket=375–400 AND yellow_warning=true,5,6,1,16.6667,10,42.4082,32.7551,-6.5306,-9.6531,False,ScoreGap = 20+ -> SpikeGap = 40+ -> SpikeScore = 375–400 -> Antal value = 1 -> Gul varning = Ja,"[{""variable"":""ScoreGap"",""column"":""score_gap_bucket"",""value"":""20+""},{""variable"":""SpikeGap"",""column"":""spike_gap_bucket"",""value"":""40+""},{""variable"":""SpikeScore"",""column"":""spike_score_bucket"",""value"":""375–400""},{""variable"":""Antal value"",""column"":""value_count_bucket"",""value"":""1""},{""variable"":""Gul varning"",""column"":""yellow_warning"",""value"":true}]",6,36.8367,0.375
1562,race_type=Topp 5-profil,,1,19,6,31.5789,252,39.2857,35.5311,-3.7546,-3.7546,False,Lopptyp = Topp 5-profil,"[{""variable"":""Lopptyp"",""column"":""race_type"",""value"":""Topp 5-profil""}]",19,36.8258,0.6552
1563,spike_score_bucket=300–325,,1,19,6,31.5789,252,39.2857,35.5311,-3.7546,-3.7546,False,SpikeScore = 300–325,"[{""variable"":""SpikeScore"",""column"":""spike_score_bucket"",""value"":""300–325""}]",19,36.8258,0.6552
1564,red_warning=true AND spike_score_bucket=325–350,spike_score_bucket=325–350,2,16,4,25.0,58,43.4066,35.2259,-4.0598,-8.1807,False,Röd varning = Ja -> SpikeScore = 325–350,"[{""variable"":""Röd varning"",""column"":""red_warning"",""value"":true},{""variable"":""SpikeScore"",""column"":""spike_score_bucket"",""value"":""325–350""}]",16,36.7874,0.6154
1565,red_warning=false AND score_gap_bucket=5–10,red_warning=false,2,15,4,26.6667,204,41.4541,35.1166,-4.1691,-6.3375,False,Röd varning = Nej -> ScoreGap = 5–10,"[{""variable"":""Röd varning"",""column"":""red_warning"",""value"":false},{""variable"":""ScoreGap"",""column"":""score_gap_bucket"",""value"":""5–10""}]",15,36.7842,0.6
1566,spike_score_bucket=350–375 AND spread_bucket=60–70 AND yellow_warning=true,spike_score_bucket=350–375 AND spread_bucket=60–70,3,5,1,20.0,7,40.1353,31.7456,-7.5401,-8.3897,False,SpikeScore = 350–375 -> Spread = 60–70 -> Gul varning = Ja,"[{""variable"":""SpikeScore"",""column"":""spike_score_bucket"",""value"":""350–375""},{""variable"":""Spread"",""column"":""spread_bucket"",""value"":""60–70""},{""variable"":""Gul varning"",""column"":""yellow_warning"",""value"":true}]",5,36.7723,0.3333
1567,spike_score_bucket=350–375 AND spread_bucket=<60 AND yellow_warning=true,spike_score_bucket=350–375 AND spread_bucket=<60,3,15,4,26.6667,28,41.3261,35.0435,-4.2422,-6.2826,False,SpikeScore = 350–375 -> Spread = <60 -> Gul varning = Ja,"[{""variable"":""SpikeScore"",""column"":""spike_score_bucket"",""value"":""350–375""},{""variable"":""Spread"",""column"":""spread_bucket"",""value"":""<60""},{""variable"":""Gul varning"",""column"":""yellow_warning"",""value"":true}]",15,36.7404,0.6
1568,spike_gap_bucket=10–20 AND value_count_bucket=0,value_count_bucket=0,2,15,4,26.6667,118,41.2008,34.9719,-4.3138,-6.2289,False,SpikeGap = 10–20 -> Antal value = 0,"[{""variable"":""SpikeGap"",""column"":""spike_gap_bucket"",""value"":""10–20""},{""variable"":""Antal value"",""column"":""value_count_bucket"",""value"":""0""}]",15,36.6974,0.6
1569,value_count_bucket=1,,1,87,31,35.6322,252,39.2857,36.3151,-2.9706,-2.9706,False,Antal value = 1,"[{""variable"":""Antal value"",""column"":""value_count_bucket"",""value"":""1""}]",87,36.6213,0.8969
1570,score_gap_bucket=10–15 AND spike_score_bucket=325–350 AND value_count_bucket=1,score_gap_bucket=10–15 AND spike_score_bucket=325–350,3,3,0,0.0,7,39.5604,27.6923,-11.5934,-11.8681,False,ScoreGap = 10–15 -> SpikeScore = 325–350 -> Antal value = 1,"[{""variable"":""ScoreGap"",""column"":""score_gap_bucket"",""value"":""10–15""},{""variable"":""SpikeScore"",""column"":""spike_score_bucket"",""value"":""325–350""},{""variable"":""Antal value"",""column"":""value_count_bucket"",""value"":""1""}]",3,36.6103,0.2308
1571,spike_gap_bucket=30–40,,1,30,10,33.3333,252,39.2857,35.7143,-3.5714,-3.5714,False,SpikeGap = 30–40,"[{""variable"":""SpikeGap"",""column"":""spike_gap_bucket"",""value"":""30–40""}]",30,36.6072,0.75
1572,score_gap_bucket=20+ AND spike_gap_bucket=10–20 AND spike_score_bucket=375–400,score_gap_bucket=20+ AND spike_gap_bucket=10–20,3,6,0,0.0,17,43.107,31.8617,-7.424,-11.2453,False,ScoreGap = 20+ -> SpikeGap = 10–20 -> SpikeScore = 375–400,"[{""variable"":""ScoreGap"",""column"":""score_gap_bucket"",""value"":""20+""},{""variable"":""SpikeGap"",""column"":""spike_gap_bucket"",""value"":""10–20""},{""variable"":""SpikeScore"",""column"":""spike_score_bucket"",""value"":""375–400""}]",6,36.5017,0.375
1573,red_warning=false AND spread_bucket=<60,red_warning=false,2,64,22,34.375,204,41.4541,36.0605,-3.2252,-5.3936,False,Röd varning = Nej -> Spread = <60,"[{""variable"":""Röd varning"",""column"":""red_warning"",""value"":false},{""variable"":""Spread"",""column"":""spread_bucket"",""value"":""<60""}]",64,36.4963,0.8649
1574,score_gap_bucket=5–10 AND spike_gap_bucket=40+ AND spread_bucket=<60,score_gap_bucket=5–10 AND spike_gap_bucket=40+,3,7,1,14.2857,15,40.7681,32.3419,-6.9438,-8.4262,False,ScoreGap = 5–10 -> SpikeGap = 40+ -> Spread = <60,"[{""variable"":""ScoreGap"",""column"":""score_gap_bucket"",""value"":""5–10""},{""variable"":""SpikeGap"",""column"":""spike_gap_bucket"",""value"":""40+""},{""variable"":""Spread"",""column"":""spread_bucket"",""value"":""<60""}]",7,36.4265,0.4118
1575,spike_gap_bucket=0–10 AND spike_score_bucket=300–325,spike_gap_bucket=0–10,2,6,0,0.0,43,41.0431,31.5716,-7.7141,-9.4715,False,SpikeGap = 0–10 -> SpikeScore = 300–325,"[{""variable"":""SpikeGap"",""column"":""spike_gap_bucket"",""value"":""0–10""},{""variable"":""SpikeScore"",""column"":""spike_score_bucket"",""value"":""300–325""}]",6,36.3929,0.375
1576,spike_gap_bucket=20–30 AND spread_bucket=<60 AND value_count_bucket=0,spike_gap_bucket=20–30 AND value_count_bucket=0,3,5,0,0.0,15,40.6862,30.5146,-8.7711,-10.1715,False,SpikeGap = 20–30 -> Spread = <60 -> Antal value = 0,"[{""variable"":""SpikeGap"",""column"":""spike_gap_bucket"",""value"":""20–30""},{""variable"":""Spread"",""column"":""spread_bucket"",""value"":""<60""},{""variable"":""Antal value"",""column"":""value_count_bucket"",""value"":""0""}]",5,36.362,0.3333
1577,race_type=Öppet lopp AND value_count_bucket=0,value_count_bucket=0,2,78,27,34.6154,118,41.2008,35.9593,-3.3264,-5.2415,False,Lopptyp = Öppet lopp -> Antal value = 0,"[{""variable"":""Lopptyp"",""column"":""race_type"",""value"":""Öppet lopp""},{""variable"":""Antal value"",""column"":""value_count_bucket"",""value"":""0""}]",78,36.3373,0.8864
1578,red_warning=false AND spike_gap_bucket=20–30 AND spread_bucket=<60,red_warning=false AND spike_gap_bucket=20–30,3,6,0,0.0,25,40.6463,31.2664,-8.0193,-9.3799,False,Röd varning = Nej -> SpikeGap = 20–30 -> Spread = <60,"[{""variable"":""Röd varning"",""column"":""red_warning"",""value"":false},{""variable"":""SpikeGap"",""column"":""spike_gap_bucket"",""value"":""20–30""},{""variable"":""Spread"",""column"":""spread_bucket"",""value"":""<60""}]",6,36.2785,0.375
1579,race_type=Öppet lopp AND red_warning=false AND spike_gap_bucket=20–30,red_warning=false AND spike_gap_bucket=20–30,3,13,3,23.0769,25,40.6463,33.725,-5.5607,-6.9213,False,Lopptyp = Öppet lopp -> Röd varning = Nej -> SpikeGap = 20–30,"[{""variable"":""Lopptyp"",""column"":""race_type"",""value"":""Öppet lopp""},{""variable"":""Röd varning"",""column"":""red_warning"",""value"":false},{""variable"":""SpikeGap"",""column"":""spike_gap_bucket"",""value"":""20–30""}]",13,36.1427,0.5652
1580,spike_score_bucket=375–400 AND spread_bucket=<60 AND value_count_bucket=0,spread_bucket=<60 AND value_count_bucket=0,3,8,1,12.5,43,40.0637,32.1884,-7.0974,-7.8753,False,SpikeScore = 375–400 -> Spread = <60 -> Antal value = 0,"[{""variable"":""SpikeScore"",""column"":""spike_score_bucket"",""value"":""375–400""},{""variable"":""Spread"",""column"":""spread_bucket"",""value"":""<60""},{""variable"":""Antal value"",""column"":""value_count_bucket"",""value"":""0""}]",8,36.1314,0.4444
1581,spike_gap_bucket=20–30,,1,31,10,32.2581,252,39.2857,35.014,-4.2717,-4.2717,False,SpikeGap = 20–30,"[{""variable"":""SpikeGap"",""column"":""spike_gap_bucket"",""value"":""20–30""}]",31,36.0559,0.7561
1582,race_type=Öppet lopp AND score_gap_bucket=20+ AND spike_gap_bucket=40+ AND spike_score_bucket=375–400 AND yellow_warning=true,race_type=Öppet lopp AND score_gap_bucket=20+ AND spike_gap_bucket=40+ AND spike_score_bucket=375–400,5,4,0,0.0,7,43.4165,27.6287,-11.657,-15.7878,False,Lopptyp = Öppet lopp -> ScoreGap = 20+ -> SpikeGap = 40+ -> SpikeScore = 375–400 -> Gul varning = Ja,"[{""variable"":""Lopptyp"",""column"":""race_type"",""value"":""Öppet lopp""},{""variable"":""ScoreGap"",""column"":""score_gap_bucket"",""value"":""20+""},{""variable"":""SpikeGap"",""column"":""spike_gap_bucket"",""value"":""40+""},{""variable"":""SpikeScore"",""column"":""spike_score_bucket"",""value"":""375–400""},{""variable"":""Gul varning"",""column"":""yellow_warning"",""value"":true}]",4,35.9551,0.2857
1583,spike_gap_bucket=40+ AND spike_score_bucket=375–400 AND spread_bucket=<60,spike_gap_bucket=40+ AND spike_score_bucket=375–400,3,8,1,12.5,29,39.3242,31.6601,-7.6256,-7.6641,False,SpikeGap = 40+ -> SpikeScore = 375–400 -> Spread = <60,"[{""variable"":""SpikeGap"",""column"":""spike_gap_bucket"",""value"":""40+""},{""variable"":""SpikeScore"",""column"":""spike_score_bucket"",""value"":""375–400""},{""variable"":""Spread"",""column"":""spread_bucket"",""value"":""<60""}]",8,35.8966,0.4444
1584,race_type=Öppet lopp AND score_gap_bucket=20+ AND spike_score_bucket=400+ AND spread_bucket=80+ AND yellow_warning=false,race_type=Öppet lopp AND score_gap_bucket=20+ AND spike_score_bucket=400+ AND spread_bucket=80+,5,4,0,0.0,6,45.1872,27.1123,-12.1734,-18.0749,False,Lopptyp = Öppet lopp -> ScoreGap = 20+ -> SpikeScore = 400+ -> Spread = 80+ -> Gul varning = Nej,"[{""variable"":""Lopptyp"",""column"":""race_type"",""value"":""Öppet lopp""},{""variable"":""ScoreGap"",""column"":""score_gap_bucket"",""value"":""20+""},{""variable"":""SpikeScore"",""column"":""spike_score_bucket"",""value"":""400+""},{""variable"":""Spread"",""column"":""spread_bucket"",""value"":""80+""},{""variable"":""Gul varning"",""column"":""yellow_warning"",""value"":false}]",4,35.8076,0.2857
1585,score_gap_bucket=5–10 AND spike_score_bucket=325–350,spike_score_bucket=325–350,2,10,1,10.0,58,43.4066,32.2711,-7.0146,-11.1355,False,ScoreGap = 5–10 -> SpikeScore = 325–350,"[{""variable"":""ScoreGap"",""column"":""score_gap_bucket"",""value"":""5–10""},{""variable"":""SpikeScore"",""column"":""spike_score_bucket"",""value"":""325–350""}]",10,35.7784,0.5
1586,spike_score_bucket=375–400,,1,60,20,33.3333,252,39.2857,34.8214,-4.4643,-4.4643,False,SpikeScore = 375–400,"[{""variable"":""SpikeScore"",""column"":""spike_score_bucket"",""value"":""375–400""}]",60,35.4592,0.8571
1587,race_type=Öppet lopp,,1,156,54,34.6154,252,39.2857,35.1461,-4.1396,-4.1396,False,Lopptyp = Öppet lopp,"[{""variable"":""Lopptyp"",""column"":""race_type"",""value"":""Öppet lopp""}]",156,35.3955,0.9398
1588,race_type=Öppet lopp AND red_warning=false AND spike_gap_bucket=0–10 AND spread_bucket=80+ AND yellow_warning=false,race_type=Öppet lopp AND red_warning=false AND spike_gap_bucket=0–10 AND spread_bucket=80+,5,4,0,0.0,6,42.2877,25.3726,-13.9131,-16.9151,False,Lopptyp = Öppet lopp -> Röd varning = Nej -> SpikeGap = 0–10 -> Spread = 80+ -> Gul varning = Nej,"[{""variable"":""Lopptyp"",""column"":""race_type"",""value"":""Öppet lopp""},{""variable"":""Röd varning"",""column"":""red_warning"",""value"":false},{""variable"":""SpikeGap"",""column"":""spike_gap_bucket"",""value"":""0–10""},{""variable"":""Spread"",""column"":""spread_bucket"",""value"":""80+""},{""variable"":""Gul varning"",""column"":""yellow_warning"",""value"":false}]",4,35.3105,0.2857
1589,score_gap_bucket=10–15 AND spike_score_bucket=325–350 AND yellow_warning=true,score_gap_bucket=10–15 AND spike_score_bucket=325–350,3,4,0,0.0,7,39.5604,25.1748,-14.1109,-14.3856,False,ScoreGap = 10–15 -> SpikeScore = 325–350 -> Gul varning = Ja,"[{""variable"":""ScoreGap"",""column"":""score_gap_bucket"",""value"":""10–15""},{""variable"":""SpikeScore"",""column"":""spike_score_bucket"",""value"":""325–350""},{""variable"":""Gul varning"",""column"":""yellow_warning"",""value"":true}]",4,35.254,0.2857
1590,spike_score_bucket=325–350 AND spread_bucket=<60 AND value_count_bucket=1,spike_score_bucket=325–350 AND spread_bucket=<60,3,12,2,16.6667,29,40.166,31.3537,-7.932,-8.8122,False,SpikeScore = 325–350 -> Spread = <60 -> Antal value = 1,"[{""variable"":""SpikeScore"",""column"":""spike_score_bucket"",""value"":""325–350""},{""variable"":""Spread"",""column"":""spread_bucket"",""value"":""<60""},{""variable"":""Antal value"",""column"":""value_count_bucket"",""value"":""1""}]",12,34.9592,0.5455
1591,red_warning=false AND spike_gap_bucket=30–40,red_warning=false,2,26,7,26.9231,204,41.4541,33.2409,-6.0448,-8.2132,False,Röd varning = Nej -> SpikeGap = 30–40,"[{""variable"":""Röd varning"",""column"":""red_warning"",""value"":false},{""variable"":""SpikeGap"",""column"":""spike_gap_bucket"",""value"":""30–40""}]",26,34.92,0.7222
1592,red_warning=false AND spike_gap_bucket=10–20,red_warning=false,2,29,8,27.5862,204,41.4541,33.2466,-6.0391,-8.2075,False,Röd varning = Nej -> SpikeGap = 10–20,"[{""variable"":""Röd varning"",""column"":""red_warning"",""value"":false},{""variable"":""SpikeGap"",""column"":""spike_gap_bucket"",""value"":""10–20""}]",29,34.7951,0.7436
1593,red_warning=false AND spread_bucket=<60 AND yellow_warning=true,red_warning=false AND yellow_warning=true,3,21,5,23.8095,86,41.7838,32.5775,-6.7083,-9.2063,False,Röd varning = Nej -> Spread = <60 -> Gul varning = Ja,"[{""variable"":""Röd varning"",""column"":""red_warning"",""value"":false},{""variable"":""Spread"",""column"":""spread_bucket"",""value"":""<60""},{""variable"":""Gul varning"",""column"":""yellow_warning"",""value"":true}]",21,34.7414,0.6774
1594,spike_gap_bucket=30–40 AND value_count_bucket=0,value_count_bucket=0,2,18,4,22.2222,118,41.2008,32.2109,-7.0748,-8.9899,False,SpikeGap = 30–40 -> Antal value = 0,"[{""variable"":""SpikeGap"",""column"":""spike_gap_bucket"",""value"":""30–40""},{""variable"":""Antal value"",""column"":""value_count_bucket"",""value"":""0""}]",18,34.7376,0.6429
1595,score_gap_bucket=0–5,,1,42,13,30.9524,252,39.2857,33.6406,-5.6452,-5.6452,False,ScoreGap = 0–5,"[{""variable"":""ScoreGap"",""column"":""score_gap_bucket"",""value"":""0–5""}]",42,34.7262,0.8077
1596,race_type=Öppet lopp AND spike_gap_bucket=20–30 AND value_count_bucket=0,spike_gap_bucket=20–30 AND value_count_bucket=0,3,9,1,11.1111,15,40.6862,29.5955,-9.6902,-11.0907,False,Lopptyp = Öppet lopp -> SpikeGap = 20–30 -> Antal value = 0,"[{""variable"":""Lopptyp"",""column"":""race_type"",""value"":""Öppet lopp""},{""variable"":""SpikeGap"",""column"":""spike_gap_bucket"",""value"":""20–30""},{""variable"":""Antal value"",""column"":""value_count_bucket"",""value"":""0""}]",9,34.6956,0.4737
1597,spike_score_bucket=375–400 AND value_count_bucket=0,value_count_bucket=0,2,32,9,28.125,118,41.2008,33.1542,-6.1316,-8.0466,False,SpikeScore = 375–400 -> Antal value = 0,"[{""variable"":""SpikeScore"",""column"":""spike_score_bucket"",""value"":""375–400""},{""variable"":""Antal value"",""column"":""value_count_bucket"",""value"":""0""}]",32,34.6141,0.7619
1598,red_warning=false AND spike_score_bucket=375–400,red_warning=false,2,55,17,30.9091,204,41.4541,33.7211,-5.5646,-7.733,False,Röd varning = Nej -> SpikeScore = 375–400,"[{""variable"":""Röd varning"",""column"":""red_warning"",""value"":false},{""variable"":""SpikeScore"",""column"":""spike_score_bucket"",""value"":""375–400""}]",55,34.5772,0.8462
1599,spike_gap_bucket=40+ AND spread_bucket=<60 AND yellow_warning=true,spike_gap_bucket=40+ AND yellow_warning=true,3,19,4,21.0526,54,42.2552,31.9257,-7.36,-10.3295,False,SpikeGap = 40+ -> Spread = <60 -> Gul varning = Ja,"[{""variable"":""SpikeGap"",""column"":""spike_gap_bucket"",""value"":""40+""},{""variable"":""Spread"",""column"":""spread_bucket"",""value"":""<60""},{""variable"":""Gul varning"",""column"":""yellow_warning"",""value"":true}]",19,34.4636,0.6552
1600,race_type=Öppet lopp AND red_warning=false AND spike_score_bucket=400+ AND spread_bucket=80+ AND yellow_warning=false,race_type=Öppet lopp AND red_warning=false AND spike_score_bucket=400+ AND spread_bucket=80+,5,5,0,0.0,7,41.8946,24.4385,-14.8472,-17.4561,False,Lopptyp = Öppet lopp -> Röd varning = Nej -> SpikeScore = 400+ -> Spread = 80+ -> Gul varning = Nej,"[{""variable"":""Lopptyp"",""column"":""race_type"",""value"":""Öppet lopp""},{""variable"":""Röd varning"",""column"":""red_warning"",""value"":false},{""variable"":""SpikeScore"",""column"":""spike_score_bucket"",""value"":""400+""},{""variable"":""Spread"",""column"":""spread_bucket"",""value"":""80+""},{""variable"":""Gul varning"",""column"":""yellow_warning"",""value"":false}]",5,34.3366,0.3333
1601,red_warning=true,,1,48,14,29.1667,252,39.2857,32.1429,-7.1429,-7.1429,False,Röd varning = Ja,"[{""variable"":""Röd varning"",""column"":""red_warning"",""value"":true}]",48,33.3744,0.8276
1602,race_type=Öppet lopp AND spike_score_bucket=400+ AND yellow_warning=false,race_type=Öppet lopp AND spike_score_bucket=400+,3,7,0,0.0,12,39.395,24.8811,-14.4047,-14.5139,False,Lopptyp = Öppet lopp -> SpikeScore = 400+ -> Gul varning = Nej,"[{""variable"":""Lopptyp"",""column"":""race_type"",""value"":""Öppet lopp""},{""variable"":""SpikeScore"",""column"":""spike_score_bucket"",""value"":""400+""},{""variable"":""Gul varning"",""column"":""yellow_warning"",""value"":false}]",7,33.3544,0.4118
1603,spike_score_bucket=325–350 AND spread_bucket=<60 AND yellow_warning=true,spike_score_bucket=325–350 AND spread_bucket=<60,3,17,3,17.6471,29,40.166,29.8195,-9.4663,-10.3465,False,SpikeScore = 325–350 -> Spread = <60 -> Gul varning = Ja,"[{""variable"":""SpikeScore"",""column"":""spike_score_bucket"",""value"":""325–350""},{""variable"":""Spread"",""column"":""spread_bucket"",""value"":""<60""},{""variable"":""Gul varning"",""column"":""yellow_warning"",""value"":true}]",17,33.3255,0.6296
1604,spread_bucket=<60,,1,93,29,31.1828,252,39.2857,32.6169,-6.6688,-6.6688,False,Spread = <60,"[{""variable"":""Spread"",""column"":""spread_bucket"",""value"":""<60""}]",93,33.2644,0.9029
1605,score_gap_bucket=5–10,,1,40,11,27.5,252,39.2857,31.4286,-7.8571,-7.8571,False,ScoreGap = 5–10,"[{""variable"":""ScoreGap"",""column"":""score_gap_bucket"",""value"":""5–10""}]",40,33.0,0.8
1606,spike_score_bucket=<300,,1,19,3,15.7895,252,39.2857,27.8388,-11.4469,-11.4469,False,SpikeScore = <300,"[{""variable"":""SpikeScore"",""column"":""spike_score_bucket"",""value"":""<300""}]",19,31.786,0.6552
1607,spike_gap_bucket=10–20,,1,41,10,24.3902,252,39.2857,29.274,-10.0117,-10.0117,False,SpikeGap = 10–20,"[{""variable"":""SpikeGap"",""column"":""spike_gap_bucket"",""value"":""10–20""}]",41,31.2371,0.8039
